"lesson","concept","skill","objective","before_templates","after_templates","before_dedicated","after_dedicated","before_quick","after_quick","after_reused","recognition","production","reasoning","authored","variants","generators","interaction","input","grading","activation","single_fixed","baseline_library_lessons"
"asymptotic-growth","algorithm-lower-bound","prove","","1","1","0","0","0","0","1","0","0","1","0","0","0","high","handwriting;math-text;photo","open-reasoning","algorithm-lower-bound","true","asymptotic-growth"
"asymptotic-growth","asymptotic-rules","prove","","3","3","0","0","0","0","3","0","0","3","0","0","0","high","handwriting;math-text;photo","open-reasoning","asymptotic-rules","false","asymptotic-growth"
"asymptotic-growth","big-o","counterexample","","1","1","0","0","0","0","1","0","1","0","0","0","0","high","handwriting;math-text;photo","open-reasoning","big-o","true","asymptotic-growth"
"asymptotic-growth","big-o","justify","","1","1","0","0","0","0","1","0","0","1","0","0","0","high","handwriting;math-text;photo","open-reasoning","big-o","true","asymptotic-growth"
"asymptotic-growth","big-o","prove","","5","5","0","0","0","0","5","0","0","5","0","0","0","high","handwriting;math-text;photo","open-reasoning","big-o","false","asymptotic-growth"
"asymptotic-growth","big-o","recognize","","1","1","0","0","1","1","1","1","0","0","0","0","0","low","tap","choice","big-o","true","asymptotic-growth"
"asymptotic-growth","big-omega-theta","interpret","fixed-asymptotic-constants","0","1","0","1","0","1","0","1","0","0","1","2","0","low","tap","choice","big-omega-theta","false",""
"asymptotic-growth","big-omega-theta","justify","graph-scan-growth-transfer","0","1","0","1","0","0","0","0","0","1","1","2","0","high","math-text","open-reasoning","big-omega-theta","false",""
"asymptotic-growth","big-omega-theta","prove","","6","6","0","0","0","0","6","0","0","6","0","0","0","high","handwriting;math-text;photo","open-reasoning","big-omega-theta","false","asymptotic-growth"
"asymptotic-growth","big-omega-theta","recall","asymptotic-bound-directions","0","1","0","1","0","1","0","1","0","0","1","3","0","low","tap","choice","big-omega-theta","false",""
"asymptotic-growth","big-omega-theta","recognize","","1","1","0","0","1","1","1","1","0","0","0","0","0","low","tap","choice","big-omega-theta","true","asymptotic-growth"
"asymptotic-growth","case-complexity","compute","","1","1","0","0","0","0","1","0","1","0","0","0","0","low","math-text","structured","case-complexity","true","asymptotic-growth"
"asymptotic-growth","case-complexity","interpret","","2","2","0","0","2","2","2","2","0","0","0","0","0","low","tap","structured","case-complexity","false","asymptotic-growth"
"asymptotic-growth","case-complexity","recall","worst-case-term","0","1","0","1","0","1","0","0","1","0","0","0","0","low","short-text","structured","case-complexity","true",""
"asymptotic-growth","case-complexity","recognize","","2","2","0","0","2","2","2","2","0","0","0","0","0","low","tap","choice","case-complexity","false","asymptotic-growth"
"asymptotic-growth","cost-model","analyze","","1","1","0","0","0","0","1","0","1","0","0","0","0","high","handwriting;math-text;photo","open-reasoning","cost-model","true","asymptotic-growth"
"asymptotic-growth","cost-model","compute","","2","2","0","0","0","0","2","0","2","0","0","0","0","low","math-text;tap","structured","cost-model","false","asymptotic-growth"
"asymptotic-growth","cost-model","justify","","1","1","0","0","0","0","1","0","0","1","0","0","0","high","handwriting;math-text;photo","open-reasoning","cost-model","true","asymptotic-growth"
"asymptotic-growth","divide-conquer-recurrence","compute","","3","3","0","0","0","0","3","0","3","0","0","0","0","low;medium","math-text;tap","structured","divide-conquer-recurrence","false","asymptotic-growth"
"asymptotic-growth","growth-comparison","compare","","1","1","0","0","1","1","1","0","1","0","0","0","0","low","short-text","structured","growth-comparison","true","asymptotic-growth"
"asymptotic-growth","growth-comparison","prove","","6","6","0","0","0","0","6","0","0","6","0","0","0","high","handwriting;math-text;photo","open-reasoning","growth-comparison","false","asymptotic-growth"
"asymptotic-growth","little-o","prove","","4","4","0","0","0","0","4","0","0","4","0","0","0","high","handwriting;math-text;photo","open-reasoning","little-o","false","asymptotic-growth"
"asymptotic-growth","little-o","recognize","dominant-growth-class","0","1","0","1","0","1","0","1","0","0","1","3","0","low","tap","choice","little-o","false",""
"asymptotic-growth","loop-counting","compute","","13","13","0","0","0","0","13","0","13","0","0","0","0","low","math-text;tap","structured","loop-counting","false","asymptotic-growth"
"asymptotic-growth","loop-counting","interpret","exact-count-versus-growth","0","1","0","1","0","1","0","1","0","0","1","2","0","low","tap","choice","loop-counting","false",""
"calculus-antiderivatives-ftc","calculus-antiderivatives-ftc-antiderivatives-and-the-missing-constant","compute","","8","8","0","0","0","0","8","0","8","0","0","0","0","low","math-text","structured","calculus-antiderivatives-ftc-antiderivatives-and-the-missing-constant","false","calculus-antiderivatives-ftc"
"calculus-antiderivatives-ftc","calculus-antiderivatives-ftc-antiderivatives-and-the-missing-constant","compute","calculus-antiderivatives-ftc-antiderivatives-and-the-missing-constant-compute-production","1","1","1","1","0","0","0","0","1","0","1","3","0","low","math-text","structured","calculus-antiderivatives-ftc-antiderivatives-and-the-missing-constant","false","calculus-antiderivatives-ftc"
"calculus-antiderivatives-ftc","calculus-antiderivatives-ftc-antiderivatives-and-the-missing-constant","construct","","1","1","0","0","0","0","1","0","1","0","0","0","0","high","handwriting;math-text;photo","open-reasoning","calculus-antiderivatives-ftc-antiderivatives-and-the-missing-constant","true","calculus-antiderivatives-ftc"
"calculus-antiderivatives-ftc","calculus-antiderivatives-ftc-antiderivatives-and-the-missing-constant","justify","","1","1","0","0","0","0","1","0","0","1","0","0","0","high","handwriting;math-text;photo","open-reasoning","calculus-antiderivatives-ftc-antiderivatives-and-the-missing-constant","true","calculus-antiderivatives-ftc"
"calculus-antiderivatives-ftc","calculus-antiderivatives-ftc-antiderivatives-and-the-missing-constant","recognize","","1","1","0","0","1","1","1","1","0","0","0","0","0","low","tap","choice","calculus-antiderivatives-ftc-antiderivatives-and-the-missing-constant","true","calculus-antiderivatives-ftc"
"calculus-antiderivatives-ftc","calculus-antiderivatives-ftc-changing-bounds-and-checking-the-model","compute","","8","8","0","0","0","0","8","0","8","0","0","0","0","low","math-text","structured","calculus-antiderivatives-ftc-changing-bounds-and-checking-the-model","false","calculus-antiderivatives-ftc"
"calculus-antiderivatives-ftc","calculus-antiderivatives-ftc-changing-bounds-and-checking-the-model","compute","calculus-antiderivatives-ftc-changing-bounds-and-checking-the-model-compute-production","1","1","1","1","0","0","0","0","1","0","1","2","0","low","math-text","structured","calculus-antiderivatives-ftc-changing-bounds-and-checking-the-model","false","calculus-antiderivatives-ftc"
"calculus-antiderivatives-ftc","calculus-antiderivatives-ftc-changing-bounds-and-checking-the-model","interpret","calculus-antiderivatives-ftc-changing-bounds-and-checking-the-model-interpret-reasoning","1","1","1","1","0","0","0","0","0","1","0","0","0","medium","handwriting;math-text;photo","open-reasoning","calculus-antiderivatives-ftc-changing-bounds-and-checking-the-model","true","calculus-antiderivatives-ftc"
"calculus-antiderivatives-ftc","calculus-antiderivatives-ftc-changing-bounds-and-checking-the-model","justify","","2","2","0","0","0","0","2","0","0","2","0","0","0","high","handwriting;math-text;photo","open-reasoning","calculus-antiderivatives-ftc-changing-bounds-and-checking-the-model","false","calculus-antiderivatives-ftc"
"calculus-antiderivatives-ftc","calculus-antiderivatives-ftc-differentiating-accumulated-area","compute","","8","8","0","0","0","0","8","0","8","0","0","0","0","low","math-text","structured","calculus-antiderivatives-ftc-differentiating-accumulated-area","false","calculus-antiderivatives-ftc"
"calculus-antiderivatives-ftc","calculus-antiderivatives-ftc-differentiating-accumulated-area","compute","calculus-antiderivatives-ftc-differentiating-accumulated-area-compute-production","1","1","1","1","0","0","0","0","1","0","1","2","0","low","math-text","structured","calculus-antiderivatives-ftc-differentiating-accumulated-area","false","calculus-antiderivatives-ftc"
"calculus-antiderivatives-ftc","calculus-antiderivatives-ftc-differentiating-accumulated-area","justify","","2","2","0","0","0","0","2","0","0","2","0","0","0","high","handwriting;math-text;photo","open-reasoning","calculus-antiderivatives-ftc-differentiating-accumulated-area","false","calculus-antiderivatives-ftc"
"calculus-antiderivatives-ftc","calculus-antiderivatives-ftc-differentiating-accumulated-area","justify","calculus-antiderivatives-ftc-differentiating-accumulated-area-justify-reasoning","1","1","1","1","0","0","0","0","0","1","0","0","0","medium","handwriting;math-text;photo","open-reasoning","calculus-antiderivatives-ftc-differentiating-accumulated-area","true","calculus-antiderivatives-ftc"
"calculus-antiderivatives-ftc","calculus-antiderivatives-ftc-evaluating-definite-integrals","compute","","8","8","0","0","0","0","8","0","8","0","0","0","0","low","math-text","structured","calculus-antiderivatives-ftc-evaluating-definite-integrals","false","calculus-antiderivatives-ftc"
"calculus-antiderivatives-ftc","calculus-antiderivatives-ftc-evaluating-definite-integrals","compute","calculus-antiderivatives-ftc-evaluating-definite-integrals-compute-production","1","1","1","1","0","0","0","0","1","0","1","3","0","low","math-text","structured","calculus-antiderivatives-ftc-evaluating-definite-integrals","false","calculus-antiderivatives-ftc"
"calculus-antiderivatives-ftc","calculus-antiderivatives-ftc-evaluating-definite-integrals","justify","","2","2","0","0","0","0","2","0","0","2","0","0","0","high","handwriting;math-text;photo","open-reasoning","calculus-antiderivatives-ftc-evaluating-definite-integrals","false","calculus-antiderivatives-ftc"
"calculus-antiderivatives-ftc","calculus-antiderivatives-ftc-evaluating-definite-integrals","recognize","","1","1","0","0","1","1","1","1","0","0","0","0","0","low","tap","choice","calculus-antiderivatives-ftc-evaluating-definite-integrals","true","calculus-antiderivatives-ftc"
"calculus-antiderivatives-ftc","calculus-antiderivatives-ftc-substitution-reverses-the-chain-rule","compute","","8","8","0","0","0","0","8","0","8","0","0","0","0","low","math-text","structured","calculus-antiderivatives-ftc-substitution-reverses-the-chain-rule","false","calculus-antiderivatives-ftc"
"calculus-antiderivatives-ftc","calculus-antiderivatives-ftc-substitution-reverses-the-chain-rule","compute","calculus-antiderivatives-ftc-substitution-reverses-the-chain-rule-compute-production","1","1","1","1","0","0","0","0","1","0","1","3","0","low","math-text","structured","calculus-antiderivatives-ftc-substitution-reverses-the-chain-rule","false","calculus-antiderivatives-ftc"
"calculus-antiderivatives-ftc","calculus-antiderivatives-ftc-substitution-reverses-the-chain-rule","justify","","2","2","0","0","0","0","2","0","0","2","0","0","0","high","handwriting;math-text;photo","open-reasoning","calculus-antiderivatives-ftc-substitution-reverses-the-chain-rule","false","calculus-antiderivatives-ftc"
"calculus-applications-integration","calculus-applications-integration-area-between-curves","compute","","8","8","0","0","0","0","8","0","8","0","0","0","0","low","math-text","structured","calculus-applications-integration-area-between-curves","false","calculus-applications-integration"
"calculus-applications-integration","calculus-applications-integration-area-between-curves","compute","calculus-applications-integration-area-between-curves-compute-production","1","1","1","1","0","0","0","0","1","0","1","2","0","low","math-text","structured","calculus-applications-integration-area-between-curves","false","calculus-applications-integration"
"calculus-applications-integration","calculus-applications-integration-area-between-curves","interpret","","1","1","0","0","0","0","1","1","0","0","0","0","0","high","handwriting;math-text;photo","open-reasoning","calculus-applications-integration-area-between-curves","true","calculus-applications-integration"
"calculus-applications-integration","calculus-applications-integration-area-between-curves","justify","","1","1","0","0","0","0","1","0","0","1","0","0","0","high","handwriting;math-text;photo","open-reasoning","calculus-applications-integration-area-between-curves","true","calculus-applications-integration"
"calculus-applications-integration","calculus-applications-integration-area-between-curves","justify","calculus-applications-integration-area-between-curves-justify-reasoning","1","1","1","1","0","0","0","0","0","1","0","0","0","medium","handwriting;math-text;photo","open-reasoning","calculus-applications-integration-area-between-curves","true","calculus-applications-integration"
"calculus-applications-integration","calculus-applications-integration-area-between-curves","recognize","","1","1","0","0","1","1","1","1","0","0","0","0","0","low","tap","choice","calculus-applications-integration-area-between-curves","true","calculus-applications-integration"
"calculus-applications-integration","calculus-applications-integration-average-value-and-representative-levels","compute","","8","8","0","0","0","0","8","0","8","0","0","0","0","low","math-text","structured","calculus-applications-integration-average-value-and-representative-levels","false","calculus-applications-integration"
"calculus-applications-integration","calculus-applications-integration-average-value-and-representative-levels","compute","calculus-applications-integration-average-value-and-representative-levels-compute-production","1","1","1","1","0","0","0","0","1","0","1","2","0","low","math-text","structured","calculus-applications-integration-average-value-and-representative-levels","false","calculus-applications-integration"
"calculus-applications-integration","calculus-applications-integration-average-value-and-representative-levels","construct","","1","1","0","0","0","0","1","0","1","0","0","0","0","high","handwriting;math-text;photo","open-reasoning","calculus-applications-integration-average-value-and-representative-levels","true","calculus-applications-integration"
"calculus-applications-integration","calculus-applications-integration-average-value-and-representative-levels","interpret","calculus-applications-integration-average-value-and-representative-levels-interpret-reasoning","1","1","1","1","0","0","0","0","0","1","0","0","0","medium","handwriting;math-text;photo","open-reasoning","calculus-applications-integration-average-value-and-representative-levels","true","calculus-applications-integration"
"calculus-applications-integration","calculus-applications-integration-average-value-and-representative-levels","prove","","1","1","0","0","0","0","1","0","0","1","0","0","0","high","handwriting;math-text;photo","open-reasoning","calculus-applications-integration-average-value-and-representative-levels","true","calculus-applications-integration"
"calculus-applications-integration","calculus-applications-integration-density-and-work-from-variable-contributions","compute","","8","8","0","0","0","0","8","0","8","0","0","0","0","low","math-text","structured","calculus-applications-integration-density-and-work-from-variable-contributions","false","calculus-applications-integration"
"calculus-applications-integration","calculus-applications-integration-density-and-work-from-variable-contributions","compute","calculus-applications-integration-density-and-work-from-variable-contributions-compute-production","1","1","1","1","0","0","0","0","1","0","1","3","0","low","math-text","structured","calculus-applications-integration-density-and-work-from-variable-contributions","false","calculus-applications-integration"
"calculus-applications-integration","calculus-applications-integration-density-and-work-from-variable-contributions","interpret","","1","1","0","0","0","0","1","1","0","0","0","0","0","high","handwriting;math-text;photo","open-reasoning","calculus-applications-integration-density-and-work-from-variable-contributions","true","calculus-applications-integration"
"calculus-applications-integration","calculus-applications-integration-density-and-work-from-variable-contributions","justify","","1","1","0","0","0","0","1","0","0","1","0","0","0","high","handwriting;math-text;photo","open-reasoning","calculus-applications-integration-density-and-work-from-variable-contributions","true","calculus-applications-integration"
"calculus-applications-integration","calculus-applications-integration-net-change-and-model-interpretation","compute","","8","8","0","0","0","0","8","0","8","0","0","0","0","low","math-text","structured","calculus-applications-integration-net-change-and-model-interpretation","false","calculus-applications-integration"
"calculus-applications-integration","calculus-applications-integration-net-change-and-model-interpretation","compute","calculus-applications-integration-net-change-and-model-interpretation-compute-production","1","1","1","1","0","0","0","0","1","0","1","2","0","low","math-text","structured","calculus-applications-integration-net-change-and-model-interpretation","false","calculus-applications-integration"
"calculus-applications-integration","calculus-applications-integration-net-change-and-model-interpretation","interpret","","1","1","0","0","0","0","1","1","0","0","0","0","0","high","handwriting;math-text;photo","open-reasoning","calculus-applications-integration-net-change-and-model-interpretation","true","calculus-applications-integration"
"calculus-applications-integration","calculus-applications-integration-net-change-and-model-interpretation","interpret","calculus-applications-integration-net-change-and-model-interpretation-interpret-reasoning","1","1","1","1","0","0","0","0","0","1","0","0","0","medium","handwriting;math-text;photo","open-reasoning","calculus-applications-integration-net-change-and-model-interpretation","true","calculus-applications-integration"
"calculus-applications-integration","calculus-applications-integration-net-change-and-model-interpretation","justify","","1","1","0","0","0","0","1","0","0","1","0","0","0","high","handwriting;math-text;photo","open-reasoning","calculus-applications-integration-net-change-and-model-interpretation","true","calculus-applications-integration"
"calculus-applications-integration","calculus-applications-integration-volumes-from-slices-disks-and-washers","compute","","8","8","0","0","0","0","8","0","8","0","0","0","0","low","math-text","structured","calculus-applications-integration-volumes-from-slices-disks-and-washers","false","calculus-applications-integration"
"calculus-applications-integration","calculus-applications-integration-volumes-from-slices-disks-and-washers","compute","calculus-applications-integration-volumes-from-slices-disks-and-washers-compute-production","1","1","1","1","0","0","0","0","1","0","1","2","0","low","math-text","structured","calculus-applications-integration-volumes-from-slices-disks-and-washers","false","calculus-applications-integration"
"calculus-applications-integration","calculus-applications-integration-volumes-from-slices-disks-and-washers","justify","","1","1","0","0","0","0","1","0","0","1","0","0","0","high","handwriting;math-text;photo","open-reasoning","calculus-applications-integration-volumes-from-slices-disks-and-washers","true","calculus-applications-integration"
"calculus-applications-integration","calculus-applications-integration-volumes-from-slices-disks-and-washers","justify","calculus-applications-integration-volumes-from-slices-disks-and-washers-justify-reasoning","1","1","1","1","0","0","0","0","0","1","0","0","0","medium","handwriting;math-text;photo","open-reasoning","calculus-applications-integration-volumes-from-slices-disks-and-washers","true","calculus-applications-integration"
"calculus-applications-integration","calculus-applications-integration-volumes-from-slices-disks-and-washers","prove","","1","1","0","0","0","0","1","0","0","1","0","0","0","high","handwriting;math-text;photo","open-reasoning","calculus-applications-integration-volumes-from-slices-disks-and-washers","true","calculus-applications-integration"
"calculus-applications-integration","calculus-applications-integration-volumes-from-slices-disks-and-washers","recognize","","1","1","0","0","1","1","1","1","0","0","0","0","0","low","tap","choice","calculus-applications-integration-volumes-from-slices-disks-and-washers","true","calculus-applications-integration"
"calculus-chain-implicit-inverse","calculus-chain-implicit-inverse-composition-and-local-rate-multiplication","compute","","8","8","0","0","0","0","8","0","8","0","0","0","0","low","math-text","structured","calculus-chain-implicit-inverse-composition-and-local-rate-multiplication","false","calculus-chain-implicit-inverse"
"calculus-chain-implicit-inverse","calculus-chain-implicit-inverse-composition-and-local-rate-multiplication","compute","calculus-chain-implicit-inverse-composition-and-local-rate-multiplication-compute-production","1","1","1","1","0","0","0","0","1","0","1","3","0","low","math-text","structured","calculus-chain-implicit-inverse-composition-and-local-rate-multiplication","false","calculus-chain-implicit-inverse"
"calculus-chain-implicit-inverse","calculus-chain-implicit-inverse-composition-and-local-rate-multiplication","justify","","2","2","0","0","0","0","2","0","0","2","0","0","0","high","handwriting;math-text;photo","open-reasoning","calculus-chain-implicit-inverse-composition-and-local-rate-multiplication","false","calculus-chain-implicit-inverse"
"calculus-chain-implicit-inverse","calculus-chain-implicit-inverse-composition-and-local-rate-multiplication","recognize","","1","1","0","0","1","1","1","1","0","0","0","0","0","low","tap","choice","calculus-chain-implicit-inverse-composition-and-local-rate-multiplication","true","calculus-chain-implicit-inverse"
"calculus-chain-implicit-inverse","calculus-chain-implicit-inverse-implicit-differentiation-of-curves","compute","","8","8","0","0","0","0","8","0","8","0","0","0","0","low","math-text","structured","calculus-chain-implicit-inverse-implicit-differentiation-of-curves","false","calculus-chain-implicit-inverse"
"calculus-chain-implicit-inverse","calculus-chain-implicit-inverse-implicit-differentiation-of-curves","compute","calculus-chain-implicit-inverse-implicit-differentiation-of-curves-compute-production","1","1","1","1","0","0","0","0","1","0","1","3","0","low","math-text","structured","calculus-chain-implicit-inverse-implicit-differentiation-of-curves","false","calculus-chain-implicit-inverse"
"calculus-chain-implicit-inverse","calculus-chain-implicit-inverse-implicit-differentiation-of-curves","justify","","2","2","0","0","0","0","2","0","0","2","0","0","0","high","handwriting;math-text;photo","open-reasoning","calculus-chain-implicit-inverse-implicit-differentiation-of-curves","false","calculus-chain-implicit-inverse"
"calculus-chain-implicit-inverse","calculus-chain-implicit-inverse-implicit-differentiation-of-curves","recognize","","1","1","0","0","1","1","1","1","0","0","0","0","0","low","tap","choice","calculus-chain-implicit-inverse-implicit-differentiation-of-curves","true","calculus-chain-implicit-inverse"
"calculus-chain-implicit-inverse","calculus-chain-implicit-inverse-inverse-trigonometric-derivatives","compute","","8","8","0","0","0","0","8","0","8","0","0","0","0","low","math-text","structured","calculus-chain-implicit-inverse-inverse-trigonometric-derivatives","false","calculus-chain-implicit-inverse"
"calculus-chain-implicit-inverse","calculus-chain-implicit-inverse-inverse-trigonometric-derivatives","compute","calculus-chain-implicit-inverse-inverse-trigonometric-derivatives-compute-production","1","1","1","1","0","0","0","0","1","0","1","3","0","low","math-text","structured","calculus-chain-implicit-inverse-inverse-trigonometric-derivatives","false","calculus-chain-implicit-inverse"
"calculus-chain-implicit-inverse","calculus-chain-implicit-inverse-inverse-trigonometric-derivatives","justify","","1","1","0","0","0","0","1","0","0","1","0","0","0","high","handwriting;math-text;photo","open-reasoning","calculus-chain-implicit-inverse-inverse-trigonometric-derivatives","true","calculus-chain-implicit-inverse"
"calculus-chain-implicit-inverse","calculus-chain-implicit-inverse-inverse-trigonometric-derivatives","prove","","1","1","0","0","0","0","1","0","0","1","0","0","0","high","handwriting;math-text;photo","open-reasoning","calculus-chain-implicit-inverse-inverse-trigonometric-derivatives","true","calculus-chain-implicit-inverse"
"calculus-chain-implicit-inverse","calculus-chain-implicit-inverse-nested-rules-and-angle-conversion","compute","","8","8","0","0","0","0","8","0","8","0","0","0","0","low","math-text","structured","calculus-chain-implicit-inverse-nested-rules-and-angle-conversion","false","calculus-chain-implicit-inverse"
"calculus-chain-implicit-inverse","calculus-chain-implicit-inverse-nested-rules-and-angle-conversion","compute","calculus-chain-implicit-inverse-nested-rules-and-angle-conversion-compute-production","1","1","1","1","0","0","0","0","1","0","1","3","0","low","math-text","structured","calculus-chain-implicit-inverse-nested-rules-and-angle-conversion","false","calculus-chain-implicit-inverse"
"calculus-chain-implicit-inverse","calculus-chain-implicit-inverse-nested-rules-and-angle-conversion","justify","","2","2","0","0","0","0","2","0","0","2","0","0","0","high","handwriting;math-text;photo","open-reasoning","calculus-chain-implicit-inverse-nested-rules-and-angle-conversion","false","calculus-chain-implicit-inverse"
"calculus-chain-implicit-inverse","calculus-chain-implicit-inverse-rates-of-inverse-functions","compute","","6","6","0","0","0","0","6","0","6","0","0","0","0","low","math-text","structured","calculus-chain-implicit-inverse-rates-of-inverse-functions","false","calculus-chain-implicit-inverse"
"calculus-chain-implicit-inverse","calculus-chain-implicit-inverse-rates-of-inverse-functions","compute","calculus-chain-implicit-inverse-rates-of-inverse-functions-compute-production","1","1","1","1","0","0","0","0","1","0","1","3","0","low","math-text","structured","calculus-chain-implicit-inverse-rates-of-inverse-functions","false","calculus-chain-implicit-inverse"
"calculus-chain-implicit-inverse","calculus-chain-implicit-inverse-rates-of-inverse-functions","interpret","","2","2","0","0","2","2","2","2","0","0","0","0","0","low","tap","structured","calculus-chain-implicit-inverse-rates-of-inverse-functions","false","calculus-chain-implicit-inverse"
"calculus-chain-implicit-inverse","calculus-chain-implicit-inverse-rates-of-inverse-functions","justify","","1","1","0","0","0","0","1","0","0","1","0","0","0","high","handwriting;math-text;photo","open-reasoning","calculus-chain-implicit-inverse-rates-of-inverse-functions","true","calculus-chain-implicit-inverse"
"calculus-chain-implicit-inverse","calculus-chain-implicit-inverse-rates-of-inverse-functions","prove","","1","1","0","0","0","0","1","0","0","1","0","0","0","high","handwriting;math-text;photo","open-reasoning","calculus-chain-implicit-inverse-rates-of-inverse-functions","true","calculus-chain-implicit-inverse"
"calculus-constrained-optimization","calculus-constrained-optimization-compare-all-candidates-and-boundaries","compute","","5","5","0","0","0","0","5","0","5","0","0","0","0","low","math-text","structured","calculus-constrained-optimization-compare-all-candidates-and-boundaries","false","calculus-constrained-optimization"
"calculus-constrained-optimization","calculus-constrained-optimization-compare-all-candidates-and-boundaries","compute","calculus-constrained-optimization-compare-all-candidates-and-boundaries-compute-production","1","1","1","1","0","0","0","0","1","0","1","3","0","low","math-text","structured","calculus-constrained-optimization-compare-all-candidates-and-boundaries","false","calculus-constrained-optimization"
"calculus-constrained-optimization","calculus-constrained-optimization-compare-all-candidates-and-boundaries","interpret","","2","2","0","0","0","0","2","0","2","0","0","0","0","low","math-text","structured","calculus-constrained-optimization-compare-all-candidates-and-boundaries","false","calculus-constrained-optimization"
"calculus-constrained-optimization","calculus-constrained-optimization-compare-all-candidates-and-boundaries","justify","","1","1","0","0","0","0","1","0","0","1","0","0","0","high","handwriting;math-text;photo","open-reasoning","calculus-constrained-optimization-compare-all-candidates-and-boundaries","true","calculus-constrained-optimization"
"calculus-constrained-optimization","calculus-constrained-optimization-optimize-over-the-feasible-set","compute","","4","4","0","0","0","0","4","0","4","0","0","0","0","low","math-text","structured","calculus-constrained-optimization-optimize-over-the-feasible-set","false","calculus-constrained-optimization"
"calculus-constrained-optimization","calculus-constrained-optimization-optimize-over-the-feasible-set","compute","calculus-constrained-optimization-optimize-over-the-feasible-set-compute-production","1","1","1","1","0","0","0","0","1","0","0","0","0","low","math-text","structured","calculus-constrained-optimization-optimize-over-the-feasible-set","true","calculus-constrained-optimization"
"calculus-constrained-optimization","calculus-constrained-optimization-optimize-over-the-feasible-set","interpret","","4","4","0","0","4","4","4","4","0","0","0","0","0","low","tap","structured","calculus-constrained-optimization-optimize-over-the-feasible-set","false","calculus-constrained-optimization"
"calculus-constrained-optimization","calculus-constrained-optimization-optimize-over-the-feasible-set","interpret","calculus-constrained-optimization-optimize-over-the-feasible-set-interpret-recognition","1","1","1","1","1","1","0","1","0","0","0","0","0","low","tap","structured","calculus-constrained-optimization-optimize-over-the-feasible-set","true","calculus-constrained-optimization"
"calculus-constrained-optimization","calculus-constrained-optimization-optimize-over-the-feasible-set","justify","","2","2","0","0","0","0","2","0","0","2","0","0","0","high","handwriting;math-text;photo","open-reasoning","calculus-constrained-optimization-optimize-over-the-feasible-set","false","calculus-constrained-optimization"
"calculus-constrained-optimization","calculus-constrained-optimization-optimize-over-the-feasible-set","justify","calculus-constrained-optimization-optimize-over-the-feasible-set-justify-reasoning","1","1","1","1","0","0","0","0","0","1","0","0","0","medium","handwriting;math-text;photo","open-reasoning","calculus-constrained-optimization-optimize-over-the-feasible-set","true","calculus-constrained-optimization"
"calculus-constrained-optimization","calculus-constrained-optimization-recognize-singular-constraints-and-modeling-limits","compute","","4","4","0","0","0","0","4","0","4","0","0","0","0","low","math-text","structured","calculus-constrained-optimization-recognize-singular-constraints-and-modeling-limits","false","calculus-constrained-optimization"
"calculus-constrained-optimization","calculus-constrained-optimization-recognize-singular-constraints-and-modeling-limits","interpret","","3","3","0","0","3","3","3","3","0","0","0","0","0","low","tap","structured","calculus-constrained-optimization-recognize-singular-constraints-and-modeling-limits","false","calculus-constrained-optimization"
"calculus-constrained-optimization","calculus-constrained-optimization-recognize-singular-constraints-and-modeling-limits","interpret","calculus-constrained-optimization-recognize-singular-constraints-and-modeling-limits-interpret-recognition","1","1","1","1","1","1","0","1","0","0","1","2","0","low","tap","structured","calculus-constrained-optimization-recognize-singular-constraints-and-modeling-limits","false","calculus-constrained-optimization"
"calculus-constrained-optimization","calculus-constrained-optimization-recognize-singular-constraints-and-modeling-limits","justify","","3","3","0","0","0","0","3","0","0","3","0","0","0","high","handwriting;math-text;photo","open-reasoning","calculus-constrained-optimization-recognize-singular-constraints-and-modeling-limits","false","calculus-constrained-optimization"
"calculus-constrained-optimization","calculus-constrained-optimization-recognize-singular-constraints-and-modeling-limits","justify","calculus-constrained-optimization-recognize-singular-constraints-and-modeling-limits-justify-reasoning","1","1","1","1","0","0","0","0","0","1","0","0","0","medium","handwriting;math-text;photo","open-reasoning","calculus-constrained-optimization-recognize-singular-constraints-and-modeling-limits","true","calculus-constrained-optimization"
"calculus-constrained-optimization","calculus-constrained-optimization-recognize-singular-constraints-and-modeling-limits","recognize","","1","1","0","0","1","1","1","1","0","0","0","0","0","low","tap","choice","calculus-constrained-optimization-recognize-singular-constraints-and-modeling-limits","true","calculus-constrained-optimization"
"calculus-constrained-optimization","calculus-constrained-optimization-set-up-and-solve-the-lagrange-equations","compute","","7","7","0","0","0","0","7","0","7","0","0","0","0","low","math-text","structured","calculus-constrained-optimization-set-up-and-solve-the-lagrange-equations","false","calculus-constrained-optimization"
"calculus-constrained-optimization","calculus-constrained-optimization-set-up-and-solve-the-lagrange-equations","compute","calculus-constrained-optimization-set-up-and-solve-the-lagrange-equations-compute-production","1","1","1","1","0","0","0","0","1","0","1","2","0","low","math-text","structured","calculus-constrained-optimization-set-up-and-solve-the-lagrange-equations","false","calculus-constrained-optimization"
"calculus-constrained-optimization","calculus-constrained-optimization-set-up-and-solve-the-lagrange-equations","interpret","","1","1","0","0","1","1","1","1","0","0","0","0","0","low","tap","structured","calculus-constrained-optimization-set-up-and-solve-the-lagrange-equations","true","calculus-constrained-optimization"
"calculus-constrained-optimization","calculus-constrained-optimization-set-up-and-solve-the-lagrange-equations","justify","","2","2","0","0","0","0","2","0","0","2","0","0","0","high","handwriting;math-text;photo","open-reasoning","calculus-constrained-optimization-set-up-and-solve-the-lagrange-equations","false","calculus-constrained-optimization"
"calculus-constrained-optimization","calculus-constrained-optimization-set-up-and-solve-the-lagrange-equations","justify","calculus-constrained-optimization-set-up-and-solve-the-lagrange-equations-justify-reasoning","1","1","1","1","0","0","0","0","0","1","0","0","0","medium","handwriting;math-text;photo","open-reasoning","calculus-constrained-optimization-set-up-and-solve-the-lagrange-equations","true","calculus-constrained-optimization"
"calculus-constrained-optimization","calculus-constrained-optimization-set-up-and-solve-the-lagrange-equations","recognize","","1","1","0","0","1","1","1","1","0","0","0","0","0","low","tap","choice","calculus-constrained-optimization-set-up-and-solve-the-lagrange-equations","true","calculus-constrained-optimization"
"calculus-constrained-optimization","calculus-constrained-optimization-use-substitution-when-it-simplifies-the-problem","compute","","8","8","0","0","0","0","8","0","8","0","0","0","0","low","math-text","structured","calculus-constrained-optimization-use-substitution-when-it-simplifies-the-problem","false","calculus-constrained-optimization"
"calculus-constrained-optimization","calculus-constrained-optimization-use-substitution-when-it-simplifies-the-problem","compute","calculus-constrained-optimization-use-substitution-when-it-simplifies-the-problem-compute-production","1","1","1","1","0","0","0","0","1","0","1","2","0","low","math-text","structured","calculus-constrained-optimization-use-substitution-when-it-simplifies-the-problem","false","calculus-constrained-optimization"
"calculus-constrained-optimization","calculus-constrained-optimization-use-substitution-when-it-simplifies-the-problem","interpret","","1","1","0","0","1","1","1","1","0","0","0","0","0","low","tap","structured","calculus-constrained-optimization-use-substitution-when-it-simplifies-the-problem","true","calculus-constrained-optimization"
"calculus-constrained-optimization","calculus-constrained-optimization-use-substitution-when-it-simplifies-the-problem","interpret","calculus-constrained-optimization-use-substitution-when-it-simplifies-the-problem-interpret-recognition","1","1","1","1","1","1","0","1","0","0","0","0","0","low","tap","structured","calculus-constrained-optimization-use-substitution-when-it-simplifies-the-problem","true","calculus-constrained-optimization"
"calculus-constrained-optimization","calculus-constrained-optimization-use-substitution-when-it-simplifies-the-problem","justify","","1","1","0","0","0","0","1","0","0","1","0","0","0","high","handwriting;math-text;photo","open-reasoning","calculus-constrained-optimization-use-substitution-when-it-simplifies-the-problem","true","calculus-constrained-optimization"
"calculus-definite-integrals","calculus-definite-integrals-accumulating-rates-with-units","compute","","7","7","0","0","0","0","7","0","7","0","0","0","0","low","math-text","structured","calculus-definite-integrals-accumulating-rates-with-units","false","calculus-definite-integrals"
"calculus-definite-integrals","calculus-definite-integrals-accumulating-rates-with-units","compute","calculus-definite-integrals-accumulating-rates-with-units-compute-production","1","1","1","1","0","0","0","0","1","0","1","2","0","low","math-text","structured","calculus-definite-integrals-accumulating-rates-with-units","false","calculus-definite-integrals"
"calculus-definite-integrals","calculus-definite-integrals-accumulating-rates-with-units","interpret","","2","2","0","0","1","1","2","2","0","0","0","0","0","high;low","handwriting;math-text;photo;short-text","open-reasoning;structured","calculus-definite-integrals-accumulating-rates-with-units","false","calculus-definite-integrals"
"calculus-definite-integrals","calculus-definite-integrals-accumulating-rates-with-units","interpret","calculus-definite-integrals-accumulating-rates-with-units-interpret-reasoning","1","1","1","1","0","0","0","0","0","1","0","0","0","medium","handwriting;math-text;photo","open-reasoning","calculus-definite-integrals-accumulating-rates-with-units","true","calculus-definite-integrals"
"calculus-definite-integrals","calculus-definite-integrals-accumulating-rates-with-units","justify","","1","1","0","0","0","0","1","0","0","1","0","0","0","high","handwriting;math-text;photo","open-reasoning","calculus-definite-integrals-accumulating-rates-with-units","true","calculus-definite-integrals"
"calculus-definite-integrals","calculus-definite-integrals-algebra-and-bounds-for-integrals","compute","","8","8","0","0","0","0","8","0","8","0","0","0","0","low","math-text","structured","calculus-definite-integrals-algebra-and-bounds-for-integrals","false","calculus-definite-integrals"
"calculus-definite-integrals","calculus-definite-integrals-algebra-and-bounds-for-integrals","compute","calculus-definite-integrals-algebra-and-bounds-for-integrals-compute-production","1","1","1","1","0","0","0","0","1","0","1","2","0","low","math-text","structured","calculus-definite-integrals-algebra-and-bounds-for-integrals","false","calculus-definite-integrals"
"calculus-definite-integrals","calculus-definite-integrals-algebra-and-bounds-for-integrals","construct","","1","1","0","0","0","0","1","0","1","0","0","0","0","high","handwriting;math-text;photo","open-reasoning","calculus-definite-integrals-algebra-and-bounds-for-integrals","true","calculus-definite-integrals"
"calculus-definite-integrals","calculus-definite-integrals-algebra-and-bounds-for-integrals","justify","calculus-definite-integrals-algebra-and-bounds-for-integrals-justify-reasoning","1","1","1","1","0","0","0","0","0","1","0","0","0","medium","handwriting;math-text;photo","open-reasoning","calculus-definite-integrals-algebra-and-bounds-for-integrals","true","calculus-definite-integrals"
"calculus-definite-integrals","calculus-definite-integrals-algebra-and-bounds-for-integrals","prove","","1","1","0","0","0","0","1","0","0","1","0","0","0","high","handwriting;math-text;photo","open-reasoning","calculus-definite-integrals-algebra-and-bounds-for-integrals","true","calculus-definite-integrals"
"calculus-definite-integrals","calculus-definite-integrals-from-samples-to-riemann-sums","compute","","7","7","0","0","0","0","7","0","7","0","0","0","0","low","math-text","structured","calculus-definite-integrals-from-samples-to-riemann-sums","false","calculus-definite-integrals"
"calculus-definite-integrals","calculus-definite-integrals-from-samples-to-riemann-sums","compute","calculus-definite-integrals-from-samples-to-riemann-sums-compute-production","1","1","1","1","0","0","0","0","1","0","1","2","0","low","math-text","structured","calculus-definite-integrals-from-samples-to-riemann-sums","false","calculus-definite-integrals"
"calculus-definite-integrals","calculus-definite-integrals-from-samples-to-riemann-sums","construct","","1","1","0","0","0","0","1","0","1","0","0","0","0","high","handwriting;math-text;photo","open-reasoning","calculus-definite-integrals-from-samples-to-riemann-sums","true","calculus-definite-integrals"
"calculus-definite-integrals","calculus-definite-integrals-from-samples-to-riemann-sums","interpret","","1","1","0","0","1","1","1","1","0","0","0","0","0","low","short-text","structured","calculus-definite-integrals-from-samples-to-riemann-sums","true","calculus-definite-integrals"
"calculus-definite-integrals","calculus-definite-integrals-from-samples-to-riemann-sums","interpret","calculus-definite-integrals-from-samples-to-riemann-sums-interpret-recognition","1","1","1","1","1","1","0","1","0","0","0","0","0","low","short-text","structured","calculus-definite-integrals-from-samples-to-riemann-sums","true","calculus-definite-integrals"
"calculus-definite-integrals","calculus-definite-integrals-from-samples-to-riemann-sums","justify","","1","1","0","0","0","0","1","0","0","1","0","0","0","high","handwriting;math-text;photo","open-reasoning","calculus-definite-integrals-from-samples-to-riemann-sums","true","calculus-definite-integrals"
"calculus-definite-integrals","calculus-definite-integrals-from-samples-to-riemann-sums","recognize","","1","1","0","0","1","1","1","1","0","0","0","0","0","low","tap","choice","calculus-definite-integrals-from-samples-to-riemann-sums","true","calculus-definite-integrals"
"calculus-definite-integrals","calculus-definite-integrals-signed-area-and-total-area","compute","","8","8","0","0","0","0","8","0","8","0","0","0","0","low","math-text","structured","calculus-definite-integrals-signed-area-and-total-area","false","calculus-definite-integrals"
"calculus-definite-integrals","calculus-definite-integrals-signed-area-and-total-area","compute","calculus-definite-integrals-signed-area-and-total-area-compute-production","1","1","1","1","0","0","0","0","1","0","1","3","0","low","math-text","structured","calculus-definite-integrals-signed-area-and-total-area","false","calculus-definite-integrals"
"calculus-definite-integrals","calculus-definite-integrals-signed-area-and-total-area","construct","","1","1","0","0","0","0","1","0","1","0","0","0","0","high","handwriting;math-text;photo","open-reasoning","calculus-definite-integrals-signed-area-and-total-area","true","calculus-definite-integrals"
"calculus-definite-integrals","calculus-definite-integrals-signed-area-and-total-area","prove","","1","1","0","0","0","0","1","0","0","1","0","0","0","high","handwriting;math-text;photo","open-reasoning","calculus-definite-integrals-signed-area-and-total-area","true","calculus-definite-integrals"
"calculus-definite-integrals","calculus-definite-integrals-signed-area-and-total-area","recognize","","1","1","0","0","1","1","1","1","0","0","0","0","0","low","tap","choice","calculus-definite-integrals-signed-area-and-total-area","true","calculus-definite-integrals"
"calculus-definite-integrals","calculus-definite-integrals-the-integral-as-a-limit","compute","","5","5","0","0","0","0","5","0","5","0","0","0","0","low","math-text","structured","calculus-definite-integrals-the-integral-as-a-limit","false","calculus-definite-integrals"
"calculus-definite-integrals","calculus-definite-integrals-the-integral-as-a-limit","compute","calculus-definite-integrals-the-integral-as-a-limit-compute-production","1","1","1","1","0","0","0","0","1","0","1","2","0","low","math-text","structured","calculus-definite-integrals-the-integral-as-a-limit","false","calculus-definite-integrals"
"calculus-definite-integrals","calculus-definite-integrals-the-integral-as-a-limit","interpret","","2","2","0","0","2","2","2","2","0","0","0","0","0","low","short-text","structured","calculus-definite-integrals-the-integral-as-a-limit","false","calculus-definite-integrals"
"calculus-definite-integrals","calculus-definite-integrals-the-integral-as-a-limit","justify","","2","2","0","0","0","0","2","0","0","2","0","0","0","high","handwriting;math-text;photo","open-reasoning","calculus-definite-integrals-the-integral-as-a-limit","false","calculus-definite-integrals"
"calculus-definite-integrals","calculus-definite-integrals-the-integral-as-a-limit","justify","calculus-definite-integrals-the-integral-as-a-limit-justify-reasoning","1","1","1","1","0","0","0","0","0","1","0","0","0","medium","handwriting;math-text;photo","open-reasoning","calculus-definite-integrals-the-integral-as-a-limit","true","calculus-definite-integrals"
"calculus-definite-integrals","calculus-definite-integrals-the-integral-as-a-limit","prove","","1","1","0","0","0","0","1","0","0","1","0","0","0","high","handwriting;math-text;photo","open-reasoning","calculus-definite-integrals-the-integral-as-a-limit","true","calculus-definite-integrals"
"calculus-derivatives","calculus-derivatives-average-rates-and-secant-lines","compute","","7","7","0","0","0","0","7","0","7","0","0","0","0","low","math-text","structured","calculus-derivatives-average-rates-and-secant-lines","false","calculus-derivatives"
"calculus-derivatives","calculus-derivatives-average-rates-and-secant-lines","compute","calculus-derivatives-average-rates-and-secant-lines-compute-production","1","1","1","1","0","0","0","0","1","0","1","3","0","low","math-text","structured","calculus-derivatives-average-rates-and-secant-lines","false","calculus-derivatives"
"calculus-derivatives","calculus-derivatives-average-rates-and-secant-lines","interpret","","1","1","0","0","1","1","1","1","0","0","0","0","0","low","tap","structured","calculus-derivatives-average-rates-and-secant-lines","true","calculus-derivatives"
"calculus-derivatives","calculus-derivatives-average-rates-and-secant-lines","justify","","2","2","0","0","0","0","2","0","0","2","0","0","0","high","handwriting;math-text;photo","open-reasoning","calculus-derivatives-average-rates-and-secant-lines","false","calculus-derivatives"
"calculus-derivatives","calculus-derivatives-average-rates-and-secant-lines","recognize","","1","1","0","0","1","1","1","1","0","0","0","0","0","low","tap","choice","calculus-derivatives-average-rates-and-secant-lines","true","calculus-derivatives"
"calculus-derivatives","calculus-derivatives-derivative-functions-and-successive-rates","compute","","7","7","0","0","0","0","7","0","7","0","0","0","0","low","math-text","structured","calculus-derivatives-derivative-functions-and-successive-rates","false","calculus-derivatives"
"calculus-derivatives","calculus-derivatives-derivative-functions-and-successive-rates","compute","calculus-derivatives-derivative-functions-and-successive-rates-compute-production","1","1","1","1","0","0","0","0","1","0","1","3","0","low","math-text","structured","calculus-derivatives-derivative-functions-and-successive-rates","false","calculus-derivatives"
"calculus-derivatives","calculus-derivatives-derivative-functions-and-successive-rates","interpret","","1","1","0","0","1","1","1","1","0","0","0","0","0","low","tap","structured","calculus-derivatives-derivative-functions-and-successive-rates","true","calculus-derivatives"
"calculus-derivatives","calculus-derivatives-derivative-functions-and-successive-rates","justify","","1","1","0","0","0","0","1","0","0","1","0","0","0","high","handwriting;math-text;photo","open-reasoning","calculus-derivatives-derivative-functions-and-successive-rates","true","calculus-derivatives"
"calculus-derivatives","calculus-derivatives-derivative-functions-and-successive-rates","prove","","1","1","0","0","0","0","1","0","0","1","0","0","0","high","handwriting;math-text;photo","open-reasoning","calculus-derivatives-derivative-functions-and-successive-rates","true","calculus-derivatives"
"calculus-derivatives","calculus-derivatives-tangent-lines-velocity-and-sensitivity","compute","","7","7","0","0","0","0","7","0","7","0","0","0","0","low","math-text","structured","calculus-derivatives-tangent-lines-velocity-and-sensitivity","false","calculus-derivatives"
"calculus-derivatives","calculus-derivatives-tangent-lines-velocity-and-sensitivity","compute","calculus-derivatives-tangent-lines-velocity-and-sensitivity-compute-production","1","1","1","1","0","0","0","0","1","0","1","2","0","low","math-text","structured","calculus-derivatives-tangent-lines-velocity-and-sensitivity","false","calculus-derivatives"
"calculus-derivatives","calculus-derivatives-tangent-lines-velocity-and-sensitivity","interpret","","1","1","0","0","1","1","1","1","0","0","0","0","0","low","short-text","structured","calculus-derivatives-tangent-lines-velocity-and-sensitivity","true","calculus-derivatives"
"calculus-derivatives","calculus-derivatives-tangent-lines-velocity-and-sensitivity","interpret","calculus-derivatives-tangent-lines-velocity-and-sensitivity-interpret-recognition","1","1","1","1","1","1","0","1","0","0","0","0","0","low","short-text","structured","calculus-derivatives-tangent-lines-velocity-and-sensitivity","true","calculus-derivatives"
"calculus-derivatives","calculus-derivatives-tangent-lines-velocity-and-sensitivity","justify","","2","2","0","0","0","0","2","0","0","2","0","0","0","high","handwriting;math-text;photo","open-reasoning","calculus-derivatives-tangent-lines-velocity-and-sensitivity","false","calculus-derivatives"
"calculus-derivatives","calculus-derivatives-the-derivative-at-a-point","compute","","7","7","0","0","0","0","7","0","7","0","0","0","0","low","math-text","structured","calculus-derivatives-the-derivative-at-a-point","false","calculus-derivatives"
"calculus-derivatives","calculus-derivatives-the-derivative-at-a-point","compute","calculus-derivatives-the-derivative-at-a-point-compute-production","1","1","1","1","0","0","0","0","1","0","1","3","0","low","math-text","structured","calculus-derivatives-the-derivative-at-a-point","false","calculus-derivatives"
"calculus-derivatives","calculus-derivatives-the-derivative-at-a-point","interpret","","1","1","0","0","1","1","1","1","0","0","0","0","0","low","tap","structured","calculus-derivatives-the-derivative-at-a-point","true","calculus-derivatives"
"calculus-derivatives","calculus-derivatives-the-derivative-at-a-point","justify","","1","1","0","0","0","0","1","0","0","1","0","0","0","high","handwriting;math-text;photo","open-reasoning","calculus-derivatives-the-derivative-at-a-point","true","calculus-derivatives"
"calculus-derivatives","calculus-derivatives-the-derivative-at-a-point","prove","","1","1","0","0","0","0","1","0","0","1","0","0","0","high","handwriting;math-text;photo","open-reasoning","calculus-derivatives-the-derivative-at-a-point","true","calculus-derivatives"
"calculus-derivatives","calculus-derivatives-where-differentiability-fails","compute","","4","4","0","0","0","0","4","0","4","0","0","0","0","low","math-text","structured","calculus-derivatives-where-differentiability-fails","false","calculus-derivatives"
"calculus-derivatives","calculus-derivatives-where-differentiability-fails","compute","calculus-derivatives-where-differentiability-fails-compute-production","1","1","1","1","0","0","0","0","1","0","1","2","0","low","math-text","structured","calculus-derivatives-where-differentiability-fails","false","calculus-derivatives"
"calculus-derivatives","calculus-derivatives-where-differentiability-fails","interpret","","4","4","0","0","4","4","4","4","0","0","0","0","0","low","short-text;tap","structured","calculus-derivatives-where-differentiability-fails","false","calculus-derivatives"
"calculus-derivatives","calculus-derivatives-where-differentiability-fails","interpret","calculus-derivatives-where-differentiability-fails-interpret-recognition","1","1","1","1","1","1","0","1","0","0","0","0","0","low","tap","structured","calculus-derivatives-where-differentiability-fails","true","calculus-derivatives"
"calculus-derivatives","calculus-derivatives-where-differentiability-fails","justify","","1","1","0","0","0","0","1","0","0","1","0","0","0","high","handwriting;math-text;photo","open-reasoning","calculus-derivatives-where-differentiability-fails","true","calculus-derivatives"
"calculus-derivatives","calculus-derivatives-where-differentiability-fails","prove","","1","1","0","0","0","0","1","0","0","1","0","0","0","high","handwriting;math-text;photo","open-reasoning","calculus-derivatives-where-differentiability-fails","true","calculus-derivatives"
"calculus-derivatives","calculus-derivatives-where-differentiability-fails","recognize","","1","1","0","0","1","1","1","1","0","0","0","0","0","low","tap","choice","calculus-derivatives-where-differentiability-fails","true","calculus-derivatives"
"calculus-differentiation-rules","calculus-differentiation-rules-linearity-and-the-power-rule","compute","","8","8","0","0","0","0","8","0","8","0","0","0","0","low","math-text","structured","calculus-differentiation-rules-linearity-and-the-power-rule","false","calculus-differentiation-rules"
"calculus-differentiation-rules","calculus-differentiation-rules-linearity-and-the-power-rule","compute","calculus-differentiation-rules-linearity-and-the-power-rule-compute-production","1","1","1","1","0","0","0","0","1","0","1","3","0","low","math-text","structured","calculus-differentiation-rules-linearity-and-the-power-rule","false","calculus-differentiation-rules"
"calculus-differentiation-rules","calculus-differentiation-rules-linearity-and-the-power-rule","justify","","1","1","0","0","0","0","1","0","0","1","0","0","0","high","handwriting;math-text;photo","open-reasoning","calculus-differentiation-rules-linearity-and-the-power-rule","true","calculus-differentiation-rules"
"calculus-differentiation-rules","calculus-differentiation-rules-linearity-and-the-power-rule","prove","","1","1","0","0","0","0","1","0","0","1","0","0","0","high","handwriting;math-text;photo","open-reasoning","calculus-differentiation-rules-linearity-and-the-power-rule","true","calculus-differentiation-rules"
"calculus-differentiation-rules","calculus-differentiation-rules-negative-and-fractional-powers","compute","","8","8","0","0","0","0","8","0","8","0","0","0","0","low","math-text","structured","calculus-differentiation-rules-negative-and-fractional-powers","false","calculus-differentiation-rules"
"calculus-differentiation-rules","calculus-differentiation-rules-negative-and-fractional-powers","compute","calculus-differentiation-rules-negative-and-fractional-powers-compute-production","1","1","1","1","0","0","0","0","1","0","1","3","0","low","math-text","structured","calculus-differentiation-rules-negative-and-fractional-powers","false","calculus-differentiation-rules"
"calculus-differentiation-rules","calculus-differentiation-rules-negative-and-fractional-powers","justify","","1","1","0","0","0","0","1","0","0","1","0","0","0","high","handwriting;math-text;photo","open-reasoning","calculus-differentiation-rules-negative-and-fractional-powers","true","calculus-differentiation-rules"
"calculus-differentiation-rules","calculus-differentiation-rules-negative-and-fractional-powers","prove","","1","1","0","0","0","0","1","0","0","1","0","0","0","high","handwriting;math-text;photo","open-reasoning","calculus-differentiation-rules-negative-and-fractional-powers","true","calculus-differentiation-rules"
"calculus-differentiation-rules","calculus-differentiation-rules-products-have-two-contributions","compute","","8","8","0","0","0","0","8","0","8","0","0","0","0","low","math-text","structured","calculus-differentiation-rules-products-have-two-contributions","false","calculus-differentiation-rules"
"calculus-differentiation-rules","calculus-differentiation-rules-products-have-two-contributions","compute","calculus-differentiation-rules-products-have-two-contributions-compute-production","1","1","1","1","0","0","0","0","1","0","1","3","0","low","math-text","structured","calculus-differentiation-rules-products-have-two-contributions","false","calculus-differentiation-rules"
"calculus-differentiation-rules","calculus-differentiation-rules-products-have-two-contributions","justify","","1","1","0","0","0","0","1","0","0","1","0","0","0","high","handwriting;math-text;photo","open-reasoning","calculus-differentiation-rules-products-have-two-contributions","true","calculus-differentiation-rules"
"calculus-differentiation-rules","calculus-differentiation-rules-products-have-two-contributions","prove","","1","1","0","0","0","0","1","0","0","1","0","0","0","high","handwriting;math-text;photo","open-reasoning","calculus-differentiation-rules-products-have-two-contributions","true","calculus-differentiation-rules"
"calculus-differentiation-rules","calculus-differentiation-rules-products-have-two-contributions","recognize","","1","1","0","0","1","1","1","1","0","0","0","0","0","low","tap","choice","calculus-differentiation-rules-products-have-two-contributions","true","calculus-differentiation-rules"
"calculus-differentiation-rules","calculus-differentiation-rules-quotients-and-algebraic-checks","compute","","7","7","0","0","0","0","7","0","7","0","0","0","0","low","math-text","structured","calculus-differentiation-rules-quotients-and-algebraic-checks","false","calculus-differentiation-rules"
"calculus-differentiation-rules","calculus-differentiation-rules-quotients-and-algebraic-checks","compute","calculus-differentiation-rules-quotients-and-algebraic-checks-compute-production","1","1","1","1","0","0","0","0","1","0","1","3","0","low","math-text","structured","calculus-differentiation-rules-quotients-and-algebraic-checks","false","calculus-differentiation-rules"
"calculus-differentiation-rules","calculus-differentiation-rules-quotients-and-algebraic-checks","interpret","","1","1","0","0","1","1","1","1","0","0","0","0","0","low","tap","structured","calculus-differentiation-rules-quotients-and-algebraic-checks","true","calculus-differentiation-rules"
"calculus-differentiation-rules","calculus-differentiation-rules-quotients-and-algebraic-checks","justify","","1","1","0","0","0","0","1","0","0","1","0","0","0","high","handwriting;math-text;photo","open-reasoning","calculus-differentiation-rules-quotients-and-algebraic-checks","true","calculus-differentiation-rules"
"calculus-differentiation-rules","calculus-differentiation-rules-quotients-and-algebraic-checks","prove","","1","1","0","0","0","0","1","0","0","1","0","0","0","high","handwriting;math-text;photo","open-reasoning","calculus-differentiation-rules-quotients-and-algebraic-checks","true","calculus-differentiation-rules"
"calculus-differentiation-rules","calculus-differentiation-rules-trigonometric-derivatives-and-radians","compute","","8","8","0","0","0","0","8","0","8","0","0","0","0","low","math-text","structured","calculus-differentiation-rules-trigonometric-derivatives-and-radians","false","calculus-differentiation-rules"
"calculus-differentiation-rules","calculus-differentiation-rules-trigonometric-derivatives-and-radians","compute","calculus-differentiation-rules-trigonometric-derivatives-and-radians-compute-production","1","1","1","1","0","0","0","0","1","0","1","3","0","low","math-text","structured","calculus-differentiation-rules-trigonometric-derivatives-and-radians","false","calculus-differentiation-rules"
"calculus-differentiation-rules","calculus-differentiation-rules-trigonometric-derivatives-and-radians","justify","","1","1","0","0","0","0","1","0","0","1","0","0","0","high","handwriting;math-text;photo","open-reasoning","calculus-differentiation-rules-trigonometric-derivatives-and-radians","true","calculus-differentiation-rules"
"calculus-differentiation-rules","calculus-differentiation-rules-trigonometric-derivatives-and-radians","prove","","1","1","0","0","0","0","1","0","0","1","0","0","0","high","handwriting;math-text;photo","open-reasoning","calculus-differentiation-rules-trigonometric-derivatives-and-radians","true","calculus-differentiation-rules"
"calculus-differentiation-rules","calculus-differentiation-rules-trigonometric-derivatives-and-radians","recognize","","1","1","0","0","1","1","1","1","0","0","0","0","0","low","tap","choice","calculus-differentiation-rules-trigonometric-derivatives-and-radians","true","calculus-differentiation-rules"
"calculus-double-integrals","calculus-double-integrals-accumulate-over-an-area","compute","","6","6","0","0","0","0","6","0","6","0","0","0","0","low","math-text","structured","calculus-double-integrals-accumulate-over-an-area","false","calculus-double-integrals"
"calculus-double-integrals","calculus-double-integrals-accumulate-over-an-area","compute","calculus-double-integrals-accumulate-over-an-area-compute-production","1","1","1","1","0","0","0","0","1","0","1","2","0","low","math-text","structured","calculus-double-integrals-accumulate-over-an-area","false","calculus-double-integrals"
"calculus-double-integrals","calculus-double-integrals-accumulate-over-an-area","interpret","","1","1","0","0","0","0","1","0","1","0","0","0","0","low","math-text","structured","calculus-double-integrals-accumulate-over-an-area","true","calculus-double-integrals"
"calculus-double-integrals","calculus-double-integrals-accumulate-over-an-area","justify","","2","2","0","0","0","0","2","0","0","2","0","0","0","high","handwriting;math-text;photo","open-reasoning","calculus-double-integrals-accumulate-over-an-area","false","calculus-double-integrals"
"calculus-double-integrals","calculus-double-integrals-accumulate-over-an-area","justify","calculus-double-integrals-accumulate-over-an-area-justify-reasoning","1","1","1","1","0","0","0","0","0","1","0","0","0","medium","handwriting;math-text;photo","open-reasoning","calculus-double-integrals-accumulate-over-an-area","true","calculus-double-integrals"
"calculus-double-integrals","calculus-double-integrals-describe-simple-regions-with-variable-bounds","compute","","8","8","0","0","0","0","8","0","8","0","0","0","0","low","math-text","structured","calculus-double-integrals-describe-simple-regions-with-variable-bounds","false","calculus-double-integrals"
"calculus-double-integrals","calculus-double-integrals-describe-simple-regions-with-variable-bounds","compute","calculus-double-integrals-describe-simple-regions-with-variable-bounds-compute-production","1","1","1","1","0","0","0","0","1","0","1","2","0","low","math-text","structured","calculus-double-integrals-describe-simple-regions-with-variable-bounds","false","calculus-double-integrals"
"calculus-double-integrals","calculus-double-integrals-describe-simple-regions-with-variable-bounds","justify","","2","2","0","0","0","0","2","0","0","2","0","0","0","high","handwriting;math-text;photo","open-reasoning","calculus-double-integrals-describe-simple-regions-with-variable-bounds","false","calculus-double-integrals"
"calculus-double-integrals","calculus-double-integrals-describe-simple-regions-with-variable-bounds","justify","calculus-double-integrals-describe-simple-regions-with-variable-bounds-justify-reasoning","1","1","1","1","0","0","0","0","0","1","0","0","0","medium","handwriting;math-text;photo","open-reasoning","calculus-double-integrals-describe-simple-regions-with-variable-bounds","true","calculus-double-integrals"
"calculus-double-integrals","calculus-double-integrals-evaluate-iterated-integrals","compute","","7","7","0","0","0","0","7","0","7","0","0","0","0","low","math-text","structured","calculus-double-integrals-evaluate-iterated-integrals","false","calculus-double-integrals"
"calculus-double-integrals","calculus-double-integrals-evaluate-iterated-integrals","compute","calculus-double-integrals-evaluate-iterated-integrals-compute-production","1","1","1","1","0","0","0","0","1","0","1","3","0","low","math-text","structured","calculus-double-integrals-evaluate-iterated-integrals","false","calculus-double-integrals"
"calculus-double-integrals","calculus-double-integrals-evaluate-iterated-integrals","interpret","","1","1","0","0","1","1","1","1","0","0","0","0","0","low","tap","structured","calculus-double-integrals-evaluate-iterated-integrals","true","calculus-double-integrals"
"calculus-double-integrals","calculus-double-integrals-evaluate-iterated-integrals","justify","","2","2","0","0","0","0","2","0","0","2","0","0","0","high","handwriting;math-text;photo","open-reasoning","calculus-double-integrals-evaluate-iterated-integrals","false","calculus-double-integrals"
"calculus-double-integrals","calculus-double-integrals-evaluate-iterated-integrals","recognize","","1","1","0","0","1","1","1","1","0","0","0","0","0","low","tap","choice","calculus-double-integrals-evaluate-iterated-integrals","true","calculus-double-integrals"
"calculus-double-integrals","calculus-double-integrals-reverse-order-by-redescribing-the-same-region","compute","","7","7","0","0","0","0","7","0","7","0","0","0","0","low","math-text","structured","calculus-double-integrals-reverse-order-by-redescribing-the-same-region","false","calculus-double-integrals"
"calculus-double-integrals","calculus-double-integrals-reverse-order-by-redescribing-the-same-region","compute","calculus-double-integrals-reverse-order-by-redescribing-the-same-region-compute-production","1","1","1","1","0","0","0","0","1","0","1","2","0","low","math-text","structured","calculus-double-integrals-reverse-order-by-redescribing-the-same-region","false","calculus-double-integrals"
"calculus-double-integrals","calculus-double-integrals-reverse-order-by-redescribing-the-same-region","interpret","","1","1","0","0","1","1","1","1","0","0","0","0","0","low","tap","structured","calculus-double-integrals-reverse-order-by-redescribing-the-same-region","true","calculus-double-integrals"
"calculus-double-integrals","calculus-double-integrals-reverse-order-by-redescribing-the-same-region","justify","","2","2","0","0","0","0","2","0","0","2","0","0","0","high","handwriting;math-text;photo","open-reasoning","calculus-double-integrals-reverse-order-by-redescribing-the-same-region","false","calculus-double-integrals"
"calculus-double-integrals","calculus-double-integrals-reverse-order-by-redescribing-the-same-region","justify","calculus-double-integrals-reverse-order-by-redescribing-the-same-region-justify-reasoning","1","1","1","1","0","0","0","0","0","1","0","0","0","medium","handwriting;math-text;photo","open-reasoning","calculus-double-integrals-reverse-order-by-redescribing-the-same-region","true","calculus-double-integrals"
"calculus-double-integrals","calculus-double-integrals-reverse-order-by-redescribing-the-same-region","recognize","","1","1","0","0","1","1","1","1","0","0","0","0","0","low","tap","choice","calculus-double-integrals-reverse-order-by-redescribing-the-same-region","true","calculus-double-integrals"
"calculus-double-integrals","calculus-double-integrals-volumes-averages-and-normalized-accumulation","compute","","7","7","0","0","0","0","7","0","7","0","0","0","0","low","math-text","structured","calculus-double-integrals-volumes-averages-and-normalized-accumulation","false","calculus-double-integrals"
"calculus-double-integrals","calculus-double-integrals-volumes-averages-and-normalized-accumulation","compute","calculus-double-integrals-volumes-averages-and-normalized-accumulation-compute-production","1","1","1","1","0","0","0","0","1","0","1","3","0","low","math-text","structured","calculus-double-integrals-volumes-averages-and-normalized-accumulation","false","calculus-double-integrals"
"calculus-double-integrals","calculus-double-integrals-volumes-averages-and-normalized-accumulation","interpret","","1","1","0","0","1","1","1","1","0","0","0","0","0","low","tap","structured","calculus-double-integrals-volumes-averages-and-normalized-accumulation","true","calculus-double-integrals"
"calculus-double-integrals","calculus-double-integrals-volumes-averages-and-normalized-accumulation","justify","","2","2","0","0","0","0","2","0","0","2","0","0","0","high","handwriting;math-text;photo","open-reasoning","calculus-double-integrals-volumes-averages-and-normalized-accumulation","false","calculus-double-integrals"
"calculus-exponential-logarithmic","calculus-exponential-logarithmic-growth-decay-and-relative-rates","compute","","8","8","0","0","0","0","8","0","8","0","0","0","0","low","math-text","structured","calculus-exponential-logarithmic-growth-decay-and-relative-rates","false","calculus-exponential-logarithmic"
"calculus-exponential-logarithmic","calculus-exponential-logarithmic-growth-decay-and-relative-rates","compute","calculus-exponential-logarithmic-growth-decay-and-relative-rates-compute-production","1","1","1","1","0","0","0","0","1","0","1","3","0","low","math-text","structured","calculus-exponential-logarithmic-growth-decay-and-relative-rates","false","calculus-exponential-logarithmic"
"calculus-exponential-logarithmic","calculus-exponential-logarithmic-growth-decay-and-relative-rates","justify","","2","2","0","0","0","0","2","0","0","2","0","0","0","high","handwriting;math-text;photo","open-reasoning","calculus-exponential-logarithmic-growth-decay-and-relative-rates","false","calculus-exponential-logarithmic"
"calculus-exponential-logarithmic","calculus-exponential-logarithmic-logarithmic-differentiation","compute","","8","8","0","0","0","0","8","0","8","0","0","0","0","low","math-text","structured","calculus-exponential-logarithmic-logarithmic-differentiation","false","calculus-exponential-logarithmic"
"calculus-exponential-logarithmic","calculus-exponential-logarithmic-logarithmic-differentiation","compute","calculus-exponential-logarithmic-logarithmic-differentiation-compute-production","1","1","1","1","0","0","0","0","1","0","1","3","0","low","math-text","structured","calculus-exponential-logarithmic-logarithmic-differentiation","false","calculus-exponential-logarithmic"
"calculus-exponential-logarithmic","calculus-exponential-logarithmic-logarithmic-differentiation","justify","","1","1","0","0","0","0","1","0","0","1","0","0","0","high","handwriting;math-text;photo","open-reasoning","calculus-exponential-logarithmic-logarithmic-differentiation","true","calculus-exponential-logarithmic"
"calculus-exponential-logarithmic","calculus-exponential-logarithmic-logarithmic-differentiation","prove","","1","1","0","0","0","0","1","0","0","1","0","0","0","high","handwriting;math-text;photo","open-reasoning","calculus-exponential-logarithmic-logarithmic-differentiation","true","calculus-exponential-logarithmic"
"calculus-exponential-logarithmic","calculus-exponential-logarithmic-logarithmic-differentiation","recognize","","1","1","0","0","1","1","1","1","0","0","0","0","0","low","tap","choice","calculus-exponential-logarithmic-logarithmic-differentiation","true","calculus-exponential-logarithmic"
"calculus-exponential-logarithmic","calculus-exponential-logarithmic-mixed-formulas-and-model-sensitivities","compute","","8","8","0","0","0","0","8","0","8","0","0","0","0","low","math-text","structured","calculus-exponential-logarithmic-mixed-formulas-and-model-sensitivities","false","calculus-exponential-logarithmic"
"calculus-exponential-logarithmic","calculus-exponential-logarithmic-mixed-formulas-and-model-sensitivities","compute","calculus-exponential-logarithmic-mixed-formulas-and-model-sensitivities-compute-production","1","1","1","1","0","0","0","0","1","0","1","3","0","low","math-text","structured","calculus-exponential-logarithmic-mixed-formulas-and-model-sensitivities","false","calculus-exponential-logarithmic"
"calculus-exponential-logarithmic","calculus-exponential-logarithmic-mixed-formulas-and-model-sensitivities","justify","","1","1","0","0","0","0","1","0","0","1","0","0","0","high","handwriting;math-text;photo","open-reasoning","calculus-exponential-logarithmic-mixed-formulas-and-model-sensitivities","true","calculus-exponential-logarithmic"
"calculus-exponential-logarithmic","calculus-exponential-logarithmic-mixed-formulas-and-model-sensitivities","prove","","1","1","0","0","0","0","1","0","0","1","0","0","0","high","handwriting;math-text;photo","open-reasoning","calculus-exponential-logarithmic-mixed-formulas-and-model-sensitivities","true","calculus-exponential-logarithmic"
"calculus-exponential-logarithmic","calculus-exponential-logarithmic-other-bases-and-valid-logarithm-identities","compute","","7","7","0","0","0","0","7","0","7","0","0","0","0","low","math-text","structured","calculus-exponential-logarithmic-other-bases-and-valid-logarithm-identities","false","calculus-exponential-logarithmic"
"calculus-exponential-logarithmic","calculus-exponential-logarithmic-other-bases-and-valid-logarithm-identities","compute","calculus-exponential-logarithmic-other-bases-and-valid-logarithm-identities-compute-production","1","1","1","1","0","0","0","0","1","0","1","3","0","low","math-text","structured","calculus-exponential-logarithmic-other-bases-and-valid-logarithm-identities","false","calculus-exponential-logarithmic"
"calculus-exponential-logarithmic","calculus-exponential-logarithmic-other-bases-and-valid-logarithm-identities","interpret","","1","1","0","0","1","1","1","1","0","0","0","0","0","low","tap","structured","calculus-exponential-logarithmic-other-bases-and-valid-logarithm-identities","true","calculus-exponential-logarithmic"
"calculus-exponential-logarithmic","calculus-exponential-logarithmic-other-bases-and-valid-logarithm-identities","justify","","1","1","0","0","0","0","1","0","0","1","0","0","0","high","handwriting;math-text;photo","open-reasoning","calculus-exponential-logarithmic-other-bases-and-valid-logarithm-identities","true","calculus-exponential-logarithmic"
"calculus-exponential-logarithmic","calculus-exponential-logarithmic-other-bases-and-valid-logarithm-identities","prove","","1","1","0","0","0","0","1","0","0","1","0","0","0","high","handwriting;math-text;photo","open-reasoning","calculus-exponential-logarithmic-other-bases-and-valid-logarithm-identities","true","calculus-exponential-logarithmic"
"calculus-exponential-logarithmic","calculus-exponential-logarithmic-other-bases-and-valid-logarithm-identities","recognize","","1","1","0","0","1","1","1","1","0","0","0","0","0","low","tap","choice","calculus-exponential-logarithmic-other-bases-and-valid-logarithm-identities","true","calculus-exponential-logarithmic"
"calculus-exponential-logarithmic","calculus-exponential-logarithmic-the-natural-exponential-and-logarithm","compute","","8","8","0","0","0","0","8","0","8","0","0","0","0","low","math-text","structured","calculus-exponential-logarithmic-the-natural-exponential-and-logarithm","false","calculus-exponential-logarithmic"
"calculus-exponential-logarithmic","calculus-exponential-logarithmic-the-natural-exponential-and-logarithm","compute","calculus-exponential-logarithmic-the-natural-exponential-and-logarithm-compute-production","1","1","1","1","0","0","0","0","1","0","1","3","0","low","math-text","structured","calculus-exponential-logarithmic-the-natural-exponential-and-logarithm","false","calculus-exponential-logarithmic"
"calculus-exponential-logarithmic","calculus-exponential-logarithmic-the-natural-exponential-and-logarithm","justify","","1","1","0","0","0","0","1","0","0","1","0","0","0","high","handwriting;math-text;photo","open-reasoning","calculus-exponential-logarithmic-the-natural-exponential-and-logarithm","true","calculus-exponential-logarithmic"
"calculus-exponential-logarithmic","calculus-exponential-logarithmic-the-natural-exponential-and-logarithm","prove","","1","1","0","0","0","0","1","0","0","1","0","0","0","high","handwriting;math-text;photo","open-reasoning","calculus-exponential-logarithmic-the-natural-exponential-and-logarithm","true","calculus-exponential-logarithmic"
"calculus-gradient-descent","calculus-gradient-descent-connect-the-gradient-to-least-squares-fitting","compute","","8","8","0","0","0","0","8","0","8","0","0","0","0","low","math-text","structured","calculus-gradient-descent-connect-the-gradient-to-least-squares-fitting","false","calculus-gradient-descent"
"calculus-gradient-descent","calculus-gradient-descent-connect-the-gradient-to-least-squares-fitting","compute","calculus-gradient-descent-connect-the-gradient-to-least-squares-fitting-compute-production","1","1","1","1","0","0","0","0","1","0","1","3","0","low","math-text","structured","calculus-gradient-descent-connect-the-gradient-to-least-squares-fitting","false","calculus-gradient-descent"
"calculus-gradient-descent","calculus-gradient-descent-connect-the-gradient-to-least-squares-fitting","justify","","2","2","0","0","0","0","2","0","0","2","0","0","0","high","handwriting;math-text;photo","open-reasoning","calculus-gradient-descent-connect-the-gradient-to-least-squares-fitting","false","calculus-gradient-descent"
"calculus-gradient-descent","calculus-gradient-descent-recognize-nonconvex-behavior-and-stopping-limits","compute","","6","6","0","0","0","0","6","0","6","0","0","0","0","low","math-text","structured","calculus-gradient-descent-recognize-nonconvex-behavior-and-stopping-limits","false","calculus-gradient-descent"
"calculus-gradient-descent","calculus-gradient-descent-recognize-nonconvex-behavior-and-stopping-limits","compute","calculus-gradient-descent-recognize-nonconvex-behavior-and-stopping-limits-compute-production","1","1","1","1","0","0","0","0","1","0","0","0","0","low","math-text","structured","calculus-gradient-descent-recognize-nonconvex-behavior-and-stopping-limits","true","calculus-gradient-descent"
"calculus-gradient-descent","calculus-gradient-descent-recognize-nonconvex-behavior-and-stopping-limits","interpret","","1","1","0","0","1","1","1","1","0","0","0","0","0","low","tap","structured","calculus-gradient-descent-recognize-nonconvex-behavior-and-stopping-limits","true","calculus-gradient-descent"
"calculus-gradient-descent","calculus-gradient-descent-recognize-nonconvex-behavior-and-stopping-limits","interpret","calculus-gradient-descent-recognize-nonconvex-behavior-and-stopping-limits-interpret-recognition","1","1","1","1","1","1","0","1","0","0","0","0","0","low","tap","structured","calculus-gradient-descent-recognize-nonconvex-behavior-and-stopping-limits","true","calculus-gradient-descent"
"calculus-gradient-descent","calculus-gradient-descent-recognize-nonconvex-behavior-and-stopping-limits","justify","","2","2","0","0","0","0","2","0","0","2","0","0","0","high","handwriting;math-text;photo","open-reasoning","calculus-gradient-descent-recognize-nonconvex-behavior-and-stopping-limits","false","calculus-gradient-descent"
"calculus-gradient-descent","calculus-gradient-descent-recognize-nonconvex-behavior-and-stopping-limits","justify","calculus-gradient-descent-recognize-nonconvex-behavior-and-stopping-limits-justify-reasoning","1","1","1","1","0","0","0","0","0","1","0","0","0","medium","handwriting;math-text;photo","open-reasoning","calculus-gradient-descent-recognize-nonconvex-behavior-and-stopping-limits","true","calculus-gradient-descent"
"calculus-gradient-descent","calculus-gradient-descent-recognize-nonconvex-behavior-and-stopping-limits","recognize","","1","1","0","0","1","1","1","1","0","0","0","0","0","low","tap","choice","calculus-gradient-descent-recognize-nonconvex-behavior-and-stopping-limits","true","calculus-gradient-descent"
"calculus-gradient-descent","calculus-gradient-descent-take-a-step-using-the-current-gradient","compute","","7","7","0","0","0","0","7","0","7","0","0","0","0","low","math-text","structured","calculus-gradient-descent-take-a-step-using-the-current-gradient","false","calculus-gradient-descent"
"calculus-gradient-descent","calculus-gradient-descent-take-a-step-using-the-current-gradient","compute","calculus-gradient-descent-take-a-step-using-the-current-gradient-compute-production","1","1","1","1","0","0","0","0","1","0","1","2","0","low","math-text","structured","calculus-gradient-descent-take-a-step-using-the-current-gradient","false","calculus-gradient-descent"
"calculus-gradient-descent","calculus-gradient-descent-take-a-step-using-the-current-gradient","interpret","","1","1","0","0","1","1","1","1","0","0","0","0","0","low","tap","structured","calculus-gradient-descent-take-a-step-using-the-current-gradient","true","calculus-gradient-descent"
"calculus-gradient-descent","calculus-gradient-descent-take-a-step-using-the-current-gradient","justify","","2","2","0","0","0","0","2","0","0","2","0","0","0","high","handwriting;math-text;photo","open-reasoning","calculus-gradient-descent-take-a-step-using-the-current-gradient","false","calculus-gradient-descent"
"calculus-gradient-descent","calculus-gradient-descent-take-a-step-using-the-current-gradient","justify","calculus-gradient-descent-take-a-step-using-the-current-gradient-justify-reasoning","1","1","1","1","0","0","0","0","0","1","0","0","0","medium","handwriting;math-text;photo","open-reasoning","calculus-gradient-descent-take-a-step-using-the-current-gradient","true","calculus-gradient-descent"
"calculus-gradient-descent","calculus-gradient-descent-take-a-step-using-the-current-gradient","recognize","","1","1","0","0","1","1","1","1","0","0","0","0","0","low","tap","choice","calculus-gradient-descent-take-a-step-using-the-current-gradient","true","calculus-gradient-descent"
"calculus-gradient-descent","calculus-gradient-descent-understand-step-sizes-through-an-exact-recurrence","compute","","7","7","0","0","0","0","7","0","7","0","0","0","0","low","math-text","structured","calculus-gradient-descent-understand-step-sizes-through-an-exact-recurrence","false","calculus-gradient-descent"
"calculus-gradient-descent","calculus-gradient-descent-understand-step-sizes-through-an-exact-recurrence","compute","calculus-gradient-descent-understand-step-sizes-through-an-exact-recurrence-compute-production","1","1","1","1","0","0","0","0","1","0","1","3","0","low","math-text","structured","calculus-gradient-descent-understand-step-sizes-through-an-exact-recurrence","false","calculus-gradient-descent"
"calculus-gradient-descent","calculus-gradient-descent-understand-step-sizes-through-an-exact-recurrence","interpret","","1","1","0","0","1","1","1","1","0","0","0","0","0","low","tap","structured","calculus-gradient-descent-understand-step-sizes-through-an-exact-recurrence","true","calculus-gradient-descent"
"calculus-gradient-descent","calculus-gradient-descent-understand-step-sizes-through-an-exact-recurrence","justify","","2","2","0","0","0","0","2","0","0","2","0","0","0","high","handwriting;math-text;photo","open-reasoning","calculus-gradient-descent-understand-step-sizes-through-an-exact-recurrence","false","calculus-gradient-descent"
"calculus-gradient-descent","calculus-gradient-descent-use-convexity-to-interpret-stationary-points","compute","","3","3","0","0","0","0","3","0","3","0","0","0","0","low","math-text","structured","calculus-gradient-descent-use-convexity-to-interpret-stationary-points","false","calculus-gradient-descent"
"calculus-gradient-descent","calculus-gradient-descent-use-convexity-to-interpret-stationary-points","compute","calculus-gradient-descent-use-convexity-to-interpret-stationary-points-compute-production","1","1","1","1","0","0","0","0","1","0","0","0","0","low","math-text","structured","calculus-gradient-descent-use-convexity-to-interpret-stationary-points","true","calculus-gradient-descent"
"calculus-gradient-descent","calculus-gradient-descent-use-convexity-to-interpret-stationary-points","interpret","","5","5","0","0","5","5","5","5","0","0","0","0","0","low","tap","structured","calculus-gradient-descent-use-convexity-to-interpret-stationary-points","false","calculus-gradient-descent"
"calculus-gradient-descent","calculus-gradient-descent-use-convexity-to-interpret-stationary-points","interpret","calculus-gradient-descent-use-convexity-to-interpret-stationary-points-interpret-recognition","1","1","1","1","1","1","0","1","0","0","1","2","0","low","tap","structured","calculus-gradient-descent-use-convexity-to-interpret-stationary-points","false","calculus-gradient-descent"
"calculus-gradient-descent","calculus-gradient-descent-use-convexity-to-interpret-stationary-points","justify","","2","2","0","0","0","0","2","0","0","2","0","0","0","high","handwriting;math-text;photo","open-reasoning","calculus-gradient-descent-use-convexity-to-interpret-stationary-points","false","calculus-gradient-descent"
"calculus-gradients","calculus-gradients-directional-derivatives-and-unit-directions","compute","","10","10","0","0","0","0","10","0","10","0","0","0","0","low","math-text","structured","calculus-gradients-directional-derivatives-and-unit-directions","false","calculus-gradients"
"calculus-gradients","calculus-gradients-directional-derivatives-and-unit-directions","compute","calculus-gradients-directional-derivatives-and-unit-directions-compute-production","1","1","1","1","0","0","0","0","1","0","1","3","0","low","math-text","structured","calculus-gradients-directional-derivatives-and-unit-directions","false","calculus-gradients"
"calculus-gradients","calculus-gradients-directional-derivatives-and-unit-directions","interpret","","1","1","0","0","1","1","1","1","0","0","0","0","0","low","tap","structured","calculus-gradients-directional-derivatives-and-unit-directions","true","calculus-gradients"
"calculus-gradients","calculus-gradients-directional-derivatives-and-unit-directions","recognize","","1","1","0","0","1","1","1","1","0","0","0","0","0","low","tap","choice","calculus-gradients-directional-derivatives-and-unit-directions","true","calculus-gradients"
"calculus-gradients","calculus-gradients-gradients-and-contour-geometry","compute","","5","5","0","0","0","0","5","0","5","0","0","0","0","low","math-text","structured","calculus-gradients-gradients-and-contour-geometry","false","calculus-gradients"
"calculus-gradients","calculus-gradients-gradients-and-contour-geometry","compute","calculus-gradients-gradients-and-contour-geometry-compute-production","1","1","1","1","0","0","0","0","1","0","0","0","0","low","math-text","structured","calculus-gradients-gradients-and-contour-geometry","true","calculus-gradients"
"calculus-gradients","calculus-gradients-gradients-and-contour-geometry","interpret","calculus-gradients-gradients-and-contour-geometry-interpret-recognition","1","1","1","1","1","1","0","1","0","0","0","0","0","low","tap","structured","calculus-gradients-gradients-and-contour-geometry","true","calculus-gradients"
"calculus-gradients","calculus-gradients-gradients-and-contour-geometry","justify","","5","5","0","0","0","0","5","0","0","5","0","0","0","high","handwriting;math-text;photo","open-reasoning","calculus-gradients-gradients-and-contour-geometry","false","calculus-gradients"
"calculus-gradients","calculus-gradients-gradients-and-contour-geometry","justify","calculus-gradients-gradients-and-contour-geometry-justify-reasoning","1","1","1","1","0","0","0","0","0","1","0","0","0","medium","handwriting;math-text;photo","open-reasoning","calculus-gradients-gradients-and-contour-geometry","true","calculus-gradients"
"calculus-gradients","calculus-gradients-one-approximation-for-every-small-displacement","compute","","10","10","0","0","0","0","10","0","10","0","0","0","0","low","math-text","structured","calculus-gradients-one-approximation-for-every-small-displacement","false","calculus-gradients"
"calculus-gradients","calculus-gradients-one-approximation-for-every-small-displacement","compute","calculus-gradients-one-approximation-for-every-small-displacement-compute-production","1","1","1","1","0","0","0","0","1","0","1","2","0","low","math-text","structured","calculus-gradients-one-approximation-for-every-small-displacement","false","calculus-gradients"
"calculus-gradients","calculus-gradients-one-approximation-for-every-small-displacement","justify","","1","1","0","0","0","0","1","0","0","1","0","0","0","high","handwriting;math-text;photo","open-reasoning","calculus-gradients-one-approximation-for-every-small-displacement","true","calculus-gradients"
"calculus-gradients","calculus-gradients-one-approximation-for-every-small-displacement","justify","calculus-gradients-one-approximation-for-every-small-displacement-justify-reasoning","1","1","1","1","0","0","0","0","0","1","0","0","0","medium","handwriting;math-text;photo","open-reasoning","calculus-gradients-one-approximation-for-every-small-displacement","true","calculus-gradients"
"calculus-gradients","calculus-gradients-tangent-planes-and-differentials","compute","","10","10","0","0","0","0","10","0","10","0","0","0","0","low","math-text","structured","calculus-gradients-tangent-planes-and-differentials","false","calculus-gradients"
"calculus-gradients","calculus-gradients-tangent-planes-and-differentials","compute","calculus-gradients-tangent-planes-and-differentials-compute-production","1","1","1","1","0","0","0","0","1","0","1","2","0","low","math-text","structured","calculus-gradients-tangent-planes-and-differentials","false","calculus-gradients"
"calculus-gradients","calculus-gradients-tangent-planes-and-differentials","interpret","calculus-gradients-tangent-planes-and-differentials-interpret-recognition","1","1","1","1","1","1","0","1","0","0","0","0","0","low","tap","structured","calculus-gradients-tangent-planes-and-differentials","true","calculus-gradients"
"calculus-gradients","calculus-gradients-tangent-planes-and-differentials","recognize","","1","1","0","0","1","1","1","1","0","0","0","0","0","low","tap","choice","calculus-gradients-tangent-planes-and-differentials","true","calculus-gradients"
"calculus-gradients","calculus-gradients-the-gradient-collects-partial-derivatives","compute","","10","10","0","0","0","0","10","0","10","0","0","0","0","low","math-text","structured","calculus-gradients-the-gradient-collects-partial-derivatives","false","calculus-gradients"
"calculus-gradients","calculus-gradients-the-gradient-collects-partial-derivatives","compute","calculus-gradients-the-gradient-collects-partial-derivatives-compute-production","1","1","1","1","0","0","0","0","1","0","1","2","0","low","math-text","structured","calculus-gradients-the-gradient-collects-partial-derivatives","false","calculus-gradients"
"calculus-gradients","calculus-gradients-the-gradient-collects-partial-derivatives","justify","calculus-gradients-the-gradient-collects-partial-derivatives-justify-reasoning","1","1","1","1","0","0","0","0","0","1","0","0","0","medium","handwriting;math-text;photo","open-reasoning","calculus-gradients-the-gradient-collects-partial-derivatives","true","calculus-gradients"
"calculus-gradients","calculus-gradients-the-gradient-collects-partial-derivatives","recall","calculus-gradients-the-gradient-collects-partial-derivatives-recall-recognition","0","1","0","1","0","1","0","1","0","0","1","2","0","low","tap","structured","calculus-gradients-the-gradient-collects-partial-derivatives","false",""
"calculus-integration-techniques","calculus-integration-techniques-choosing-combining-and-checking-methods","compute","","6","6","0","0","0","0","6","0","6","0","0","0","0","low","math-text","structured","calculus-integration-techniques-choosing-combining-and-checking-methods","false","calculus-integration-techniques"
"calculus-integration-techniques","calculus-integration-techniques-choosing-combining-and-checking-methods","compute","calculus-integration-techniques-choosing-combining-and-checking-methods-compute-production","1","1","1","1","0","0","0","0","1","0","1","2","0","low","math-text","structured","calculus-integration-techniques-choosing-combining-and-checking-methods","false","calculus-integration-techniques"
"calculus-integration-techniques","calculus-integration-techniques-choosing-combining-and-checking-methods","interpret","","2","2","0","0","2","2","2","2","0","0","0","0","0","low","short-text","structured","calculus-integration-techniques-choosing-combining-and-checking-methods","false","calculus-integration-techniques"
"calculus-integration-techniques","calculus-integration-techniques-choosing-combining-and-checking-methods","justify","","2","2","0","0","0","0","2","0","0","2","0","0","0","high","handwriting;math-text;photo","open-reasoning","calculus-integration-techniques-choosing-combining-and-checking-methods","false","calculus-integration-techniques"
"calculus-integration-techniques","calculus-integration-techniques-choosing-combining-and-checking-methods","justify","calculus-integration-techniques-choosing-combining-and-checking-methods-justify-reasoning","1","1","1","1","0","0","0","0","0","1","0","0","0","medium","handwriting;math-text;photo","open-reasoning","calculus-integration-techniques-choosing-combining-and-checking-methods","true","calculus-integration-techniques"
"calculus-integration-techniques","calculus-integration-techniques-integration-by-parts","compute","","8","8","0","0","0","0","8","0","8","0","0","0","0","low","math-text","structured","calculus-integration-techniques-integration-by-parts","false","calculus-integration-techniques"
"calculus-integration-techniques","calculus-integration-techniques-integration-by-parts","compute","calculus-integration-techniques-integration-by-parts-compute-production","1","1","1","1","0","0","0","0","1","0","1","3","0","low","math-text","structured","calculus-integration-techniques-integration-by-parts","false","calculus-integration-techniques"
"calculus-integration-techniques","calculus-integration-techniques-integration-by-parts","justify","","1","1","0","0","0","0","1","0","0","1","0","0","0","high","handwriting;math-text;photo","open-reasoning","calculus-integration-techniques-integration-by-parts","true","calculus-integration-techniques"
"calculus-integration-techniques","calculus-integration-techniques-integration-by-parts","prove","","1","1","0","0","0","0","1","0","0","1","0","0","0","high","handwriting;math-text;photo","open-reasoning","calculus-integration-techniques-integration-by-parts","true","calculus-integration-techniques"
"calculus-integration-techniques","calculus-integration-techniques-integration-by-parts","recognize","","1","1","0","0","1","1","1","1","0","0","0","0","0","low","tap","choice","calculus-integration-techniques-integration-by-parts","true","calculus-integration-techniques"
"calculus-integration-techniques","calculus-integration-techniques-products-and-powers-of-trigonometric-functions","compute","","8","8","0","0","0","0","8","0","8","0","0","0","0","low","math-text","structured","calculus-integration-techniques-products-and-powers-of-trigonometric-functions","false","calculus-integration-techniques"
"calculus-integration-techniques","calculus-integration-techniques-products-and-powers-of-trigonometric-functions","compute","calculus-integration-techniques-products-and-powers-of-trigonometric-functions-compute-production","1","1","1","1","0","0","0","0","1","0","1","2","0","low","math-text","structured","calculus-integration-techniques-products-and-powers-of-trigonometric-functions","false","calculus-integration-techniques"
"calculus-integration-techniques","calculus-integration-techniques-products-and-powers-of-trigonometric-functions","justify","","2","2","0","0","0","0","2","0","0","2","0","0","0","high","handwriting;math-text;photo","open-reasoning","calculus-integration-techniques-products-and-powers-of-trigonometric-functions","false","calculus-integration-techniques"
"calculus-integration-techniques","calculus-integration-techniques-products-and-powers-of-trigonometric-functions","justify","calculus-integration-techniques-products-and-powers-of-trigonometric-functions-justify-reasoning","1","1","1","1","0","0","0","0","0","1","0","0","0","medium","handwriting;math-text;photo","open-reasoning","calculus-integration-techniques-products-and-powers-of-trigonometric-functions","true","calculus-integration-techniques"
"calculus-integration-techniques","calculus-integration-techniques-products-and-powers-of-trigonometric-functions","recognize","","1","1","0","0","1","1","1","1","0","0","0","0","0","low","tap","choice","calculus-integration-techniques-products-and-powers-of-trigonometric-functions","true","calculus-integration-techniques"
"calculus-integration-techniques","calculus-integration-techniques-rational-functions-and-partial-fractions","compute","","8","8","0","0","0","0","8","0","8","0","0","0","0","low","math-text","structured","calculus-integration-techniques-rational-functions-and-partial-fractions","false","calculus-integration-techniques"
"calculus-integration-techniques","calculus-integration-techniques-rational-functions-and-partial-fractions","compute","calculus-integration-techniques-rational-functions-and-partial-fractions-compute-production","1","1","1","1","0","0","0","0","1","0","1","2","0","low","math-text","structured","calculus-integration-techniques-rational-functions-and-partial-fractions","false","calculus-integration-techniques"
"calculus-integration-techniques","calculus-integration-techniques-rational-functions-and-partial-fractions","justify","","2","2","0","0","0","0","2","0","0","2","0","0","0","high","handwriting;math-text;photo","open-reasoning","calculus-integration-techniques-rational-functions-and-partial-fractions","false","calculus-integration-techniques"
"calculus-integration-techniques","calculus-integration-techniques-rational-functions-and-partial-fractions","justify","calculus-integration-techniques-rational-functions-and-partial-fractions-justify-reasoning","1","1","1","1","0","0","0","0","0","1","0","0","0","medium","handwriting;math-text;photo","open-reasoning","calculus-integration-techniques-rational-functions-and-partial-fractions","true","calculus-integration-techniques"
"calculus-integration-techniques","calculus-integration-techniques-trigonometric-substitution-and-domains","compute","","7","7","0","0","0","0","7","0","7","0","0","0","0","low","math-text","structured","calculus-integration-techniques-trigonometric-substitution-and-domains","false","calculus-integration-techniques"
"calculus-integration-techniques","calculus-integration-techniques-trigonometric-substitution-and-domains","compute","calculus-integration-techniques-trigonometric-substitution-and-domains-compute-production","1","1","1","1","0","0","0","0","1","0","1","2","0","low","math-text","structured","calculus-integration-techniques-trigonometric-substitution-and-domains","false","calculus-integration-techniques"
"calculus-integration-techniques","calculus-integration-techniques-trigonometric-substitution-and-domains","interpret","","1","1","0","0","1","1","1","1","0","0","0","0","0","low","short-text","structured","calculus-integration-techniques-trigonometric-substitution-and-domains","true","calculus-integration-techniques"
"calculus-integration-techniques","calculus-integration-techniques-trigonometric-substitution-and-domains","justify","","1","1","0","0","0","0","1","0","0","1","0","0","0","high","handwriting;math-text;photo","open-reasoning","calculus-integration-techniques-trigonometric-substitution-and-domains","true","calculus-integration-techniques"
"calculus-integration-techniques","calculus-integration-techniques-trigonometric-substitution-and-domains","justify","calculus-integration-techniques-trigonometric-substitution-and-domains-justify-reasoning","1","1","1","1","0","0","0","0","0","1","0","0","0","medium","handwriting;math-text;photo","open-reasoning","calculus-integration-techniques-trigonometric-substitution-and-domains","true","calculus-integration-techniques"
"calculus-integration-techniques","calculus-integration-techniques-trigonometric-substitution-and-domains","prove","","1","1","0","0","0","0","1","0","0","1","0","0","0","high","handwriting;math-text;photo","open-reasoning","calculus-integration-techniques-trigonometric-substitution-and-domains","true","calculus-integration-techniques"
"calculus-limits-continuity","calculus-limits-continuity-a-precise-guarantee-with-epsilon-and-delta","compute","","5","5","0","0","0","0","5","0","5","0","0","0","0","low","math-text","structured","calculus-limits-continuity-a-precise-guarantee-with-epsilon-and-delta","false","calculus-limits-continuity"
"calculus-limits-continuity","calculus-limits-continuity-a-precise-guarantee-with-epsilon-and-delta","compute","calculus-limits-continuity-a-precise-guarantee-with-epsilon-and-delta-compute-production","1","1","1","1","0","0","0","0","1","0","0","0","0","low","math-text","structured","calculus-limits-continuity-a-precise-guarantee-with-epsilon-and-delta","true","calculus-limits-continuity"
"calculus-limits-continuity","calculus-limits-continuity-a-precise-guarantee-with-epsilon-and-delta","interpret","","3","3","0","0","3","3","3","3","0","0","0","0","0","low","tap","structured","calculus-limits-continuity-a-precise-guarantee-with-epsilon-and-delta","false","calculus-limits-continuity"
"calculus-limits-continuity","calculus-limits-continuity-a-precise-guarantee-with-epsilon-and-delta","interpret","calculus-limits-continuity-a-precise-guarantee-with-epsilon-and-delta-interpret-recognition","1","1","1","1","1","1","0","1","0","0","0","0","0","low","tap","structured","calculus-limits-continuity-a-precise-guarantee-with-epsilon-and-delta","true","calculus-limits-continuity"
"calculus-limits-continuity","calculus-limits-continuity-a-precise-guarantee-with-epsilon-and-delta","justify","calculus-limits-continuity-a-precise-guarantee-with-epsilon-and-delta-justify-reasoning","1","1","1","1","0","0","0","0","0","1","0","0","0","medium","handwriting;math-text;photo","open-reasoning","calculus-limits-continuity-a-precise-guarantee-with-epsilon-and-delta","true","calculus-limits-continuity"
"calculus-limits-continuity","calculus-limits-continuity-a-precise-guarantee-with-epsilon-and-delta","prove","","2","2","0","0","0","0","2","0","0","2","0","0","0","high","handwriting;math-text;photo","open-reasoning","calculus-limits-continuity-a-precise-guarantee-with-epsilon-and-delta","false","calculus-limits-continuity"
"calculus-limits-continuity","calculus-limits-continuity-approaching-a-value-from-nearby-inputs","compute","","6","6","0","0","0","0","6","0","6","0","0","0","0","low","math-text","structured","calculus-limits-continuity-approaching-a-value-from-nearby-inputs","false","calculus-limits-continuity"
"calculus-limits-continuity","calculus-limits-continuity-approaching-a-value-from-nearby-inputs","compute","calculus-limits-continuity-approaching-a-value-from-nearby-inputs-compute-production","1","1","1","1","0","0","0","0","1","0","1","2","0","low","math-text","structured","calculus-limits-continuity-approaching-a-value-from-nearby-inputs","false","calculus-limits-continuity"
"calculus-limits-continuity","calculus-limits-continuity-approaching-a-value-from-nearby-inputs","construct","","1","1","0","0","0","0","1","0","1","0","0","0","0","high","handwriting;math-text;photo","open-reasoning","calculus-limits-continuity-approaching-a-value-from-nearby-inputs","true","calculus-limits-continuity"
"calculus-limits-continuity","calculus-limits-continuity-approaching-a-value-from-nearby-inputs","interpret","","1","1","0","0","0","0","1","0","1","0","0","0","0","low","math-text","structured","calculus-limits-continuity-approaching-a-value-from-nearby-inputs","true","calculus-limits-continuity"
"calculus-limits-continuity","calculus-limits-continuity-approaching-a-value-from-nearby-inputs","interpret","calculus-limits-continuity-approaching-a-value-from-nearby-inputs-interpret-recognition","1","1","1","1","1","1","0","1","0","0","0","0","0","low","short-text","structured","calculus-limits-continuity-approaching-a-value-from-nearby-inputs","true","calculus-limits-continuity"
"calculus-limits-continuity","calculus-limits-continuity-approaching-a-value-from-nearby-inputs","justify","","1","1","0","0","0","0","1","0","0","1","0","0","0","high","handwriting;math-text;photo","open-reasoning","calculus-limits-continuity-approaching-a-value-from-nearby-inputs","true","calculus-limits-continuity"
"calculus-limits-continuity","calculus-limits-continuity-approaching-a-value-from-nearby-inputs","recognize","","1","1","0","0","1","1","1","1","0","0","0","0","0","low","tap","choice","calculus-limits-continuity-approaching-a-value-from-nearby-inputs","true","calculus-limits-continuity"
"calculus-limits-continuity","calculus-limits-continuity-continuity-and-the-intermediate-value-theorem","compute","","4","4","0","0","0","0","4","0","4","0","0","0","0","low","math-text","structured","calculus-limits-continuity-continuity-and-the-intermediate-value-theorem","false","calculus-limits-continuity"
"calculus-limits-continuity","calculus-limits-continuity-continuity-and-the-intermediate-value-theorem","compute","calculus-limits-continuity-continuity-and-the-intermediate-value-theorem-compute-production","1","1","1","1","0","0","0","0","1","0","1","2","0","low","math-text","structured","calculus-limits-continuity-continuity-and-the-intermediate-value-theorem","false","calculus-limits-continuity"
"calculus-limits-continuity","calculus-limits-continuity-continuity-and-the-intermediate-value-theorem","interpret","","4","4","0","0","4","4","4","4","0","0","0","0","0","low","tap","structured","calculus-limits-continuity-continuity-and-the-intermediate-value-theorem","false","calculus-limits-continuity"
"calculus-limits-continuity","calculus-limits-continuity-continuity-and-the-intermediate-value-theorem","interpret","calculus-limits-continuity-continuity-and-the-intermediate-value-theorem-interpret-recognition","1","1","1","1","1","1","0","1","0","0","0","0","0","low","tap","structured","calculus-limits-continuity-continuity-and-the-intermediate-value-theorem","true","calculus-limits-continuity"
"calculus-limits-continuity","calculus-limits-continuity-continuity-and-the-intermediate-value-theorem","justify","","2","2","0","0","0","0","2","0","0","2","0","0","0","high","handwriting;math-text;photo","open-reasoning","calculus-limits-continuity-continuity-and-the-intermediate-value-theorem","false","calculus-limits-continuity"
"calculus-limits-continuity","calculus-limits-continuity-continuity-and-the-intermediate-value-theorem","recognize","","1","1","0","0","1","1","1","1","0","0","0","0","0","low","tap","choice","calculus-limits-continuity-continuity-and-the-intermediate-value-theorem","true","calculus-limits-continuity"
"calculus-limits-continuity","calculus-limits-continuity-limit-laws-cancellation-and-squeezing","compute","","8","8","0","0","0","0","8","0","8","0","0","0","0","low","math-text","structured","calculus-limits-continuity-limit-laws-cancellation-and-squeezing","false","calculus-limits-continuity"
"calculus-limits-continuity","calculus-limits-continuity-limit-laws-cancellation-and-squeezing","compute","calculus-limits-continuity-limit-laws-cancellation-and-squeezing-compute-production","1","1","1","1","0","0","0","0","1","0","1","3","0","low","math-text","structured","calculus-limits-continuity-limit-laws-cancellation-and-squeezing","false","calculus-limits-continuity"
"calculus-limits-continuity","calculus-limits-continuity-limit-laws-cancellation-and-squeezing","construct","","1","1","0","0","0","0","1","0","1","0","0","0","0","high","handwriting;math-text;photo","open-reasoning","calculus-limits-continuity-limit-laws-cancellation-and-squeezing","true","calculus-limits-continuity"
"calculus-limits-continuity","calculus-limits-continuity-limit-laws-cancellation-and-squeezing","justify","","1","1","0","0","0","0","1","0","0","1","0","0","0","high","handwriting;math-text;photo","open-reasoning","calculus-limits-continuity-limit-laws-cancellation-and-squeezing","true","calculus-limits-continuity"
"calculus-limits-continuity","calculus-limits-continuity-unbounded-behavior-and-limits-at-infinity","compute","","4","4","0","0","0","0","4","0","4","0","0","0","0","low","math-text","structured","calculus-limits-continuity-unbounded-behavior-and-limits-at-infinity","false","calculus-limits-continuity"
"calculus-limits-continuity","calculus-limits-continuity-unbounded-behavior-and-limits-at-infinity","compute","calculus-limits-continuity-unbounded-behavior-and-limits-at-infinity-compute-production","1","1","1","1","0","0","0","0","1","0","1","2","0","low","math-text","structured","calculus-limits-continuity-unbounded-behavior-and-limits-at-infinity","false","calculus-limits-continuity"
"calculus-limits-continuity","calculus-limits-continuity-unbounded-behavior-and-limits-at-infinity","construct","","1","1","0","0","0","0","1","0","1","0","0","0","0","high","handwriting;math-text;photo","open-reasoning","calculus-limits-continuity-unbounded-behavior-and-limits-at-infinity","true","calculus-limits-continuity"
"calculus-limits-continuity","calculus-limits-continuity-unbounded-behavior-and-limits-at-infinity","interpret","","4","4","0","0","4","4","4","4","0","0","0","0","0","low","short-text;tap","structured","calculus-limits-continuity-unbounded-behavior-and-limits-at-infinity","false","calculus-limits-continuity"
"calculus-limits-continuity","calculus-limits-continuity-unbounded-behavior-and-limits-at-infinity","interpret","calculus-limits-continuity-unbounded-behavior-and-limits-at-infinity-interpret-recognition","1","1","1","1","1","1","0","1","0","0","0","0","0","low","short-text","structured","calculus-limits-continuity-unbounded-behavior-and-limits-at-infinity","true","calculus-limits-continuity"
"calculus-limits-continuity","calculus-limits-continuity-unbounded-behavior-and-limits-at-infinity","justify","","1","1","0","0","0","0","1","0","0","1","0","0","0","high","handwriting;math-text;photo","open-reasoning","calculus-limits-continuity-unbounded-behavior-and-limits-at-infinity","true","calculus-limits-continuity"
"calculus-multivariable-chain-rule","calculus-multivariable-chain-rule-a-moving-input-changes-several-coordinates","compute","","10","10","0","0","0","0","10","0","10","0","0","0","0","low","math-text","structured","calculus-multivariable-chain-rule-a-moving-input-changes-several-coordinates","false","calculus-multivariable-chain-rule"
"calculus-multivariable-chain-rule","calculus-multivariable-chain-rule-a-moving-input-changes-several-coordinates","compute","calculus-multivariable-chain-rule-a-moving-input-changes-several-coordinates-compute-production","1","1","1","1","0","0","0","0","1","0","1","2","0","low","math-text","structured","calculus-multivariable-chain-rule-a-moving-input-changes-several-coordinates","false","calculus-multivariable-chain-rule"
"calculus-multivariable-chain-rule","calculus-multivariable-chain-rule-a-moving-input-changes-several-coordinates","justify","calculus-multivariable-chain-rule-a-moving-input-changes-several-coordinates-justify-reasoning","1","1","1","1","0","0","0","0","0","1","0","0","0","medium","handwriting;math-text;photo","open-reasoning","calculus-multivariable-chain-rule-a-moving-input-changes-several-coordinates","true","calculus-multivariable-chain-rule"
"calculus-multivariable-chain-rule","calculus-multivariable-chain-rule-a-moving-input-changes-several-coordinates","recognize","","1","1","0","0","1","1","1","1","0","0","0","0","0","low","tap","choice","calculus-multivariable-chain-rule-a-moving-input-changes-several-coordinates","true","calculus-multivariable-chain-rule"
"calculus-multivariable-chain-rule","calculus-multivariable-chain-rule-composition-becomes-matrix-multiplication","compute","","10","10","0","0","0","0","10","0","10","0","0","0","0","low","math-text","structured","calculus-multivariable-chain-rule-composition-becomes-matrix-multiplication","false","calculus-multivariable-chain-rule"
"calculus-multivariable-chain-rule","calculus-multivariable-chain-rule-composition-becomes-matrix-multiplication","compute","calculus-multivariable-chain-rule-composition-becomes-matrix-multiplication-compute-production","1","1","1","1","0","0","0","0","1","0","1","2","0","low","math-text","structured","calculus-multivariable-chain-rule-composition-becomes-matrix-multiplication","false","calculus-multivariable-chain-rule"
"calculus-multivariable-chain-rule","calculus-multivariable-chain-rule-composition-becomes-matrix-multiplication","justify","calculus-multivariable-chain-rule-composition-becomes-matrix-multiplication-justify-reasoning","1","1","1","1","0","0","0","0","0","1","0","0","0","medium","handwriting;math-text;photo","open-reasoning","calculus-multivariable-chain-rule-composition-becomes-matrix-multiplication","true","calculus-multivariable-chain-rule"
"calculus-multivariable-chain-rule","calculus-multivariable-chain-rule-composition-becomes-matrix-multiplication","recognize","","1","1","0","0","1","1","1","1","0","0","0","0","0","low","tap","choice","calculus-multivariable-chain-rule-composition-becomes-matrix-multiplication","true","calculus-multivariable-chain-rule"
"calculus-multivariable-chain-rule","calculus-multivariable-chain-rule-dependency-paths-organize-the-sum","compute","","10","10","0","0","0","0","10","0","10","0","0","0","0","low","math-text","structured","calculus-multivariable-chain-rule-dependency-paths-organize-the-sum","false","calculus-multivariable-chain-rule"
"calculus-multivariable-chain-rule","calculus-multivariable-chain-rule-dependency-paths-organize-the-sum","compute","calculus-multivariable-chain-rule-dependency-paths-organize-the-sum-compute-production","1","1","1","1","0","0","0","0","1","0","1","2","0","low","math-text","structured","calculus-multivariable-chain-rule-dependency-paths-organize-the-sum","false","calculus-multivariable-chain-rule"
"calculus-multivariable-chain-rule","calculus-multivariable-chain-rule-dependency-paths-organize-the-sum","interpret","calculus-multivariable-chain-rule-dependency-paths-organize-the-sum-interpret-recognition","1","1","1","1","1","1","0","1","0","0","0","0","0","low","tap","structured","calculus-multivariable-chain-rule-dependency-paths-organize-the-sum","true","calculus-multivariable-chain-rule"
"calculus-multivariable-chain-rule","calculus-multivariable-chain-rule-implicit-dependencies-and-computation-graphs","compute","","10","10","0","0","0","0","10","0","10","0","0","0","0","low","math-text","structured","calculus-multivariable-chain-rule-implicit-dependencies-and-computation-graphs","false","calculus-multivariable-chain-rule"
"calculus-multivariable-chain-rule","calculus-multivariable-chain-rule-implicit-dependencies-and-computation-graphs","compute","calculus-multivariable-chain-rule-implicit-dependencies-and-computation-graphs-compute-production","1","1","1","1","0","0","0","0","1","0","1","3","0","low","math-text","structured","calculus-multivariable-chain-rule-implicit-dependencies-and-computation-graphs","false","calculus-multivariable-chain-rule"
"calculus-multivariable-chain-rule","calculus-multivariable-chain-rule-implicit-dependencies-and-computation-graphs","justify","","1","1","0","0","0","0","1","0","0","1","0","0","0","high","handwriting;math-text;photo","open-reasoning","calculus-multivariable-chain-rule-implicit-dependencies-and-computation-graphs","true","calculus-multivariable-chain-rule"
"calculus-multivariable-chain-rule","calculus-multivariable-chain-rule-the-jacobian-is-the-derivative-matrix","compute","","10","10","0","0","0","0","10","0","10","0","0","0","0","low","math-text","structured","calculus-multivariable-chain-rule-the-jacobian-is-the-derivative-matrix","false","calculus-multivariable-chain-rule"
"calculus-multivariable-chain-rule","calculus-multivariable-chain-rule-the-jacobian-is-the-derivative-matrix","compute","calculus-multivariable-chain-rule-the-jacobian-is-the-derivative-matrix-compute-production","1","1","1","1","0","0","0","0","1","0","1","3","0","low","math-text","structured","calculus-multivariable-chain-rule-the-jacobian-is-the-derivative-matrix","false","calculus-multivariable-chain-rule"
"calculus-multivariable-chain-rule","calculus-multivariable-chain-rule-the-jacobian-is-the-derivative-matrix","justify","","1","1","0","0","0","0","1","0","0","1","0","0","0","high","handwriting;math-text;photo","open-reasoning","calculus-multivariable-chain-rule-the-jacobian-is-the-derivative-matrix","true","calculus-multivariable-chain-rule"
"calculus-multivariable-chain-rule","calculus-multivariable-chain-rule-the-jacobian-is-the-derivative-matrix","recall","calculus-multivariable-chain-rule-the-jacobian-is-the-derivative-matrix-recall-recognition","0","1","0","1","0","1","0","1","0","0","1","2","0","low","tap","structured","calculus-multivariable-chain-rule-the-jacobian-is-the-derivative-matrix","false",""
"calculus-multivariable-extrema","calculus-multivariable-extrema-differentiate-the-partial-derivatives","compute","","10","10","0","0","0","0","10","0","10","0","0","0","0","low","math-text","structured","calculus-multivariable-extrema-differentiate-the-partial-derivatives","false","calculus-multivariable-extrema"
"calculus-multivariable-extrema","calculus-multivariable-extrema-differentiate-the-partial-derivatives","compute","calculus-multivariable-extrema-differentiate-the-partial-derivatives-compute-production","1","1","1","1","0","0","0","0","1","0","1","2","0","low","math-text","structured","calculus-multivariable-extrema-differentiate-the-partial-derivatives","false","calculus-multivariable-extrema"
"calculus-multivariable-extrema","calculus-multivariable-extrema-differentiate-the-partial-derivatives","justify","calculus-multivariable-extrema-differentiate-the-partial-derivatives-justify-reasoning","1","1","1","1","0","0","0","0","0","1","0","0","0","medium","handwriting;math-text;photo","open-reasoning","calculus-multivariable-extrema-differentiate-the-partial-derivatives","true","calculus-multivariable-extrema"
"calculus-multivariable-extrema","calculus-multivariable-extrema-global-extrema-require-the-whole-feasible-set","compute","","5","5","0","0","0","0","5","0","5","0","0","0","0","low","math-text","structured","calculus-multivariable-extrema-global-extrema-require-the-whole-feasible-set","false","calculus-multivariable-extrema"
"calculus-multivariable-extrema","calculus-multivariable-extrema-global-extrema-require-the-whole-feasible-set","compute","calculus-multivariable-extrema-global-extrema-require-the-whole-feasible-set-compute-production","1","1","1","1","0","0","0","0","1","0","1","2","0","low","math-text","structured","calculus-multivariable-extrema-global-extrema-require-the-whole-feasible-set","false","calculus-multivariable-extrema"
"calculus-multivariable-extrema","calculus-multivariable-extrema-global-extrema-require-the-whole-feasible-set","interpret","","5","5","0","0","5","5","5","5","0","0","0","0","0","low","tap","structured","calculus-multivariable-extrema-global-extrema-require-the-whole-feasible-set","false","calculus-multivariable-extrema"
"calculus-multivariable-extrema","calculus-multivariable-extrema-global-extrema-require-the-whole-feasible-set","justify","calculus-multivariable-extrema-global-extrema-require-the-whole-feasible-set-justify-reasoning","1","1","1","1","0","0","0","0","0","1","0","0","0","medium","handwriting;math-text;photo","open-reasoning","calculus-multivariable-extrema-global-extrema-require-the-whole-feasible-set","true","calculus-multivariable-extrema"
"calculus-multivariable-extrema","calculus-multivariable-extrema-stationary-points-and-the-second-derivative-test","analyze","calculus-multivariable-extrema-stationary-points-and-the-second-derivative-test-analyze-recognition","1","1","1","1","1","1","0","1","0","0","0","0","0","low","short-text","structured","calculus-multivariable-extrema-stationary-points-and-the-second-derivative-test","true","calculus-multivariable-extrema"
"calculus-multivariable-extrema","calculus-multivariable-extrema-stationary-points-and-the-second-derivative-test","compute","","5","5","0","0","0","0","5","0","5","0","0","0","0","low","math-text","structured","calculus-multivariable-extrema-stationary-points-and-the-second-derivative-test","false","calculus-multivariable-extrema"
"calculus-multivariable-extrema","calculus-multivariable-extrema-stationary-points-and-the-second-derivative-test","compute","calculus-multivariable-extrema-stationary-points-and-the-second-derivative-test-compute-production","1","1","1","1","0","0","0","0","1","0","1","2","0","low","math-text","structured","calculus-multivariable-extrema-stationary-points-and-the-second-derivative-test","false","calculus-multivariable-extrema"
"calculus-multivariable-extrema","calculus-multivariable-extrema-stationary-points-and-the-second-derivative-test","recognize","","1","1","0","0","1","1","1","1","0","0","0","0","0","low","tap","choice","calculus-multivariable-extrema-stationary-points-and-the-second-derivative-test","true","calculus-multivariable-extrema"
"calculus-multivariable-extrema","calculus-multivariable-extrema-the-hessian-and-quadratic-approximation","compute","","10","10","0","0","0","0","10","0","10","0","0","0","0","low","math-text","structured","calculus-multivariable-extrema-the-hessian-and-quadratic-approximation","false","calculus-multivariable-extrema"
"calculus-multivariable-extrema","calculus-multivariable-extrema-the-hessian-and-quadratic-approximation","compute","calculus-multivariable-extrema-the-hessian-and-quadratic-approximation-compute-production","1","1","1","1","0","0","0","0","1","0","1","2","0","low","math-text","structured","calculus-multivariable-extrema-the-hessian-and-quadratic-approximation","false","calculus-multivariable-extrema"
"calculus-multivariable-extrema","calculus-multivariable-extrema-the-hessian-and-quadratic-approximation","interpret","calculus-multivariable-extrema-the-hessian-and-quadratic-approximation-interpret-recognition","1","1","1","1","1","1","0","1","0","0","0","0","0","low","tap","structured","calculus-multivariable-extrema-the-hessian-and-quadratic-approximation","true","calculus-multivariable-extrema"
"calculus-multivariable-extrema","calculus-multivariable-extrema-when-the-test-cannot-decide","analyze","calculus-multivariable-extrema-when-the-test-cannot-decide-analyze-recognition","1","1","1","1","1","1","0","1","0","0","0","0","0","low","short-text","structured","calculus-multivariable-extrema-when-the-test-cannot-decide","true","calculus-multivariable-extrema"
"calculus-multivariable-extrema","calculus-multivariable-extrema-when-the-test-cannot-decide","interpret","calculus-multivariable-extrema-when-the-test-cannot-decide-interpret-recognition","1","1","1","1","1","1","0","1","0","0","0","0","0","low","tap","structured","calculus-multivariable-extrema-when-the-test-cannot-decide","true","calculus-multivariable-extrema"
"calculus-multivariable-extrema","calculus-multivariable-extrema-when-the-test-cannot-decide","justify","","5","5","0","0","0","0","5","0","0","5","0","0","0","high","handwriting;math-text;photo","open-reasoning","calculus-multivariable-extrema-when-the-test-cannot-decide","false","calculus-multivariable-extrema"
"calculus-multivariable-extrema","calculus-multivariable-extrema-when-the-test-cannot-decide","justify","calculus-multivariable-extrema-when-the-test-cannot-decide-justify-reasoning","1","1","1","1","0","0","0","0","0","1","0","0","0","medium","handwriting;math-text;photo","open-reasoning","calculus-multivariable-extrema-when-the-test-cannot-decide","true","calculus-multivariable-extrema"
"calculus-multivariable-extrema","calculus-multivariable-extrema-when-the-test-cannot-decide","recognize","","1","1","0","0","1","1","1","1","0","0","0","0","0","low","tap","choice","calculus-multivariable-extrema-when-the-test-cannot-decide","true","calculus-multivariable-extrema"
"calculus-multivariable-functions","calculus-multivariable-functions-coordinate-information-has-limits","compute","","5","5","0","0","0","0","5","0","5","0","0","0","0","low","math-text","structured","calculus-multivariable-functions-coordinate-information-has-limits","false","calculus-multivariable-functions"
"calculus-multivariable-functions","calculus-multivariable-functions-coordinate-information-has-limits","compute","calculus-multivariable-functions-coordinate-information-has-limits-compute-production","1","1","1","1","0","0","0","0","1","0","0","0","0","low","math-text","structured","calculus-multivariable-functions-coordinate-information-has-limits","true","calculus-multivariable-functions"
"calculus-multivariable-functions","calculus-multivariable-functions-coordinate-information-has-limits","interpret","calculus-multivariable-functions-coordinate-information-has-limits-interpret-recognition","1","1","1","1","1","1","0","1","0","0","0","0","0","low","tap","structured","calculus-multivariable-functions-coordinate-information-has-limits","true","calculus-multivariable-functions"
"calculus-multivariable-functions","calculus-multivariable-functions-coordinate-information-has-limits","justify","","5","5","0","0","0","0","5","0","0","5","0","0","0","high","handwriting;math-text;photo","open-reasoning","calculus-multivariable-functions-coordinate-information-has-limits","false","calculus-multivariable-functions"
"calculus-multivariable-functions","calculus-multivariable-functions-coordinate-information-has-limits","justify","calculus-multivariable-functions-coordinate-information-has-limits-justify-reasoning","1","1","1","1","0","0","0","0","0","1","0","0","0","medium","handwriting;math-text;photo","open-reasoning","calculus-multivariable-functions-coordinate-information-has-limits","true","calculus-multivariable-functions"
"calculus-multivariable-functions","calculus-multivariable-functions-coordinate-information-has-limits","recognize","","1","1","0","0","1","1","1","1","0","0","0","0","0","low","tap","choice","calculus-multivariable-functions-coordinate-information-has-limits","true","calculus-multivariable-functions"
"calculus-multivariable-functions","calculus-multivariable-functions-limits-require-every-approach","compute","","5","5","0","0","0","0","5","0","5","0","0","0","0","low","math-text","structured","calculus-multivariable-functions-limits-require-every-approach","false","calculus-multivariable-functions"
"calculus-multivariable-functions","calculus-multivariable-functions-limits-require-every-approach","compute","calculus-multivariable-functions-limits-require-every-approach-compute-production","1","1","1","1","0","0","0","0","1","0","0","0","0","low","math-text","structured","calculus-multivariable-functions-limits-require-every-approach","true","calculus-multivariable-functions"
"calculus-multivariable-functions","calculus-multivariable-functions-limits-require-every-approach","interpret","calculus-multivariable-functions-limits-require-every-approach-interpret-recognition","1","1","1","1","1","1","0","1","0","0","0","0","0","low","tap","structured","calculus-multivariable-functions-limits-require-every-approach","true","calculus-multivariable-functions"
"calculus-multivariable-functions","calculus-multivariable-functions-limits-require-every-approach","justify","","5","5","0","0","0","0","5","0","0","5","0","0","0","high","handwriting;math-text;photo","open-reasoning","calculus-multivariable-functions-limits-require-every-approach","false","calculus-multivariable-functions"
"calculus-multivariable-functions","calculus-multivariable-functions-limits-require-every-approach","justify","calculus-multivariable-functions-limits-require-every-approach-justify-reasoning","1","1","1","1","0","0","0","0","0","1","0","0","0","medium","handwriting;math-text;photo","open-reasoning","calculus-multivariable-functions-limits-require-every-approach","true","calculus-multivariable-functions"
"calculus-multivariable-functions","calculus-multivariable-functions-partial-derivatives-hold-other-inputs-fixed","compute","","11","11","0","0","0","0","11","0","11","0","0","0","0","low","math-text","structured","calculus-multivariable-functions-partial-derivatives-hold-other-inputs-fixed","false","calculus-multivariable-functions"
"calculus-multivariable-functions","calculus-multivariable-functions-partial-derivatives-hold-other-inputs-fixed","compute","calculus-multivariable-functions-partial-derivatives-hold-other-inputs-fixed-compute-production","1","1","1","1","0","0","0","0","1","0","1","3","0","low","math-text","structured","calculus-multivariable-functions-partial-derivatives-hold-other-inputs-fixed","false","calculus-multivariable-functions"
"calculus-multivariable-functions","calculus-multivariable-functions-partial-derivatives-hold-other-inputs-fixed","recall","calculus-multivariable-functions-partial-derivatives-hold-other-inputs-fixed-recall-recognition","0","1","0","1","0","1","0","1","0","0","1","2","0","low","tap","structured","calculus-multivariable-functions-partial-derivatives-hold-other-inputs-fixed","false",""
"calculus-multivariable-functions","calculus-multivariable-functions-several-inputs-one-output","compute","","5","5","0","0","0","0","5","0","5","0","0","0","0","low","math-text","structured","calculus-multivariable-functions-several-inputs-one-output","false","calculus-multivariable-functions"
"calculus-multivariable-functions","calculus-multivariable-functions-several-inputs-one-output","compute","calculus-multivariable-functions-several-inputs-one-output-compute-production","1","1","1","1","0","0","0","0","1","0","0","0","0","low","math-text","structured","calculus-multivariable-functions-several-inputs-one-output","true","calculus-multivariable-functions"
"calculus-multivariable-functions","calculus-multivariable-functions-several-inputs-one-output","interpret","","5","5","0","0","5","5","5","5","0","0","0","0","0","low","tap","structured","calculus-multivariable-functions-several-inputs-one-output","false","calculus-multivariable-functions"
"calculus-multivariable-functions","calculus-multivariable-functions-several-inputs-one-output","interpret","calculus-multivariable-functions-several-inputs-one-output-interpret-recognition","1","1","1","1","1","1","0","1","0","0","1","2","0","low","tap","structured","calculus-multivariable-functions-several-inputs-one-output","false","calculus-multivariable-functions"
"calculus-multivariable-functions","calculus-multivariable-functions-several-inputs-one-output","justify","","1","1","0","0","0","0","1","0","0","1","0","0","0","high","handwriting;math-text;photo","open-reasoning","calculus-multivariable-functions-several-inputs-one-output","true","calculus-multivariable-functions"
"calculus-multivariable-functions","calculus-multivariable-functions-several-inputs-one-output","recognize","","1","1","0","0","1","1","1","1","0","0","0","0","0","low","tap","choice","calculus-multivariable-functions-several-inputs-one-output","true","calculus-multivariable-functions"
"calculus-multivariable-functions","calculus-multivariable-functions-slices-and-level-curves","compute","","10","10","0","0","0","0","10","0","10","0","0","0","0","low","math-text","structured","calculus-multivariable-functions-slices-and-level-curves","false","calculus-multivariable-functions"
"calculus-multivariable-functions","calculus-multivariable-functions-slices-and-level-curves","compute","calculus-multivariable-functions-slices-and-level-curves-compute-production","1","1","1","1","0","0","0","0","1","0","1","2","0","low","math-text","structured","calculus-multivariable-functions-slices-and-level-curves","false","calculus-multivariable-functions"
"calculus-multivariable-functions","calculus-multivariable-functions-slices-and-level-curves","justify","","1","1","0","0","0","0","1","0","0","1","0","0","0","high","handwriting;math-text;photo","open-reasoning","calculus-multivariable-functions-slices-and-level-curves","true","calculus-multivariable-functions"
"calculus-multivariable-functions","calculus-multivariable-functions-slices-and-level-curves","justify","calculus-multivariable-functions-slices-and-level-curves-justify-reasoning","1","1","1","1","0","0","0","0","0","1","0","0","0","medium","handwriting;math-text;photo","open-reasoning","calculus-multivariable-functions-slices-and-level-curves","true","calculus-multivariable-functions"
"calculus-mvt-function-behavior","calculus-mvt-function-behavior-infinite-quotients-and-transformed-indeterminate-forms","compute","","8","8","0","0","0","0","8","0","8","0","0","0","0","low","math-text","structured","calculus-mvt-function-behavior-infinite-quotients-and-transformed-indeterminate-forms","false","calculus-mvt-function-behavior"
"calculus-mvt-function-behavior","calculus-mvt-function-behavior-infinite-quotients-and-transformed-indeterminate-forms","compute","calculus-mvt-function-behavior-infinite-quotients-and-transformed-indeterminate-forms-compute-production","1","1","1","1","0","0","0","0","1","0","1","3","0","low","math-text","structured","calculus-mvt-function-behavior-infinite-quotients-and-transformed-indeterminate-forms","false","calculus-mvt-function-behavior"
"calculus-mvt-function-behavior","calculus-mvt-function-behavior-infinite-quotients-and-transformed-indeterminate-forms","justify","","2","2","0","0","0","0","2","0","0","2","0","0","0","high","handwriting;math-text;photo","open-reasoning","calculus-mvt-function-behavior-infinite-quotients-and-transformed-indeterminate-forms","false","calculus-mvt-function-behavior"
"calculus-mvt-function-behavior","calculus-mvt-function-behavior-l-h-pital-s-rule-for-vanishing-quotients","compute","","7","7","0","0","0","0","7","0","7","0","0","0","0","low","math-text","structured","calculus-mvt-function-behavior-l-h-pital-s-rule-for-vanishing-quotients","false","calculus-mvt-function-behavior"
"calculus-mvt-function-behavior","calculus-mvt-function-behavior-l-h-pital-s-rule-for-vanishing-quotients","compute","calculus-mvt-function-behavior-l-h-pital-s-rule-for-vanishing-quotients-compute-production","1","1","1","1","0","0","0","0","1","0","1","3","0","low","math-text","structured","calculus-mvt-function-behavior-l-h-pital-s-rule-for-vanishing-quotients","false","calculus-mvt-function-behavior"
"calculus-mvt-function-behavior","calculus-mvt-function-behavior-l-h-pital-s-rule-for-vanishing-quotients","construct","","1","1","0","0","0","0","1","0","1","0","0","0","0","high","handwriting;math-text;photo","open-reasoning","calculus-mvt-function-behavior-l-h-pital-s-rule-for-vanishing-quotients","true","calculus-mvt-function-behavior"
"calculus-mvt-function-behavior","calculus-mvt-function-behavior-l-h-pital-s-rule-for-vanishing-quotients","interpret","","1","1","0","0","1","1","1","1","0","0","0","0","0","low","tap","structured","calculus-mvt-function-behavior-l-h-pital-s-rule-for-vanishing-quotients","true","calculus-mvt-function-behavior"
"calculus-mvt-function-behavior","calculus-mvt-function-behavior-l-h-pital-s-rule-for-vanishing-quotients","justify","","1","1","0","0","0","0","1","0","0","1","0","0","0","high","handwriting;math-text;photo","open-reasoning","calculus-mvt-function-behavior-l-h-pital-s-rule-for-vanishing-quotients","true","calculus-mvt-function-behavior"
"calculus-mvt-function-behavior","calculus-mvt-function-behavior-l-h-pital-s-rule-for-vanishing-quotients","recognize","","1","1","0","0","1","1","1","1","0","0","0","0","0","low","tap","choice","calculus-mvt-function-behavior-l-h-pital-s-rule-for-vanishing-quotients","true","calculus-mvt-function-behavior"
"calculus-mvt-function-behavior","calculus-mvt-function-behavior-monotonicity-uniqueness-and-change-bounds","compute","","5","5","0","0","0","0","5","0","5","0","0","0","0","low","math-text","structured","calculus-mvt-function-behavior-monotonicity-uniqueness-and-change-bounds","false","calculus-mvt-function-behavior"
"calculus-mvt-function-behavior","calculus-mvt-function-behavior-monotonicity-uniqueness-and-change-bounds","compute","calculus-mvt-function-behavior-monotonicity-uniqueness-and-change-bounds-compute-production","1","1","1","1","0","0","0","0","1","0","1","2","0","low","math-text","structured","calculus-mvt-function-behavior-monotonicity-uniqueness-and-change-bounds","false","calculus-mvt-function-behavior"
"calculus-mvt-function-behavior","calculus-mvt-function-behavior-monotonicity-uniqueness-and-change-bounds","interpret","","3","3","0","0","3","3","3","3","0","0","0","0","0","low","short-text;tap","structured","calculus-mvt-function-behavior-monotonicity-uniqueness-and-change-bounds","false","calculus-mvt-function-behavior"
"calculus-mvt-function-behavior","calculus-mvt-function-behavior-monotonicity-uniqueness-and-change-bounds","interpret","calculus-mvt-function-behavior-monotonicity-uniqueness-and-change-bounds-interpret-recognition","1","1","1","1","1","1","0","1","0","0","0","0","0","low","tap","structured","calculus-mvt-function-behavior-monotonicity-uniqueness-and-change-bounds","true","calculus-mvt-function-behavior"
"calculus-mvt-function-behavior","calculus-mvt-function-behavior-monotonicity-uniqueness-and-change-bounds","prove","","2","2","0","0","0","0","2","0","0","2","0","0","0","high","handwriting;math-text;photo","open-reasoning","calculus-mvt-function-behavior-monotonicity-uniqueness-and-change-bounds","false","calculus-mvt-function-behavior"
"calculus-mvt-function-behavior","calculus-mvt-function-behavior-reading-derivative-signs-and-concavity","compute","","1","1","0","0","0","0","1","0","1","0","0","0","0","low","math-text","structured","calculus-mvt-function-behavior-reading-derivative-signs-and-concavity","true","calculus-mvt-function-behavior"
"calculus-mvt-function-behavior","calculus-mvt-function-behavior-reading-derivative-signs-and-concavity","compute","calculus-mvt-function-behavior-reading-derivative-signs-and-concavity-compute-production","1","1","1","1","0","0","0","0","1","0","0","0","0","low","math-text","structured","calculus-mvt-function-behavior-reading-derivative-signs-and-concavity","true","calculus-mvt-function-behavior"
"calculus-mvt-function-behavior","calculus-mvt-function-behavior-reading-derivative-signs-and-concavity","construct","","1","1","0","0","0","0","1","0","1","0","0","0","0","high","handwriting;math-text;photo","open-reasoning","calculus-mvt-function-behavior-reading-derivative-signs-and-concavity","true","calculus-mvt-function-behavior"
"calculus-mvt-function-behavior","calculus-mvt-function-behavior-reading-derivative-signs-and-concavity","interpret","","7","7","0","0","7","7","7","7","0","0","0","0","0","low","short-text;tap","structured","calculus-mvt-function-behavior-reading-derivative-signs-and-concavity","false","calculus-mvt-function-behavior"
"calculus-mvt-function-behavior","calculus-mvt-function-behavior-reading-derivative-signs-and-concavity","interpret","calculus-mvt-function-behavior-reading-derivative-signs-and-concavity-interpret-recognition","1","1","1","1","1","1","0","1","0","0","1","2","0","low","short-text;tap","structured","calculus-mvt-function-behavior-reading-derivative-signs-and-concavity","false","calculus-mvt-function-behavior"
"calculus-mvt-function-behavior","calculus-mvt-function-behavior-reading-derivative-signs-and-concavity","justify","","1","1","0","0","0","0","1","0","0","1","0","0","0","high","handwriting;math-text;photo","open-reasoning","calculus-mvt-function-behavior-reading-derivative-signs-and-concavity","true","calculus-mvt-function-behavior"
"calculus-mvt-function-behavior","calculus-mvt-function-behavior-rolle-s-theorem-and-the-mean-value-theorem","compute","","5","5","0","0","0","0","5","0","5","0","0","0","0","low","math-text","structured","calculus-mvt-function-behavior-rolle-s-theorem-and-the-mean-value-theorem","false","calculus-mvt-function-behavior"
"calculus-mvt-function-behavior","calculus-mvt-function-behavior-rolle-s-theorem-and-the-mean-value-theorem","compute","calculus-mvt-function-behavior-rolle-s-theorem-and-the-mean-value-theorem-compute-production","1","1","1","1","0","0","0","0","1","0","1","2","0","low","math-text","structured","calculus-mvt-function-behavior-rolle-s-theorem-and-the-mean-value-theorem","false","calculus-mvt-function-behavior"
"calculus-mvt-function-behavior","calculus-mvt-function-behavior-rolle-s-theorem-and-the-mean-value-theorem","interpret","","3","3","0","0","3","3","3","3","0","0","0","0","0","low","tap","structured","calculus-mvt-function-behavior-rolle-s-theorem-and-the-mean-value-theorem","false","calculus-mvt-function-behavior"
"calculus-mvt-function-behavior","calculus-mvt-function-behavior-rolle-s-theorem-and-the-mean-value-theorem","interpret","calculus-mvt-function-behavior-rolle-s-theorem-and-the-mean-value-theorem-interpret-recognition","1","1","1","1","1","1","0","1","0","0","0","0","0","low","tap","structured","calculus-mvt-function-behavior-rolle-s-theorem-and-the-mean-value-theorem","true","calculus-mvt-function-behavior"
"calculus-mvt-function-behavior","calculus-mvt-function-behavior-rolle-s-theorem-and-the-mean-value-theorem","justify","","1","1","0","0","0","0","1","0","0","1","0","0","0","high","handwriting;math-text;photo","open-reasoning","calculus-mvt-function-behavior-rolle-s-theorem-and-the-mean-value-theorem","true","calculus-mvt-function-behavior"
"calculus-mvt-function-behavior","calculus-mvt-function-behavior-rolle-s-theorem-and-the-mean-value-theorem","prove","","1","1","0","0","0","0","1","0","0","1","0","0","0","high","handwriting;math-text;photo","open-reasoning","calculus-mvt-function-behavior-rolle-s-theorem-and-the-mean-value-theorem","true","calculus-mvt-function-behavior"
"calculus-mvt-function-behavior","calculus-mvt-function-behavior-rolle-s-theorem-and-the-mean-value-theorem","recognize","","1","1","0","0","1","1","1","1","0","0","0","0","0","low","tap","choice","calculus-mvt-function-behavior-rolle-s-theorem-and-the-mean-value-theorem","true","calculus-mvt-function-behavior"
"calculus-numerical-improper","calculus-numerical-improper-comparison-and-controlled-truncation","compute","","5","5","0","0","0","0","5","0","5","0","0","0","0","low","math-text","structured","calculus-numerical-improper-comparison-and-controlled-truncation","false","calculus-numerical-improper"
"calculus-numerical-improper","calculus-numerical-improper-comparison-and-controlled-truncation","compute","calculus-numerical-improper-comparison-and-controlled-truncation-compute-production","1","1","1","1","0","0","0","0","1","0","1","2","0","low","math-text","structured","calculus-numerical-improper-comparison-and-controlled-truncation","false","calculus-numerical-improper"
"calculus-numerical-improper","calculus-numerical-improper-comparison-and-controlled-truncation","interpret","","3","3","0","0","3","3","3","3","0","0","0","0","0","low","short-text","structured","calculus-numerical-improper-comparison-and-controlled-truncation","false","calculus-numerical-improper"
"calculus-numerical-improper","calculus-numerical-improper-comparison-and-controlled-truncation","justify","","1","1","0","0","0","0","1","0","0","1","0","0","0","high","handwriting;math-text;photo","open-reasoning","calculus-numerical-improper-comparison-and-controlled-truncation","true","calculus-numerical-improper"
"calculus-numerical-improper","calculus-numerical-improper-comparison-and-controlled-truncation","justify","calculus-numerical-improper-comparison-and-controlled-truncation-justify-reasoning","1","1","1","1","0","0","0","0","0","1","0","0","0","medium","handwriting;math-text;photo","open-reasoning","calculus-numerical-improper-comparison-and-controlled-truncation","true","calculus-numerical-improper"
"calculus-numerical-improper","calculus-numerical-improper-comparison-and-controlled-truncation","prove","","1","1","0","0","0","0","1","0","0","1","0","0","0","high","handwriting;math-text;photo","open-reasoning","calculus-numerical-improper-comparison-and-controlled-truncation","true","calculus-numerical-improper"
"calculus-numerical-improper","calculus-numerical-improper-endpoint-and-interior-singularities","compute","","6","6","0","0","0","0","6","0","6","0","0","0","0","low","math-text","structured","calculus-numerical-improper-endpoint-and-interior-singularities","false","calculus-numerical-improper"
"calculus-numerical-improper","calculus-numerical-improper-endpoint-and-interior-singularities","compute","calculus-numerical-improper-endpoint-and-interior-singularities-compute-production","1","1","1","1","0","0","0","0","1","0","0","0","0","low","math-text","structured","calculus-numerical-improper-endpoint-and-interior-singularities","true","calculus-numerical-improper"
"calculus-numerical-improper","calculus-numerical-improper-endpoint-and-interior-singularities","interpret","","2","2","0","0","2","2","2","2","0","0","0","0","0","low","short-text","structured","calculus-numerical-improper-endpoint-and-interior-singularities","false","calculus-numerical-improper"
"calculus-numerical-improper","calculus-numerical-improper-endpoint-and-interior-singularities","interpret","calculus-numerical-improper-endpoint-and-interior-singularities-interpret-recognition","1","1","1","1","1","1","0","1","0","0","0","0","0","low","short-text","structured","calculus-numerical-improper-endpoint-and-interior-singularities","true","calculus-numerical-improper"
"calculus-numerical-improper","calculus-numerical-improper-endpoint-and-interior-singularities","justify","","2","2","0","0","0","0","2","0","0","2","0","0","0","high","handwriting;math-text;photo","open-reasoning","calculus-numerical-improper-endpoint-and-interior-singularities","false","calculus-numerical-improper"
"calculus-numerical-improper","calculus-numerical-improper-endpoint-and-interior-singularities","justify","calculus-numerical-improper-endpoint-and-interior-singularities-justify-reasoning","1","1","1","1","0","0","0","0","0","1","0","0","0","medium","handwriting;math-text;photo","open-reasoning","calculus-numerical-improper-endpoint-and-interior-singularities","true","calculus-numerical-improper"
"calculus-numerical-improper","calculus-numerical-improper-endpoint-and-interior-singularities","recognize","","1","1","0","0","1","1","1","1","0","0","0","0","0","low","tap","choice","calculus-numerical-improper-endpoint-and-interior-singularities","true","calculus-numerical-improper"
"calculus-numerical-improper","calculus-numerical-improper-infinite-intervals-as-limits","compute","","6","6","0","0","0","0","6","0","6","0","0","0","0","low","math-text","structured","calculus-numerical-improper-infinite-intervals-as-limits","false","calculus-numerical-improper"
"calculus-numerical-improper","calculus-numerical-improper-infinite-intervals-as-limits","compute","calculus-numerical-improper-infinite-intervals-as-limits-compute-production","1","1","1","1","0","0","0","0","1","0","1","2","0","low","math-text","structured","calculus-numerical-improper-infinite-intervals-as-limits","false","calculus-numerical-improper"
"calculus-numerical-improper","calculus-numerical-improper-infinite-intervals-as-limits","interpret","","2","2","0","0","2","2","2","2","0","0","0","0","0","low","short-text","structured","calculus-numerical-improper-infinite-intervals-as-limits","false","calculus-numerical-improper"
"calculus-numerical-improper","calculus-numerical-improper-infinite-intervals-as-limits","justify","","2","2","0","0","0","0","2","0","0","2","0","0","0","high","handwriting;math-text;photo","open-reasoning","calculus-numerical-improper-infinite-intervals-as-limits","false","calculus-numerical-improper"
"calculus-numerical-improper","calculus-numerical-improper-infinite-intervals-as-limits","justify","calculus-numerical-improper-infinite-intervals-as-limits-justify-reasoning","1","1","1","1","0","0","0","0","0","1","0","0","0","medium","handwriting;math-text;photo","open-reasoning","calculus-numerical-improper-infinite-intervals-as-limits","true","calculus-numerical-improper"
"calculus-numerical-improper","calculus-numerical-improper-midpoint-and-trapezoidal-approximations","compute","","7","7","0","0","0","0","7","0","7","0","0","0","0","low","math-text","structured","calculus-numerical-improper-midpoint-and-trapezoidal-approximations","false","calculus-numerical-improper"
"calculus-numerical-improper","calculus-numerical-improper-midpoint-and-trapezoidal-approximations","compute","calculus-numerical-improper-midpoint-and-trapezoidal-approximations-compute-production","1","1","1","1","0","0","0","0","1","0","1","2","0","low","math-text","structured","calculus-numerical-improper-midpoint-and-trapezoidal-approximations","false","calculus-numerical-improper"
"calculus-numerical-improper","calculus-numerical-improper-midpoint-and-trapezoidal-approximations","interpret","","1","1","0","0","1","1","1","1","0","0","0","0","0","low","short-text","structured","calculus-numerical-improper-midpoint-and-trapezoidal-approximations","true","calculus-numerical-improper"
"calculus-numerical-improper","calculus-numerical-improper-midpoint-and-trapezoidal-approximations","interpret","calculus-numerical-improper-midpoint-and-trapezoidal-approximations-interpret-recognition","1","1","1","1","1","1","0","1","0","0","0","0","0","low","short-text","structured","calculus-numerical-improper-midpoint-and-trapezoidal-approximations","true","calculus-numerical-improper"
"calculus-numerical-improper","calculus-numerical-improper-midpoint-and-trapezoidal-approximations","justify","","1","1","0","0","0","0","1","0","0","1","0","0","0","high","handwriting;math-text;photo","open-reasoning","calculus-numerical-improper-midpoint-and-trapezoidal-approximations","true","calculus-numerical-improper"
"calculus-numerical-improper","calculus-numerical-improper-midpoint-and-trapezoidal-approximations","prove","","1","1","0","0","0","0","1","0","0","1","0","0","0","high","handwriting;math-text;photo","open-reasoning","calculus-numerical-improper-midpoint-and-trapezoidal-approximations","true","calculus-numerical-improper"
"calculus-numerical-improper","calculus-numerical-improper-midpoint-and-trapezoidal-approximations","recognize","","1","1","0","0","1","1","1","1","0","0","0","0","0","low","tap","choice","calculus-numerical-improper-midpoint-and-trapezoidal-approximations","true","calculus-numerical-improper"
"calculus-numerical-improper","calculus-numerical-improper-simpson-s-rule-and-error-control","compute","","8","8","0","0","0","0","8","0","8","0","0","0","0","low","math-text","structured","calculus-numerical-improper-simpson-s-rule-and-error-control","false","calculus-numerical-improper"
"calculus-numerical-improper","calculus-numerical-improper-simpson-s-rule-and-error-control","compute","calculus-numerical-improper-simpson-s-rule-and-error-control-compute-production","1","1","1","1","0","0","0","0","1","0","1","2","0","low","math-text","structured","calculus-numerical-improper-simpson-s-rule-and-error-control","false","calculus-numerical-improper"
"calculus-numerical-improper","calculus-numerical-improper-simpson-s-rule-and-error-control","justify","","1","1","0","0","0","0","1","0","0","1","0","0","0","high","handwriting;math-text;photo","open-reasoning","calculus-numerical-improper-simpson-s-rule-and-error-control","true","calculus-numerical-improper"
"calculus-numerical-improper","calculus-numerical-improper-simpson-s-rule-and-error-control","justify","calculus-numerical-improper-simpson-s-rule-and-error-control-justify-reasoning","1","1","1","1","0","0","0","0","0","1","0","0","0","medium","handwriting;math-text;photo","open-reasoning","calculus-numerical-improper-simpson-s-rule-and-error-control","true","calculus-numerical-improper"
"calculus-numerical-improper","calculus-numerical-improper-simpson-s-rule-and-error-control","prove","","1","1","0","0","0","0","1","0","0","1","0","0","0","high","handwriting;math-text;photo","open-reasoning","calculus-numerical-improper-simpson-s-rule-and-error-control","true","calculus-numerical-improper"
"calculus-power-series-taylor","calculus-power-series-taylor-power-series-and-convergence-intervals","compute","","5","5","0","0","0","0","5","0","5","0","0","0","0","low","math-text","structured","calculus-power-series-taylor-power-series-and-convergence-intervals","false","calculus-power-series-taylor"
"calculus-power-series-taylor","calculus-power-series-taylor-power-series-and-convergence-intervals","compute","calculus-power-series-taylor-power-series-and-convergence-intervals-compute-production","1","1","1","1","0","0","0","0","1","0","1","2","0","low","math-text","structured","calculus-power-series-taylor-power-series-and-convergence-intervals","false","calculus-power-series-taylor"
"calculus-power-series-taylor","calculus-power-series-taylor-power-series-and-convergence-intervals","interpret","","3","3","0","0","3","3","3","3","0","0","0","0","0","low","short-text","structured","calculus-power-series-taylor-power-series-and-convergence-intervals","false","calculus-power-series-taylor"
"calculus-power-series-taylor","calculus-power-series-taylor-power-series-and-convergence-intervals","justify","","2","2","0","0","0","0","2","0","0","2","0","0","0","high","handwriting;math-text;photo","open-reasoning","calculus-power-series-taylor-power-series-and-convergence-intervals","false","calculus-power-series-taylor"
"calculus-power-series-taylor","calculus-power-series-taylor-power-series-and-convergence-intervals","justify","calculus-power-series-taylor-power-series-and-convergence-intervals-justify-reasoning","1","1","1","1","0","0","0","0","0","1","0","0","0","medium","handwriting;math-text;photo","open-reasoning","calculus-power-series-taylor-power-series-and-convergence-intervals","true","calculus-power-series-taylor"
"calculus-power-series-taylor","calculus-power-series-taylor-power-series-and-convergence-intervals","recognize","","1","1","0","0","1","1","1","1","0","0","0","0","0","low","tap","choice","calculus-power-series-taylor-power-series-and-convergence-intervals","true","calculus-power-series-taylor"
"calculus-power-series-taylor","calculus-power-series-taylor-remainders-and-trustworthy-approximations","compute","","7","7","0","0","0","0","7","0","7","0","0","0","0","low","math-text","structured","calculus-power-series-taylor-remainders-and-trustworthy-approximations","false","calculus-power-series-taylor"
"calculus-power-series-taylor","calculus-power-series-taylor-remainders-and-trustworthy-approximations","compute","calculus-power-series-taylor-remainders-and-trustworthy-approximations-compute-production","1","1","1","1","0","0","0","0","1","0","1","2","0","low","math-text","structured","calculus-power-series-taylor-remainders-and-trustworthy-approximations","false","calculus-power-series-taylor"
"calculus-power-series-taylor","calculus-power-series-taylor-remainders-and-trustworthy-approximations","interpret","","1","1","0","0","1","1","1","1","0","0","0","0","0","low","short-text","structured","calculus-power-series-taylor-remainders-and-trustworthy-approximations","true","calculus-power-series-taylor"
"calculus-power-series-taylor","calculus-power-series-taylor-remainders-and-trustworthy-approximations","justify","","2","2","0","0","0","0","2","0","0","2","0","0","0","high","handwriting;math-text;photo","open-reasoning","calculus-power-series-taylor-remainders-and-trustworthy-approximations","false","calculus-power-series-taylor"
"calculus-power-series-taylor","calculus-power-series-taylor-remainders-and-trustworthy-approximations","justify","calculus-power-series-taylor-remainders-and-trustworthy-approximations-justify-reasoning","1","1","1","1","0","0","0","0","0","1","0","0","0","medium","handwriting;math-text;photo","open-reasoning","calculus-power-series-taylor-remainders-and-trustworthy-approximations","true","calculus-power-series-taylor"
"calculus-power-series-taylor","calculus-power-series-taylor-remainders-and-trustworthy-approximations","recognize","","1","1","0","0","1","1","1","1","0","0","0","0","0","low","tap","choice","calculus-power-series-taylor-remainders-and-trustworthy-approximations","true","calculus-power-series-taylor"
"calculus-power-series-taylor","calculus-power-series-taylor-standard-series-and-legal-operations","compute","","8","8","0","0","0","0","8","0","8","0","0","0","0","low","math-text","structured","calculus-power-series-taylor-standard-series-and-legal-operations","false","calculus-power-series-taylor"
"calculus-power-series-taylor","calculus-power-series-taylor-standard-series-and-legal-operations","compute","calculus-power-series-taylor-standard-series-and-legal-operations-compute-production","1","1","1","1","0","0","0","0","1","0","1","2","0","low","math-text","structured","calculus-power-series-taylor-standard-series-and-legal-operations","false","calculus-power-series-taylor"
"calculus-power-series-taylor","calculus-power-series-taylor-standard-series-and-legal-operations","justify","","1","1","0","0","0","0","1","0","0","1","0","0","0","high","handwriting;math-text;photo","open-reasoning","calculus-power-series-taylor-standard-series-and-legal-operations","true","calculus-power-series-taylor"
"calculus-power-series-taylor","calculus-power-series-taylor-standard-series-and-legal-operations","justify","calculus-power-series-taylor-standard-series-and-legal-operations-justify-reasoning","1","1","1","1","0","0","0","0","0","1","0","0","0","medium","handwriting;math-text;photo","open-reasoning","calculus-power-series-taylor-standard-series-and-legal-operations","true","calculus-power-series-taylor"
"calculus-power-series-taylor","calculus-power-series-taylor-standard-series-and-legal-operations","prove","","1","1","0","0","0","0","1","0","0","1","0","0","0","high","handwriting;math-text;photo","open-reasoning","calculus-power-series-taylor-standard-series-and-legal-operations","true","calculus-power-series-taylor"
"calculus-power-series-taylor","calculus-power-series-taylor-taylor-polynomials-from-matching-derivatives","compute","","8","8","0","0","0","0","8","0","8","0","0","0","0","low","math-text","structured","calculus-power-series-taylor-taylor-polynomials-from-matching-derivatives","false","calculus-power-series-taylor"
"calculus-power-series-taylor","calculus-power-series-taylor-taylor-polynomials-from-matching-derivatives","compute","calculus-power-series-taylor-taylor-polynomials-from-matching-derivatives-compute-production","1","1","1","1","0","0","0","0","1","0","1","3","0","low","math-text","structured","calculus-power-series-taylor-taylor-polynomials-from-matching-derivatives","false","calculus-power-series-taylor"
"calculus-power-series-taylor","calculus-power-series-taylor-taylor-polynomials-from-matching-derivatives","justify","","1","1","0","0","0","0","1","0","0","1","0","0","0","high","handwriting;math-text;photo","open-reasoning","calculus-power-series-taylor-taylor-polynomials-from-matching-derivatives","true","calculus-power-series-taylor"
"calculus-power-series-taylor","calculus-power-series-taylor-taylor-polynomials-from-matching-derivatives","prove","","1","1","0","0","0","0","1","0","0","1","0","0","0","high","handwriting;math-text;photo","open-reasoning","calculus-power-series-taylor-taylor-polynomials-from-matching-derivatives","true","calculus-power-series-taylor"
"calculus-power-series-taylor","calculus-power-series-taylor-using-series-for-limits-and-integrals","compute","","8","8","0","0","0","0","8","0","8","0","0","0","0","low","math-text","structured","calculus-power-series-taylor-using-series-for-limits-and-integrals","false","calculus-power-series-taylor"
"calculus-power-series-taylor","calculus-power-series-taylor-using-series-for-limits-and-integrals","compute","calculus-power-series-taylor-using-series-for-limits-and-integrals-compute-production","1","1","1","1","0","0","0","0","1","0","1","2","0","low","math-text","structured","calculus-power-series-taylor-using-series-for-limits-and-integrals","false","calculus-power-series-taylor"
"calculus-power-series-taylor","calculus-power-series-taylor-using-series-for-limits-and-integrals","justify","","2","2","0","0","0","0","2","0","0","2","0","0","0","high","handwriting;math-text;photo","open-reasoning","calculus-power-series-taylor-using-series-for-limits-and-integrals","false","calculus-power-series-taylor"
"calculus-power-series-taylor","calculus-power-series-taylor-using-series-for-limits-and-integrals","justify","calculus-power-series-taylor-using-series-for-limits-and-integrals-justify-reasoning","1","1","1","1","0","0","0","0","0","1","0","0","0","medium","handwriting;math-text;photo","open-reasoning","calculus-power-series-taylor-using-series-for-limits-and-integrals","true","calculus-power-series-taylor"
"calculus-related-rates-approximation","calculus-related-rates-approximation-circles-spheres-and-similar-shapes","compute","","8","8","0","0","0","0","8","0","8","0","0","0","0","low","math-text","structured","calculus-related-rates-approximation-circles-spheres-and-similar-shapes","false","calculus-related-rates-approximation"
"calculus-related-rates-approximation","calculus-related-rates-approximation-circles-spheres-and-similar-shapes","compute","calculus-related-rates-approximation-circles-spheres-and-similar-shapes-compute-production","1","1","1","1","0","0","0","0","1","0","1","3","0","low","math-text","structured","calculus-related-rates-approximation-circles-spheres-and-similar-shapes","false","calculus-related-rates-approximation"
"calculus-related-rates-approximation","calculus-related-rates-approximation-circles-spheres-and-similar-shapes","justify","","2","2","0","0","0","0","2","0","0","2","0","0","0","high","handwriting;math-text;photo","open-reasoning","calculus-related-rates-approximation-circles-spheres-and-similar-shapes","false","calculus-related-rates-approximation"
"calculus-related-rates-approximation","calculus-related-rates-approximation-differentials-measurement-error-and-sensitivity","compute","","7","7","0","0","0","0","7","0","7","0","0","0","0","low","math-text","structured","calculus-related-rates-approximation-differentials-measurement-error-and-sensitivity","false","calculus-related-rates-approximation"
"calculus-related-rates-approximation","calculus-related-rates-approximation-differentials-measurement-error-and-sensitivity","compute","calculus-related-rates-approximation-differentials-measurement-error-and-sensitivity-compute-production","1","1","1","1","0","0","0","0","1","0","1","3","0","low","math-text","structured","calculus-related-rates-approximation-differentials-measurement-error-and-sensitivity","false","calculus-related-rates-approximation"
"calculus-related-rates-approximation","calculus-related-rates-approximation-differentials-measurement-error-and-sensitivity","interpret","","1","1","0","0","1","1","1","1","0","0","0","0","0","low","tap","structured","calculus-related-rates-approximation-differentials-measurement-error-and-sensitivity","true","calculus-related-rates-approximation"
"calculus-related-rates-approximation","calculus-related-rates-approximation-differentials-measurement-error-and-sensitivity","justify","","2","2","0","0","0","0","2","0","0","2","0","0","0","high","handwriting;math-text;photo","open-reasoning","calculus-related-rates-approximation-differentials-measurement-error-and-sensitivity","false","calculus-related-rates-approximation"
"calculus-related-rates-approximation","calculus-related-rates-approximation-distances-angles-and-moving-constraints","compute","","8","8","0","0","0","0","8","0","8","0","0","0","0","low","math-text","structured","calculus-related-rates-approximation-distances-angles-and-moving-constraints","false","calculus-related-rates-approximation"
"calculus-related-rates-approximation","calculus-related-rates-approximation-distances-angles-and-moving-constraints","compute","calculus-related-rates-approximation-distances-angles-and-moving-constraints-compute-production","1","1","1","1","0","0","0","0","1","0","1","3","0","low","math-text","structured","calculus-related-rates-approximation-distances-angles-and-moving-constraints","false","calculus-related-rates-approximation"
"calculus-related-rates-approximation","calculus-related-rates-approximation-distances-angles-and-moving-constraints","justify","","1","1","0","0","0","0","1","0","0","1","0","0","0","high","handwriting;math-text;photo","open-reasoning","calculus-related-rates-approximation-distances-angles-and-moving-constraints","true","calculus-related-rates-approximation"
"calculus-related-rates-approximation","calculus-related-rates-approximation-distances-angles-and-moving-constraints","prove","","1","1","0","0","0","0","1","0","0","1","0","0","0","high","handwriting;math-text;photo","open-reasoning","calculus-related-rates-approximation-distances-angles-and-moving-constraints","true","calculus-related-rates-approximation"
"calculus-related-rates-approximation","calculus-related-rates-approximation-linear-approximation-from-a-tangent","compute","","8","8","0","0","0","0","8","0","8","0","0","0","0","low","math-text","structured","calculus-related-rates-approximation-linear-approximation-from-a-tangent","false","calculus-related-rates-approximation"
"calculus-related-rates-approximation","calculus-related-rates-approximation-linear-approximation-from-a-tangent","compute","calculus-related-rates-approximation-linear-approximation-from-a-tangent-compute-production","1","1","1","1","0","0","0","0","1","0","1","3","0","low","math-text","structured","calculus-related-rates-approximation-linear-approximation-from-a-tangent","false","calculus-related-rates-approximation"
"calculus-related-rates-approximation","calculus-related-rates-approximation-linear-approximation-from-a-tangent","justify","","2","2","0","0","0","0","2","0","0","2","0","0","0","high","handwriting;math-text;photo","open-reasoning","calculus-related-rates-approximation-linear-approximation-from-a-tangent","false","calculus-related-rates-approximation"
"calculus-related-rates-approximation","calculus-related-rates-approximation-linear-approximation-from-a-tangent","recognize","","1","1","0","0","1","1","1","1","0","0","0","0","0","low","tap","choice","calculus-related-rates-approximation-linear-approximation-from-a-tangent","true","calculus-related-rates-approximation"
"calculus-related-rates-approximation","calculus-related-rates-approximation-model-first-differentiate-second","compute","","8","8","0","0","0","0","8","0","8","0","0","0","0","low","math-text","structured","calculus-related-rates-approximation-model-first-differentiate-second","false","calculus-related-rates-approximation"
"calculus-related-rates-approximation","calculus-related-rates-approximation-model-first-differentiate-second","compute","calculus-related-rates-approximation-model-first-differentiate-second-compute-production","1","1","1","1","0","0","0","0","1","0","1","3","0","low","math-text","structured","calculus-related-rates-approximation-model-first-differentiate-second","false","calculus-related-rates-approximation"
"calculus-related-rates-approximation","calculus-related-rates-approximation-model-first-differentiate-second","justify","","2","2","0","0","0","0","2","0","0","2","0","0","0","high","handwriting;math-text;photo","open-reasoning","calculus-related-rates-approximation-model-first-differentiate-second","false","calculus-related-rates-approximation"
"calculus-related-rates-approximation","calculus-related-rates-approximation-model-first-differentiate-second","recognize","","1","1","0","0","1","1","1","1","0","0","0","0","0","low","tap","choice","calculus-related-rates-approximation-model-first-differentiate-second","true","calculus-related-rates-approximation"
"calculus-sequences-series","calculus-sequences-series-alternating-absolute-and-conditional-convergence","compute","","4","4","0","0","0","0","4","0","4","0","0","0","0","low","math-text","structured","calculus-sequences-series-alternating-absolute-and-conditional-convergence","false","calculus-sequences-series"
"calculus-sequences-series","calculus-sequences-series-alternating-absolute-and-conditional-convergence","compute","calculus-sequences-series-alternating-absolute-and-conditional-convergence-compute-production","1","1","1","1","0","0","0","0","1","0","0","0","0","low","math-text","structured","calculus-sequences-series-alternating-absolute-and-conditional-convergence","true","calculus-sequences-series"
"calculus-sequences-series","calculus-sequences-series-alternating-absolute-and-conditional-convergence","interpret","","5","5","0","0","4","4","5","5","0","0","0","0","0","high;low","handwriting;math-text;photo;short-text","open-reasoning;structured","calculus-sequences-series-alternating-absolute-and-conditional-convergence","false","calculus-sequences-series"
"calculus-sequences-series","calculus-sequences-series-alternating-absolute-and-conditional-convergence","interpret","calculus-sequences-series-alternating-absolute-and-conditional-convergence-interpret-recognition","1","1","1","1","1","1","0","1","0","0","0","0","0","low","short-text","structured","calculus-sequences-series-alternating-absolute-and-conditional-convergence","true","calculus-sequences-series"
"calculus-sequences-series","calculus-sequences-series-alternating-absolute-and-conditional-convergence","justify","","1","1","0","0","0","0","1","0","0","1","0","0","0","high","handwriting;math-text;photo","open-reasoning","calculus-sequences-series-alternating-absolute-and-conditional-convergence","true","calculus-sequences-series"
"calculus-sequences-series","calculus-sequences-series-alternating-absolute-and-conditional-convergence","justify","calculus-sequences-series-alternating-absolute-and-conditional-convergence-justify-reasoning","1","1","1","1","0","0","0","0","0","1","0","0","0","medium","handwriting;math-text;photo","open-reasoning","calculus-sequences-series-alternating-absolute-and-conditional-convergence","true","calculus-sequences-series"
"calculus-sequences-series","calculus-sequences-series-alternating-absolute-and-conditional-convergence","recognize","","1","1","0","0","1","1","1","1","0","0","0","0","0","low","tap","choice","calculus-sequences-series-alternating-absolute-and-conditional-convergence","true","calculus-sequences-series"
"calculus-sequences-series","calculus-sequences-series-direct-and-limit-comparison","compute","","2","2","0","0","0","0","2","0","2","0","0","0","0","low","math-text","structured","calculus-sequences-series-direct-and-limit-comparison","false","calculus-sequences-series"
"calculus-sequences-series","calculus-sequences-series-direct-and-limit-comparison","compute","calculus-sequences-series-direct-and-limit-comparison-compute-production","1","1","1","1","0","0","0","0","1","0","0","0","0","low","math-text","structured","calculus-sequences-series-direct-and-limit-comparison","true","calculus-sequences-series"
"calculus-sequences-series","calculus-sequences-series-direct-and-limit-comparison","construct","","1","1","0","0","0","0","1","0","1","0","0","0","0","high","handwriting;math-text;photo","open-reasoning","calculus-sequences-series-direct-and-limit-comparison","true","calculus-sequences-series"
"calculus-sequences-series","calculus-sequences-series-direct-and-limit-comparison","interpret","","6","6","0","0","6","6","6","6","0","0","0","0","0","low","short-text","structured","calculus-sequences-series-direct-and-limit-comparison","false","calculus-sequences-series"
"calculus-sequences-series","calculus-sequences-series-direct-and-limit-comparison","interpret","calculus-sequences-series-direct-and-limit-comparison-interpret-recognition","1","1","1","1","1","1","0","1","0","0","0","0","0","low","short-text","structured","calculus-sequences-series-direct-and-limit-comparison","true","calculus-sequences-series"
"calculus-sequences-series","calculus-sequences-series-direct-and-limit-comparison","justify","calculus-sequences-series-direct-and-limit-comparison-justify-reasoning","1","1","1","1","0","0","0","0","0","1","0","0","0","medium","handwriting;math-text;photo","open-reasoning","calculus-sequences-series-direct-and-limit-comparison","true","calculus-sequences-series"
"calculus-sequences-series","calculus-sequences-series-direct-and-limit-comparison","prove","","1","1","0","0","0","0","1","0","0","1","0","0","0","high","handwriting;math-text;photo","open-reasoning","calculus-sequences-series-direct-and-limit-comparison","true","calculus-sequences-series"
"calculus-sequences-series","calculus-sequences-series-partial-sums-geometric-series-and-telescoping","compute","","8","8","0","0","0","0","8","0","8","0","0","0","0","low","math-text","structured","calculus-sequences-series-partial-sums-geometric-series-and-telescoping","false","calculus-sequences-series"
"calculus-sequences-series","calculus-sequences-series-partial-sums-geometric-series-and-telescoping","compute","calculus-sequences-series-partial-sums-geometric-series-and-telescoping-compute-production","1","1","1","1","0","0","0","0","1","0","1","3","0","low","math-text","structured","calculus-sequences-series-partial-sums-geometric-series-and-telescoping","false","calculus-sequences-series"
"calculus-sequences-series","calculus-sequences-series-partial-sums-geometric-series-and-telescoping","justify","","1","1","0","0","0","0","1","0","0","1","0","0","0","high","handwriting;math-text;photo","open-reasoning","calculus-sequences-series-partial-sums-geometric-series-and-telescoping","true","calculus-sequences-series"
"calculus-sequences-series","calculus-sequences-series-partial-sums-geometric-series-and-telescoping","prove","","1","1","0","0","0","0","1","0","0","1","0","0","0","high","handwriting;math-text;photo","open-reasoning","calculus-sequences-series-partial-sums-geometric-series-and-telescoping","true","calculus-sequences-series"
"calculus-sequences-series","calculus-sequences-series-partial-sums-geometric-series-and-telescoping","recognize","","1","1","0","0","1","1","1","1","0","0","0","0","0","low","tap","choice","calculus-sequences-series-partial-sums-geometric-series-and-telescoping","true","calculus-sequences-series"
"calculus-sequences-series","calculus-sequences-series-ratio-and-root-tests-with-method-selection","compute","","4","4","0","0","0","0","4","0","4","0","0","0","0","low","math-text","structured","calculus-sequences-series-ratio-and-root-tests-with-method-selection","false","calculus-sequences-series"
"calculus-sequences-series","calculus-sequences-series-ratio-and-root-tests-with-method-selection","compute","calculus-sequences-series-ratio-and-root-tests-with-method-selection-compute-production","1","1","1","1","0","0","0","0","1","0","0","0","0","low","math-text","structured","calculus-sequences-series-ratio-and-root-tests-with-method-selection","true","calculus-sequences-series"
"calculus-sequences-series","calculus-sequences-series-ratio-and-root-tests-with-method-selection","interpret","","4","4","0","0","4","4","4","4","0","0","0","0","0","low","short-text","structured","calculus-sequences-series-ratio-and-root-tests-with-method-selection","false","calculus-sequences-series"
"calculus-sequences-series","calculus-sequences-series-ratio-and-root-tests-with-method-selection","interpret","calculus-sequences-series-ratio-and-root-tests-with-method-selection-interpret-recognition","1","1","1","1","1","1","0","1","0","0","0","0","0","low","short-text","structured","calculus-sequences-series-ratio-and-root-tests-with-method-selection","true","calculus-sequences-series"
"calculus-sequences-series","calculus-sequences-series-ratio-and-root-tests-with-method-selection","justify","","1","1","0","0","0","0","1","0","0","1","0","0","0","high","handwriting;math-text;photo","open-reasoning","calculus-sequences-series-ratio-and-root-tests-with-method-selection","true","calculus-sequences-series"
"calculus-sequences-series","calculus-sequences-series-ratio-and-root-tests-with-method-selection","justify","calculus-sequences-series-ratio-and-root-tests-with-method-selection-justify-reasoning","1","1","1","1","0","0","0","0","0","1","0","0","0","medium","handwriting;math-text;photo","open-reasoning","calculus-sequences-series-ratio-and-root-tests-with-method-selection","true","calculus-sequences-series"
"calculus-sequences-series","calculus-sequences-series-ratio-and-root-tests-with-method-selection","prove","","1","1","0","0","0","0","1","0","0","1","0","0","0","high","handwriting;math-text;photo","open-reasoning","calculus-sequences-series-ratio-and-root-tests-with-method-selection","true","calculus-sequences-series"
"calculus-sequences-series","calculus-sequences-series-sequences-and-limits","compute","","6","6","0","0","0","0","6","0","6","0","0","0","0","low","math-text","structured","calculus-sequences-series-sequences-and-limits","false","calculus-sequences-series"
"calculus-sequences-series","calculus-sequences-series-sequences-and-limits","compute","calculus-sequences-series-sequences-and-limits-compute-production","1","1","1","1","0","0","0","0","1","0","1","2","0","low","math-text","structured","calculus-sequences-series-sequences-and-limits","false","calculus-sequences-series"
"calculus-sequences-series","calculus-sequences-series-sequences-and-limits","construct","calculus-sequences-series-sequences-and-limits-construct-reasoning","1","1","1","1","0","0","0","0","0","1","0","0","0","medium","handwriting;math-text;photo","open-reasoning","calculus-sequences-series-sequences-and-limits","true","calculus-sequences-series"
"calculus-sequences-series","calculus-sequences-series-sequences-and-limits","interpret","","2","2","0","0","2","2","2","2","0","0","0","0","0","low","short-text","structured","calculus-sequences-series-sequences-and-limits","false","calculus-sequences-series"
"calculus-sequences-series","calculus-sequences-series-sequences-and-limits","prove","","2","2","0","0","0","0","2","0","0","2","0","0","0","high","handwriting;math-text;photo","open-reasoning","calculus-sequences-series-sequences-and-limits","false","calculus-sequences-series"
"calculus-sequences-series","calculus-sequences-series-the-term-test-and-integral-test","compute","","2","2","0","0","0","0","2","0","2","0","0","0","0","low","math-text","structured","calculus-sequences-series-the-term-test-and-integral-test","false","calculus-sequences-series"
"calculus-sequences-series","calculus-sequences-series-the-term-test-and-integral-test","compute","calculus-sequences-series-the-term-test-and-integral-test-compute-production","1","1","1","1","0","0","0","0","1","0","0","0","0","low","math-text","structured","calculus-sequences-series-the-term-test-and-integral-test","true","calculus-sequences-series"
"calculus-sequences-series","calculus-sequences-series-the-term-test-and-integral-test","interpret","","6","6","0","0","6","6","6","6","0","0","0","0","0","low","short-text","structured","calculus-sequences-series-the-term-test-and-integral-test","false","calculus-sequences-series"
"calculus-sequences-series","calculus-sequences-series-the-term-test-and-integral-test","interpret","calculus-sequences-series-the-term-test-and-integral-test-interpret-recognition","1","1","1","1","1","1","0","1","0","0","0","0","0","low","short-text","structured","calculus-sequences-series-the-term-test-and-integral-test","true","calculus-sequences-series"
"calculus-sequences-series","calculus-sequences-series-the-term-test-and-integral-test","justify","","1","1","0","0","0","0","1","0","0","1","0","0","0","high","handwriting;math-text;photo","open-reasoning","calculus-sequences-series-the-term-test-and-integral-test","true","calculus-sequences-series"
"calculus-sequences-series","calculus-sequences-series-the-term-test-and-integral-test","justify","calculus-sequences-series-the-term-test-and-integral-test-justify-reasoning","1","1","1","1","0","0","0","0","0","1","0","0","0","medium","handwriting;math-text;photo","open-reasoning","calculus-sequences-series-the-term-test-and-integral-test","true","calculus-sequences-series"
"calculus-sequences-series","calculus-sequences-series-the-term-test-and-integral-test","prove","","1","1","0","0","0","0","1","0","0","1","0","0","0","high","handwriting;math-text;photo","open-reasoning","calculus-sequences-series-the-term-test-and-integral-test","true","calculus-sequences-series"
"calculus-single-variable-optimization","calculus-single-variable-optimization-absolute-extrema-and-boundary-comparisons","compute","","7","7","0","0","0","0","7","0","7","0","0","0","0","low","math-text","structured","calculus-single-variable-optimization-absolute-extrema-and-boundary-comparisons","false","calculus-single-variable-optimization"
"calculus-single-variable-optimization","calculus-single-variable-optimization-absolute-extrema-and-boundary-comparisons","compute","calculus-single-variable-optimization-absolute-extrema-and-boundary-comparisons-compute-production","1","1","1","1","0","0","0","0","1","0","1","3","0","low","math-text","structured","calculus-single-variable-optimization-absolute-extrema-and-boundary-comparisons","false","calculus-single-variable-optimization"
"calculus-single-variable-optimization","calculus-single-variable-optimization-absolute-extrema-and-boundary-comparisons","interpret","","1","1","0","0","1","1","1","1","0","0","0","0","0","low","tap","structured","calculus-single-variable-optimization-absolute-extrema-and-boundary-comparisons","true","calculus-single-variable-optimization"
"calculus-single-variable-optimization","calculus-single-variable-optimization-absolute-extrema-and-boundary-comparisons","justify","","2","2","0","0","0","0","2","0","0","2","0","0","0","high","handwriting;math-text;photo","open-reasoning","calculus-single-variable-optimization-absolute-extrema-and-boundary-comparisons","false","calculus-single-variable-optimization"
"calculus-single-variable-optimization","calculus-single-variable-optimization-cost-distance-and-discrete-decisions","compute","","8","8","0","0","0","0","8","0","8","0","0","0","0","low","math-text","structured","calculus-single-variable-optimization-cost-distance-and-discrete-decisions","false","calculus-single-variable-optimization"
"calculus-single-variable-optimization","calculus-single-variable-optimization-cost-distance-and-discrete-decisions","compute","calculus-single-variable-optimization-cost-distance-and-discrete-decisions-compute-production","1","1","1","1","0","0","0","0","1","0","1","3","0","low","math-text","structured","calculus-single-variable-optimization-cost-distance-and-discrete-decisions","false","calculus-single-variable-optimization"
"calculus-single-variable-optimization","calculus-single-variable-optimization-cost-distance-and-discrete-decisions","justify","","2","2","0","0","0","0","2","0","0","2","0","0","0","high","handwriting;math-text;photo","open-reasoning","calculus-single-variable-optimization-cost-distance-and-discrete-decisions","false","calculus-single-variable-optimization"
"calculus-single-variable-optimization","calculus-single-variable-optimization-first-and-second-derivative-tests","compute","","2","2","0","0","0","0","2","0","2","0","0","0","0","low","math-text","structured","calculus-single-variable-optimization-first-and-second-derivative-tests","false","calculus-single-variable-optimization"
"calculus-single-variable-optimization","calculus-single-variable-optimization-first-and-second-derivative-tests","compute","calculus-single-variable-optimization-first-and-second-derivative-tests-compute-production","1","1","1","1","0","0","0","0","1","0","0","0","0","low","math-text","structured","calculus-single-variable-optimization-first-and-second-derivative-tests","true","calculus-single-variable-optimization"
"calculus-single-variable-optimization","calculus-single-variable-optimization-first-and-second-derivative-tests","construct","","1","1","0","0","0","0","1","0","1","0","0","0","0","high","handwriting;math-text;photo","open-reasoning","calculus-single-variable-optimization-first-and-second-derivative-tests","true","calculus-single-variable-optimization"
"calculus-single-variable-optimization","calculus-single-variable-optimization-first-and-second-derivative-tests","interpret","","6","6","0","0","6","6","6","6","0","0","0","0","0","low","short-text","structured","calculus-single-variable-optimization-first-and-second-derivative-tests","false","calculus-single-variable-optimization"
"calculus-single-variable-optimization","calculus-single-variable-optimization-first-and-second-derivative-tests","interpret","calculus-single-variable-optimization-first-and-second-derivative-tests-interpret-recognition","1","1","1","1","1","1","0","1","0","0","1","2","0","low","short-text","structured","calculus-single-variable-optimization-first-and-second-derivative-tests","false","calculus-single-variable-optimization"
"calculus-single-variable-optimization","calculus-single-variable-optimization-first-and-second-derivative-tests","justify","","1","1","0","0","0","0","1","0","0","1","0","0","0","high","handwriting;math-text;photo","open-reasoning","calculus-single-variable-optimization-first-and-second-derivative-tests","true","calculus-single-variable-optimization"
"calculus-single-variable-optimization","calculus-single-variable-optimization-first-and-second-derivative-tests","recognize","","1","1","0","0","1","1","1","1","0","0","0","0","0","low","tap","choice","calculus-single-variable-optimization-first-and-second-derivative-tests","true","calculus-single-variable-optimization"
"calculus-single-variable-optimization","calculus-single-variable-optimization-geometric-design-with-constraints","compute","","8","8","0","0","0","0","8","0","8","0","0","0","0","low","math-text","structured","calculus-single-variable-optimization-geometric-design-with-constraints","false","calculus-single-variable-optimization"
"calculus-single-variable-optimization","calculus-single-variable-optimization-geometric-design-with-constraints","compute","calculus-single-variable-optimization-geometric-design-with-constraints-compute-production","1","1","1","1","0","0","0","0","1","0","1","3","0","low","math-text","structured","calculus-single-variable-optimization-geometric-design-with-constraints","false","calculus-single-variable-optimization"
"calculus-single-variable-optimization","calculus-single-variable-optimization-geometric-design-with-constraints","justify","","2","2","0","0","0","0","2","0","0","2","0","0","0","high","handwriting;math-text;photo","open-reasoning","calculus-single-variable-optimization-geometric-design-with-constraints","false","calculus-single-variable-optimization"
"calculus-single-variable-optimization","calculus-single-variable-optimization-geometric-design-with-constraints","recognize","","1","1","0","0","1","1","1","1","0","0","0","0","0","low","tap","choice","calculus-single-variable-optimization-geometric-design-with-constraints","true","calculus-single-variable-optimization"
"calculus-single-variable-optimization","calculus-single-variable-optimization-objectives-feasible-inputs-and-extrema","compute","","3","3","0","0","0","0","3","0","3","0","0","0","0","low","math-text","structured","calculus-single-variable-optimization-objectives-feasible-inputs-and-extrema","false","calculus-single-variable-optimization"
"calculus-single-variable-optimization","calculus-single-variable-optimization-objectives-feasible-inputs-and-extrema","compute","calculus-single-variable-optimization-objectives-feasible-inputs-and-extrema-compute-production","1","1","1","1","0","0","0","0","1","0","0","0","0","low","math-text","structured","calculus-single-variable-optimization-objectives-feasible-inputs-and-extrema","true","calculus-single-variable-optimization"
"calculus-single-variable-optimization","calculus-single-variable-optimization-objectives-feasible-inputs-and-extrema","construct","","1","1","0","0","0","0","1","0","1","0","0","0","0","high","handwriting;math-text;photo","open-reasoning","calculus-single-variable-optimization-objectives-feasible-inputs-and-extrema","true","calculus-single-variable-optimization"
"calculus-single-variable-optimization","calculus-single-variable-optimization-objectives-feasible-inputs-and-extrema","interpret","","5","5","0","0","5","5","5","5","0","0","0","0","0","low","tap","structured","calculus-single-variable-optimization-objectives-feasible-inputs-and-extrema","false","calculus-single-variable-optimization"
"calculus-single-variable-optimization","calculus-single-variable-optimization-objectives-feasible-inputs-and-extrema","interpret","calculus-single-variable-optimization-objectives-feasible-inputs-and-extrema-interpret-recognition","1","1","1","1","1","1","0","1","0","0","1","2","0","low","tap","structured","calculus-single-variable-optimization-objectives-feasible-inputs-and-extrema","false","calculus-single-variable-optimization"
"calculus-single-variable-optimization","calculus-single-variable-optimization-objectives-feasible-inputs-and-extrema","prove","","1","1","0","0","0","0","1","0","0","1","0","0","0","high","handwriting;math-text;photo","open-reasoning","calculus-single-variable-optimization-objectives-feasible-inputs-and-extrema","true","calculus-single-variable-optimization"
"combinatorics","binomial-theorem","compute","","4","4","0","0","0","0","4","0","4","0","0","0","0","low","math-text","structured","binomial-theorem","false","combinatorics"
"combinatorics","combinations","compute","","5","5","0","0","0","0","5","0","5","0","0","0","0","low","math-text","structured","combinations","false","combinatorics"
"combinatorics","combinations","interpret","","1","1","0","0","0","0","1","0","1","0","0","0","0","low","math-text;tap","structured","combinations","true","combinatorics"
"combinatorics","combinations","interpret","counting-model-distinction","0","1","0","1","0","1","0","1","0","0","1","3","0","low","tap","choice","combinations","false",""
"combinatorics","combinations","recall","combination-term","0","1","0","1","0","1","0","0","1","0","0","0","0","low","short-text","structured","combinations","true",""
"combinatorics","combinations","recognize","","1","1","0","0","1","1","1","1","0","0","0","0","0","low","tap","choice","combinations","true","combinatorics"
"combinatorics","complement-counting","compute","","7","7","0","0","0","0","7","0","7","0","0","0","0","low","math-text","structured","complement-counting","false","combinatorics"
"combinatorics","counting-principles","compute","","11","12","0","1","0","1","11","0","12","0","1","3","0","low","math-text;short-text;tap","structured","counting-principles","false","combinatorics"
"combinatorics","double-counting","compute","","1","1","0","0","0","0","1","0","1","0","0","0","0","low","math-text;tap","structured","double-counting","true","combinatorics"
"combinatorics","double-counting","prove","","4","4","0","0","0","0","4","0","0","4","0","0","0","high","handwriting;math-text;photo","open-reasoning","double-counting","false","combinatorics"
"combinatorics","inclusion-exclusion","compute","","6","6","0","0","0","0","6","0","6","0","0","0","0","low","math-text;tap","structured","inclusion-exclusion","false","combinatorics"
"combinatorics","inclusion-exclusion","recall","inclusion-exclusion-overlap","0","1","0","1","0","1","0","1","0","0","1","2","0","low","tap","choice","inclusion-exclusion","false",""
"combinatorics","permutations","compute","","6","6","0","0","0","0","6","0","6","0","0","0","0","low","math-text;tap","structured","permutations","false","combinatorics"
"combinatorics","permutations","recall","permutation-term","0","1","0","1","0","1","0","0","1","0","0","0","0","low","short-text","structured","permutations","true",""
"combinatorics","pigeonhole","compute","","4","4","0","0","0","0","4","0","4","0","0","0","0","low","math-text;tap","structured","pigeonhole","false","combinatorics"
"combinatorics","pigeonhole","counterexample","","1","1","0","0","0","0","1","0","1","0","0","0","0","low","math-text","structured","pigeonhole","true","combinatorics"
"combinatorics","pigeonhole","prove","","3","3","0","0","0","0","3","0","0","3","0","0","0","high","handwriting;math-text;photo","open-reasoning","pigeonhole","false","combinatorics"
"combinatorics","pigeonhole","recall","pigeonhole-principle-term","0","1","0","1","0","1","0","0","1","0","0","0","0","low","short-text","structured","pigeonhole","true",""
"combinatorics","pigeonhole","recognize","","2","2","0","0","2","2","2","2","0","0","0","0","0","low","tap","choice","pigeonhole","false","combinatorics"
"combinatorics","restricted-counting","compare","","1","1","0","0","0","0","1","0","1","0","0","0","0","low","math-text;tap","structured","restricted-counting","true","combinatorics"
"combinatorics","restricted-counting","compute","","9","9","0","0","0","0","9","0","9","0","0","0","0","low","math-text;tap","structured","restricted-counting","false","combinatorics"
"combinatorics","stars-bars","compute","","5","5","0","0","0","0","5","0","5","0","0","0","0","low","math-text;tap","structured","stars-bars","false","combinatorics"
"combinatorics","symmetry-counting","analyze","","1","1","0","0","0","0","1","0","1","0","0","0","0","low","math-text;tap","structured","symmetry-counting","true","combinatorics"
"combinatorics","symmetry-counting","compare","","1","1","0","0","0","0","1","0","1","0","0","0","0","low","math-text;tap","structured","symmetry-counting","true","combinatorics"
"combinatorics","symmetry-counting","compute","","5","5","0","0","0","0","5","0","5","0","0","0","0","low","math-text","structured","symmetry-counting","false","combinatorics"
"direct-proof","biconditional-proof","prove","","3","3","0","0","0","0","3","0","0","3","0","0","0","high","handwriting;math-text;photo","open-reasoning","biconditional-proof","false","direct-proof"
"direct-proof","bijection","construct","","1","1","0","0","0","0","1","0","1","0","0","0","0","high","handwriting;math-text;photo","open-reasoning","bijection","true","direct-proof"
"direct-proof","bijection","prove","","1","1","0","0","0","0","1","0","0","1","0","0","0","high","handwriting;math-text;photo","open-reasoning","bijection","true","direct-proof"
"direct-proof","constructive-existence","construct","","6","6","0","0","0","0","6","0","6","0","0","0","0","high;low","handwriting;math-text;photo","open-reasoning;structured","constructive-existence","false","direct-proof"
"direct-proof","constructive-existence","prove","","5","5","0","0","0","0","5","0","0","5","0","0","0","high","handwriting;math-text;photo","open-reasoning","constructive-existence","false","direct-proof"
"direct-proof","counterexample","counterexample","","9","9","0","0","0","0","9","0","9","0","0","0","0","low","math-text;short-text;tap","structured","counterexample","false","direct-proof"
"direct-proof","direct-proof","recall","direct-proof-term","0","1","0","1","0","1","0","0","1","0","0","0","0","low","short-text","structured","direct-proof;divisibility;parity;proof-obligations","true",""
"direct-proof","divisibility","prove","","7","7","0","0","0","0","7","0","0","7","0","0","0","high","handwriting;math-text;photo","open-reasoning","divisibility","false","direct-proof"
"direct-proof","injectivity","prove","","2","2","0","0","0","0","2","0","0","2","0","0","0","high","handwriting;math-text;photo","open-reasoning","injectivity","false","direct-proof"
"direct-proof","parity","prove","","10","10","0","0","0","0","10","0","0","10","0","0","0","high","handwriting;math-text;photo","open-reasoning","parity","false","direct-proof"
"direct-proof","parity","recognize","","1","1","0","0","1","1","1","1","0","0","0","0","0","low","tap","choice","parity","true","direct-proof"
"direct-proof","proof-cases","prove","","4","4","0","0","0","0","4","0","0","4","0","0","0","high","handwriting;math-text;photo","open-reasoning","proof-cases","false","direct-proof"
"direct-proof","proof-diagnosis","analyze","","6","6","0","0","0","0","6","0","6","0","0","0","0","high;low","handwriting;math-text;photo;tap","open-reasoning;structured","proof-diagnosis","false","direct-proof"
"direct-proof","proof-diagnosis","transform","","6","6","0","0","0","0","6","0","6","0","0","0","0","high;low","handwriting;math-text;photo;tap","open-reasoning;structured","proof-diagnosis","false","direct-proof"
"direct-proof","proof-obligations","construct","","1","1","0","0","0","0","1","0","1","0","0","0","0","low","math-text","structured","proof-obligations","true","direct-proof"
"direct-proof","proof-obligations","interpret","","6","6","0","0","6","6","6","6","0","0","0","0","0","low","tap","structured","proof-obligations","false","direct-proof"
"direct-proof","proof-obligations","recognize","","3","3","0","0","3","3","3","3","0","0","0","0","0","low","tap","choice","proof-obligations","false","direct-proof"
"direct-proof","proof-obligations","represent","","1","1","0","0","0","0","1","0","1","0","0","0","0","low","math-text;tap","structured","proof-obligations","true","direct-proof"
"direct-proof","rationality","prove","","5","5","0","0","0","0","5","0","0","5","0","0","0","high","handwriting;math-text;photo","open-reasoning","rationality","false","direct-proof"
"direct-proof","set-proofs","prove","","8","8","0","0","0","0","8","0","0","8","0","0","0","high","handwriting;math-text;photo","open-reasoning","set-proofs","false","direct-proof"
"direct-proof","surjectivity","prove","","1","1","0","0","0","0","1","0","0","1","0","0","0","high","handwriting;math-text;photo","open-reasoning","surjectivity","true","direct-proof"
"direct-proof","uniqueness","prove","","3","3","0","0","0","0","3","0","0","3","0","0","0","high","handwriting;math-text;photo","open-reasoning","uniqueness","false","direct-proof"
"functions","bijection","construct","","5","5","0","0","0","0","5","0","5","0","0","0","0","low","math-text;tap","structured","bijection","false","functions"
"functions","bijection","prove","","1","1","0","0","0","0","1","0","0","1","0","0","0","high","handwriting;math-text;photo","open-reasoning","bijection","true","functions"
"functions","bijection","recall","bijective-term","0","1","0","1","0","1","0","0","1","0","0","0","0","low","short-text","structured","bijection","true",""
"functions","bijection","recall","inverse-function-term","0","1","0","1","0","1","0","0","1","0","0","0","0","low","short-text","structured","bijection","true",""
"functions","bijection","recognize","domain-codomain-classification","0","1","0","1","0","1","0","1","0","0","1","3","0","low","tap","choice","bijection","false",""
"functions","floor-ceiling","apply","","2","2","0","0","0","0","2","0","2","0","0","0","0","low","math-text;tap","structured","floor-ceiling","false","functions"
"functions","floor-ceiling","compute","","5","5","0","0","0","0","5","0","5","0","0","0","0","low","math-text;tap","structured","floor-ceiling","false","functions"
"functions","floor-ceiling","prove","","1","1","0","0","0","0","1","0","0","1","0","0","0","high","handwriting;math-text;photo","open-reasoning","floor-ceiling","true","functions"
"functions","floor-ceiling","recognize","","2","2","0","0","2","2","2","2","0","0","0","0","0","low","tap","choice","floor-ceiling","false","functions"
"functions","floor-ceiling","represent","","2","2","0","0","0","0","2","0","2","0","0","0","0","low","math-text;tap","structured","floor-ceiling","false","functions"
"functions","function-composition","analyze","","1","1","0","0","0","0","1","0","1","0","0","0","0","low","math-text;tap","structured","function-composition","true","functions"
"functions","function-composition","compute","","5","5","0","0","0","0","5","0","5","0","0","0","0","low","math-text;tap","structured","function-composition","false","functions"
"functions","function-composition","construct","","2","2","0","0","0","0","2","0","2","0","0","0","0","low","math-text;tap","structured","function-composition","false","functions"
"functions","function-composition","counterexample","","1","1","0","0","0","0","1","0","1","0","0","0","0","low","math-text;short-text","structured","function-composition","true","functions"
"functions","function-composition","prove","","4","4","0","0","0","0","4","0","0","4","0","0","0","high","handwriting;math-text;photo","open-reasoning","function-composition","false","functions"
"functions","function-composition","recall","composition-term","0","1","0","1","0","1","0","0","1","0","0","0","0","low","short-text","structured","function-composition","true",""
"functions","function-definition","construct","","2","2","0","0","0","0","2","0","2","0","0","0","0","low","math-text;tap","structured","function-definition","false","functions"
"functions","function-definition","interpret","","1","1","0","0","1","1","1","1","0","0","0","0","0","low","tap","structured","function-definition","true","functions"
"functions","function-definition","recall","codomain-term","0","1","0","1","0","1","0","0","1","0","0","0","0","low","short-text","structured","function-definition","true",""
"functions","function-definition","recall","domain-term","0","1","0","1","0","1","0","0","1","0","0","0","0","low","short-text","structured","function-definition","true",""
"functions","function-definition","recall","function-term","0","1","0","1","0","1","0","0","1","0","0","0","0","low","short-text","structured","function-definition","true",""
"functions","function-definition","recognize","","3","3","0","0","3","3","3","3","0","0","0","0","0","low","tap","choice","function-definition","false","functions"
"functions","function-definition","represent","","1","1","0","0","0","0","1","0","1","0","0","0","0","low","math-text","structured","function-definition","true","functions"
"functions","function-image","compute","","8","8","0","0","0","0","8","0","8","0","0","0","0","low","math-text;tap","structured","function-image","false","functions"
"functions","function-image","counterexample","","1","1","0","0","0","0","1","0","1","0","0","0","0","low","math-text;short-text","structured","function-image","true","functions"
"functions","function-image","interpret","","1","1","0","0","1","1","1","1","0","0","0","0","0","low","tap","structured","function-image","true","functions"
"functions","function-image","prove","","6","6","0","0","0","0","6","0","0","6","0","0","0","high","handwriting;math-text;photo","open-reasoning","function-image","false","functions"
"functions","function-image","recall","preimage-term","0","1","0","1","0","1","0","0","1","0","0","0","0","low","short-text","structured","function-image","true",""
"functions","function-image","recall","range-term","0","1","0","1","0","1","0","0","1","0","0","0","0","low","short-text","structured","function-image","true",""
"functions","function-restriction","compute","","2","2","0","0","0","0","2","0","2","0","0","0","0","low","math-text;tap","structured","function-restriction","false","functions"
"functions","function-restriction","counterexample","","1","1","0","0","0","0","1","0","1","0","0","0","0","high","handwriting;math-text;photo","open-reasoning","function-restriction","true","functions"
"functions","function-restriction","prove","","2","2","0","0","0","0","2","0","0","2","0","0","0","high","handwriting;math-text;photo","open-reasoning","function-restriction","false","functions"
"functions","function-restriction","recognize","","5","5","0","0","5","5","5","5","0","0","0","0","0","low","tap","choice","function-restriction","false","functions"
"functions","injectivity","recall","injective-term","0","1","0","1","0","1","0","0","1","0","0","0","0","low","short-text","structured","injectivity","true",""
"functions","injectivity","recognize","","2","2","0","0","2","2","2","2","0","0","0","0","0","low","tap","choice","injectivity","false","functions"
"functions","injectivity","transform","","1","1","0","0","0","0","1","0","1","0","0","0","0","low","math-text","structured","injectivity","true","functions"
"functions","quantifier-negation","transform","","2","2","0","0","0","0","2","0","2","0","0","0","0","low","math-text","structured","quantifier-negation","false","functions"
"functions","surjectivity","recall","surjective-term","0","1","0","1","0","1","0","0","1","0","0","0","0","low","short-text","structured","surjectivity","true",""
"functions","surjectivity","recognize","","2","2","0","0","2","2","2","2","0","0","0","0","0","low","tap","choice","surjectivity","false","functions"
"functions","surjectivity","transform","","1","1","0","0","0","0","1","0","1","0","0","0","0","low","math-text","structured","surjectivity","true","functions"
"graph-theory","dag-order","construct","","1","2","0","1","1","2","1","0","2","0","1","2","0","low","short-text","structured","dag-order","false","graph-theory"
"graph-theory","dag-order","interpret","","1","1","0","0","0","0","1","1","0","0","0","0","0","high","handwriting;math-text;photo","open-reasoning","dag-order","true","graph-theory"
"graph-theory","dag-order","justify","","1","1","0","0","0","0","1","0","0","1","0","0","0","high","handwriting;math-text;photo","open-reasoning","dag-order","true","graph-theory"
"graph-theory","dag-order","prove","","1","1","0","0","0","0","1","0","0","1","0","0","0","high","handwriting;math-text;photo","open-reasoning","dag-order","true","graph-theory"
"graph-theory","dag-order","recall","dag-term","0","1","0","1","0","1","0","0","1","0","0","0","0","low","short-text","structured","dag-order","true",""
"graph-theory","dag-order","recall","topological-order-definition","0","1","0","1","0","1","0","1","0","0","1","2","0","low","tap","choice","dag-order","false",""
"graph-theory","euler-routes","compare","","1","1","0","0","1","1","1","0","1","0","0","0","0","low","short-text;tap","structured","euler-routes","true","graph-theory"
"graph-theory","euler-routes","construct","","2","2","0","0","2","2","2","0","2","0","0","0","0","low","short-text","structured","euler-routes","false","graph-theory"
"graph-theory","euler-routes","prove","","2","2","0","0","0","0","2","0","0","2","0","0","0","high","handwriting;math-text;photo","open-reasoning","euler-routes","false","graph-theory"
"graph-theory","euler-routes","recognize","","2","2","0","0","2","2","2","2","0","0","0","0","0","low","tap","choice","euler-routes","false","graph-theory"
"graph-theory","graph-connectivity","construct","","1","1","0","0","0","0","1","0","1","0","0","0","0","low","math-text;short-text;tap","structured","graph-connectivity","true","graph-theory"
"graph-theory","graph-connectivity","counterexample","","1","1","0","0","1","1","1","0","1","0","0","0","0","low","short-text;tap","structured","graph-connectivity","true","graph-theory"
"graph-theory","graph-connectivity","interpret","","1","1","0","0","1","1","1","0","1","0","0","0","0","low","short-text","structured","graph-connectivity","true","graph-theory"
"graph-theory","graph-connectivity","prove","","2","2","0","0","0","0","2","0","0","2","0","0","0","high","handwriting;math-text;photo","open-reasoning","graph-connectivity","false","graph-theory"
"graph-theory","graph-connectivity","recall","connected-component-definition","0","1","0","1","0","1","0","1","0","0","1","2","0","low","tap","choice","graph-connectivity","false",""
"graph-theory","graph-connectivity","recognize","","3","3","0","0","3","3","3","3","0","0","0","0","0","low","tap","choice","graph-connectivity","false","graph-theory"
"graph-theory","graph-definition","compute","","2","2","0","0","0","0","2","0","2","0","0","0","0","low","math-text","structured","graph-definition","false","graph-theory"
"graph-theory","graph-definition","recall","vertex-edge-distinction","0","1","0","1","0","1","0","1","0","0","1","2","0","low","tap","choice","graph-definition","false",""
"graph-theory","graph-definition","recognize","","3","3","0","0","3","3","3","3","0","0","0","0","0","low","tap","choice","graph-definition","false","graph-theory"
"graph-theory","graph-degree","compute","","8","8","0","0","1","1","8","0","8","0","0","0","0","low","math-text;short-text;tap","structured","graph-degree","false","graph-theory"
"graph-theory","graph-degree","prove","","1","1","0","0","0","0","1","0","0","1","0","0","0","high","handwriting;math-text;photo","open-reasoning","graph-degree","true","graph-theory"
"graph-theory","graph-degree","recall","degree-term","0","1","0","1","0","1","0","0","1","0","0","0","0","low","short-text","structured","graph-degree","true",""
"graph-theory","graph-degree","recognize","","2","2","0","0","2","2","2","2","0","0","0","0","0","low","tap","choice","graph-degree","false","graph-theory"
"graph-theory","graph-representation","represent","","2","2","0","0","0","0","2","0","2","0","0","0","0","low;medium","math-text;short-text","structured","graph-representation","false","graph-theory"
"graph-theory","graph-routes","construct","","1","1","0","0","1","1","1","0","1","0","0","0","0","low","short-text;tap","structured","graph-routes","true","graph-theory"
"graph-theory","graph-routes","interpret","","1","1","0","0","1","1","1","1","0","0","0","0","0","low","tap","structured","graph-routes","true","graph-theory"
"graph-theory","graph-routes","prove","","1","1","0","0","0","0","1","0","0","1","0","0","0","high","handwriting;math-text;photo","open-reasoning","graph-routes","true","graph-theory"
"graph-theory","graph-routes","recall","route-vocabulary","0","1","0","1","0","1","0","1","0","0","1","4","0","low","tap","choice","graph-routes","false",""
"graph-theory","graph-routes","recognize","","3","3","0","0","0","0","3","0","3","0","0","0","0","low","math-text;tap","structured","graph-routes","false","graph-theory"
"graph-theory","graph-routes","recognize","route-classification-choice","0","1","0","1","0","1","0","1","0","0","1","3","0","low","tap","choice","graph-routes","false",""
"graph-theory","graph-search","apply","","4","4","0","0","3","3","4","0","4","0","0","0","0","low","math-text;short-text","structured","graph-search","false","graph-theory"
"graph-theory","graph-search","counterexample","","1","1","0","0","0","0","1","0","1","0","0","0","0","low","math-text","structured","graph-search","true","graph-theory"
"graph-theory","hamiltonian-routes","compare","","1","1","0","0","1","1","1","0","1","0","0","0","0","low","short-text;tap","structured","hamiltonian-routes","true","graph-theory"
"graph-theory","hamiltonian-routes","construct","","1","1","0","0","1","1","1","0","1","0","0","0","0","low","short-text","structured","hamiltonian-routes","true","graph-theory"
"graph-theory","rooted-trees","compute","","1","1","0","0","0","0","1","0","1","0","0","0","0","low","math-text","structured","rooted-trees","true","graph-theory"
"graph-theory","rooted-trees","interpret","","2","2","0","0","1","1","2","0","2","0","0","0","0","low","math-text;short-text","structured","rooted-trees","false","graph-theory"
"graph-theory","rooted-trees","prove","","1","1","0","0","0","0","1","0","0","1","0","0","0","high","handwriting;math-text;photo","open-reasoning","rooted-trees","true","graph-theory"
"graph-theory","rooted-trees","recall","root-leaf-distinction","0","1","0","1","0","1","0","1","0","0","1","2","0","low","tap","choice","rooted-trees","false",""
"graph-theory","trees-forests","compute","","2","2","0","0","0","0","2","0","2","0","0","0","0","low","math-text","structured","trees-forests","false","graph-theory"
"graph-theory","trees-forests","counterexample","","1","1","0","0","1","1","1","0","1","0","0","0","0","low","short-text","structured","trees-forests","true","graph-theory"
"graph-theory","trees-forests","evaluate","","1","1","0","0","0","0","1","0","0","1","0","0","0","high","handwriting;math-text;photo","open-reasoning","trees-forests","true","graph-theory"
"graph-theory","trees-forests","justify","","1","1","0","0","0","0","1","0","0","1","0","0","0","high","handwriting;math-text;photo","open-reasoning","trees-forests","true","graph-theory"
"graph-theory","trees-forests","prove","","2","2","0","0","0","0","2","0","0","2","0","0","0","high","handwriting;math-text;photo","open-reasoning","trees-forests","false","graph-theory"
"graph-theory","trees-forests","recall","tree-forest-distinction","0","1","0","1","0","1","0","1","0","0","1","2","0","low","tap","choice","trees-forests","false",""
"graph-theory","trees-forests","recognize","","2","2","0","0","2","2","2","2","0","0","0","0","0","low","tap","choice","trees-forests","false","graph-theory"
"linear-algebra-bases","basis","construct","","8","8","0","0","0","0","8","0","8","0","0","0","0","high;low","handwriting;math-text;photo;tap","open-reasoning;structured","basis","false","linear-algebra-bases"
"linear-algebra-bases","basis","counterexample","","1","1","0","0","0","0","1","0","1","0","0","0","0","low","math-text","structured","basis","true","linear-algebra-bases"
"linear-algebra-bases","basis","prove","","6","6","0","0","0","0","6","0","0","6","0","0","0","high","handwriting;math-text;photo","open-reasoning","basis","false","linear-algebra-bases"
"linear-algebra-bases","basis","recall","la-basis-terminology","0","1","0","1","0","1","0","0","1","0","0","0","0","low","short-text","structured","basis","true",""
"linear-algebra-bases","basis","recall","la-dimension-terminology","0","1","0","1","0","1","0","0","1","0","0","0","0","low","short-text","structured","basis","true",""
"linear-algebra-bases","basis","recognize","","1","1","0","0","1","1","1","1","0","0","0","0","0","low","tap","choice","basis","true","linear-algebra-bases"
"linear-algebra-bases","basis-coordinates","compute","","7","7","0","0","0","0","7","0","7","0","0","0","0","low","math-text","structured","basis-coordinates","false","linear-algebra-bases"
"linear-algebra-bases","basis-coordinates","justify","","1","1","0","0","0","0","1","0","0","1","0","0","0","high","handwriting;math-text;photo","open-reasoning","basis-coordinates","true","linear-algebra-bases"
"linear-algebra-bases","basis-coordinates","recall","la-coordinate-vector-terminology","0","1","0","1","0","1","0","0","1","0","0","0","0","low","short-text","structured","basis-coordinates","true",""
"linear-algebra-bases","basis-coordinates","recognize","","1","1","0","0","1","1","1","1","0","0","0","0","0","low","tap","choice","basis-coordinates","true","linear-algebra-bases"
"linear-algebra-dot-products","dot-product","compute","","14","14","0","0","0","0","14","0","14","0","0","0","0","low;medium","math-text;tap","structured","dot-product","false","linear-algebra-dot-products"
"linear-algebra-dot-products","dot-product","prove","","1","1","0","0","0","0","1","0","0","1","0","0","0","high","handwriting;math-text;photo","open-reasoning","dot-product","true","linear-algebra-dot-products"
"linear-algebra-dot-products","dot-product","recall","la-dot-product-terminology","0","1","0","1","0","1","0","0","1","0","0","0","0","low","short-text","structured","dot-product","true",""
"linear-algebra-dot-products","normalization","compute","","7","7","0","0","0","0","7","0","7","0","0","0","0","low","math-text","structured","normalization","false","linear-algebra-dot-products"
"linear-algebra-dot-products","normalization","recognize","","1","1","0","0","1","1","1","1","0","0","0","0","0","low","tap","choice","normalization","true","linear-algebra-dot-products"
"linear-algebra-dot-products","orthogonality","construct","","6","6","0","0","0","0","6","0","6","0","0","0","0","low","math-text","structured","orthogonality","false","linear-algebra-dot-products"
"linear-algebra-dot-products","orthogonality","prove","","3","3","0","0","0","0","3","0","0","3","0","0","0","high","handwriting;math-text;photo","open-reasoning","orthogonality","false","linear-algebra-dot-products"
"linear-algebra-dot-products","orthogonality","recall","la-orthogonal-terminology","0","1","0","1","0","1","0","0","1","0","0","0","0","low","short-text","structured","orthogonality","true",""
"linear-algebra-dot-products","orthogonality","recognize","","1","2","0","1","1","2","1","2","0","0","1","2","0","low","tap","choice","orthogonality","false","linear-algebra-dot-products"
"linear-algebra-dot-products","vector-angle","compute","","13","13","0","0","0","0","13","0","13","0","0","0","0","low","math-text;tap","structured","vector-angle","false","linear-algebra-dot-products"
"linear-algebra-dot-products","vector-angle","counterexample","","2","2","0","0","0","0","2","0","2","0","0","0","0","low","math-text;tap","structured","vector-angle","false","linear-algebra-dot-products"
"linear-algebra-dot-products","vector-angle","interpret","","1","1","0","0","1","1","1","1","0","0","0","0","0","low","tap","structured","vector-angle","true","linear-algebra-dot-products"
"linear-algebra-dot-products","vector-norm","compute","","13","13","0","0","0","0","13","0","13","0","0","0","0","low","math-text;tap","structured","vector-norm","false","linear-algebra-dot-products"
"linear-algebra-dot-products","vector-norm","counterexample","","1","1","0","0","0","0","1","0","1","0","0","0","0","low","math-text;tap","structured","vector-norm","true","linear-algebra-dot-products"
"linear-algebra-dot-products","weighted-total","compute","","7","7","0","0","0","0","7","0","7","0","0","0","0","low","math-text;tap","structured","weighted-total","false","linear-algebra-dot-products"
"linear-algebra-eigenvalues","diagonalization","compute","","12","12","0","0","0","0","12","0","12","0","0","0","0","low;medium","math-text;tap","structured","diagonalization","false","linear-algebra-eigenvalues"
"linear-algebra-eigenvalues","diagonalization","counterexample","","2","2","0","0","0","0","2","0","2","0","0","0","0","low","math-text","structured","diagonalization","false","linear-algebra-eigenvalues"
"linear-algebra-eigenvalues","diagonalization","recognize","","1","1","0","0","1","1","1","1","0","0","0","0","0","low","tap","choice","diagonalization","true","linear-algebra-eigenvalues"
"linear-algebra-eigenvalues","eigenvalue-equation","compute","","13","13","0","0","0","0","13","0","13","0","0","0","0","high;low","handwriting;math-text;photo;tap","open-reasoning;structured","eigenvalue-equation","false","linear-algebra-eigenvalues"
"linear-algebra-eigenvalues","eigenvector","compute","","7","7","0","0","0","0","7","0","7","0","0","0","0","low","math-text","structured","eigenvector","false","linear-algebra-eigenvalues"
"linear-algebra-eigenvalues","eigenvector","counterexample","","2","2","0","0","0","0","2","0","2","0","0","0","0","low","math-text","structured","eigenvector","false","linear-algebra-eigenvalues"
"linear-algebra-eigenvalues","eigenvector","interpret","","3","3","0","0","3","3","3","3","0","0","0","0","0","low","tap","structured","eigenvector","false","linear-algebra-eigenvalues"
"linear-algebra-eigenvalues","eigenvector","prove","","2","2","0","0","0","0","2","0","0","2","0","0","0","high","handwriting;math-text;photo","open-reasoning","eigenvector","false","linear-algebra-eigenvalues"
"linear-algebra-eigenvalues","eigenvector","recall","la-eigenvalue-terminology","0","1","0","1","0","1","0","0","1","0","0","0","0","low","short-text","structured","eigenvector","true",""
"linear-algebra-eigenvalues","eigenvector","recall","la-eigenvector-terminology","0","1","0","1","0","1","0","0","1","0","0","0","0","low","short-text","structured","eigenvector","true",""
"linear-algebra-eigenvalues","eigenvector","recognize","","2","2","0","0","2","2","2","2","0","0","0","0","0","low","tap","choice","eigenvector","false","linear-algebra-eigenvalues"
"linear-algebra-eigenvalues","matrix-powers","analyze","","6","6","0","0","0","0","6","0","6","0","0","0","0","low","math-text;tap","structured","matrix-powers","false","linear-algebra-eigenvalues"
"linear-algebra-eigenvalues","matrix-powers","compute","","7","7","0","0","0","0","7","0","7","0","0","0","0","low","math-text;tap","structured","matrix-powers","false","linear-algebra-eigenvalues"
"linear-algebra-eigenvalues","matrix-powers","represent","","6","6","0","0","0","0","6","0","6","0","0","0","0","low","math-text;tap","structured","matrix-powers","false","linear-algebra-eigenvalues"
"linear-algebra-eigenvalues","symmetric-eigenvectors","prove","","1","1","0","0","0","0","1","0","0","1","0","0","0","high","handwriting;math-text;photo","open-reasoning","symmetric-eigenvectors","true","linear-algebra-eigenvalues"
"linear-algebra-least-squares","fit-interpretation","interpret","la-fit-scope-recognition","0","1","0","1","0","1","0","1","0","0","1","2","0","low","tap","choice","fit-interpretation","false",""
"linear-algebra-least-squares","fit-interpretation","justify","","0","1","0","1","0","0","0","0","0","1","1","2","0","high","handwriting;math-text;photo","open-reasoning","fit-interpretation","false",""
"linear-algebra-least-squares","least-squares","compute","","20","20","0","0","0","0","20","0","20","0","0","0","0","high;low","handwriting;math-text;photo","open-reasoning;structured","least-squares","false","linear-algebra-projections"
"linear-algebra-least-squares","least-squares","justify","la-fit-null-space-transfer","0","1","0","1","0","0","0","0","0","1","1","2","0","high","handwriting;math-text;photo","open-reasoning","least-squares","false",""
"linear-algebra-least-squares","least-squares","prove","","1","1","0","0","0","0","1","0","0","1","0","0","0","high","handwriting;math-text;photo","open-reasoning","least-squares","true","linear-algebra-projections"
"linear-algebra-least-squares","least-squares","recall","la-least-squares-terminology","0","1","0","1","0","1","0","0","1","0","0","0","0","low","short-text","structured","least-squares","true",""
"linear-algebra-least-squares","least-squares","recall","la-normal-equations-terminology","0","1","0","1","0","1","0","0","1","0","0","0","0","low","short-text","structured","least-squares","true",""
"linear-algebra-least-squares","least-squares","recognize","","2","2","0","0","2","2","2","2","0","0","0","0","0","low","tap","choice","least-squares","false","linear-algebra-projections"
"linear-algebra-least-squares","least-squares","represent","","12","12","0","0","0","0","12","0","12","0","0","0","0","high;low","handwriting;math-text;photo","open-reasoning;structured","least-squares","false","linear-algebra-projections"
"linear-algebra-matrices","matrix-arithmetic","compute","","7","7","0","0","0","0","7","0","7","0","0","0","0","low","math-text;tap","structured","matrix-arithmetic","false","linear-algebra-matrices"
"linear-algebra-matrices","matrix-identities","compute","","7","7","0","0","0","0","7","0","7","0","0","0","0","low;medium","math-text;tap","structured","matrix-identities","false","linear-algebra-matrices"
"linear-algebra-matrices","matrix-identities","counterexample","","3","3","0","0","0","0","3","0","3","0","0","0","0","low","math-text","structured","matrix-identities","false","linear-algebra-matrices"
"linear-algebra-matrices","matrix-identities","prove","","3","3","0","0","0","0","3","0","0","3","0","0","0","high","handwriting;math-text;photo","open-reasoning","matrix-identities","false","linear-algebra-matrices"
"linear-algebra-matrices","matrix-product","compare","","6","6","0","0","0","0","6","0","6","0","0","0","0","low","math-text;tap","structured","matrix-product","false","linear-algebra-matrices"
"linear-algebra-matrices","matrix-product","compute","","13","13","0","0","0","0","13","0","13","0","0","0","0","low;medium","math-text;short-text;tap","structured","matrix-product","false","linear-algebra-matrices"
"linear-algebra-matrices","matrix-product","interpret","","7","7","0","0","0","0","7","0","7","0","0","0","0","low;medium","math-text;short-text;tap","structured","matrix-product","false","linear-algebra-matrices"
"linear-algebra-matrices","matrix-product","recognize","","1","2","0","1","1","2","1","2","0","0","1","2","0","low","tap","choice","matrix-product","false","linear-algebra-matrices"
"linear-algebra-matrices","matrix-shape","compare","","1","1","0","0","0","0","1","0","1","0","0","0","0","low","math-text","structured","matrix-shape","true","linear-algebra-matrices"
"linear-algebra-matrices","matrix-shape","compute","","7","7","0","0","0","0","7","0","7","0","0","0","0","medium","math-text","structured","matrix-shape","false","linear-algebra-matrices"
"linear-algebra-matrices","matrix-shape","construct","","1","1","0","0","0","0","1","0","1","0","0","0","0","medium","math-text","structured","matrix-shape","true","linear-algebra-matrices"
"linear-algebra-matrices","matrix-shape","interpret","","7","7","0","0","0","0","7","0","7","0","0","0","0","medium","math-text","structured","matrix-shape","false","linear-algebra-matrices"
"linear-algebra-matrices","matrix-shape","recall","la-transpose-terminology","0","1","0","1","0","1","0","0","1","0","0","0","0","low","short-text","structured","matrix-shape","true",""
"linear-algebra-matrices","matrix-shape","recognize","","1","1","0","0","1","1","1","1","0","0","0","0","0","low","tap","choice","matrix-shape","true","linear-algebra-matrices"
"linear-algebra-matrices","matrix-vector","compute","","14","14","0","0","0","0","14","0","14","0","0","0","0","low;medium","math-text;tap","structured","matrix-vector","false","linear-algebra-matrices"
"linear-algebra-matrices","matrix-vector","interpret","","14","14","0","0","0","0","14","0","14","0","0","0","0","low;medium","math-text;tap","structured","matrix-vector","false","linear-algebra-matrices"
"linear-algebra-projections","gram-schmidt","apply","","7","7","0","0","0","0","7","0","7","0","0","0","0","low","math-text;tap","structured","gram-schmidt","false","linear-algebra-projections"
"linear-algebra-projections","gram-schmidt","compute","","7","7","0","0","0","0","7","0","7","0","0","0","0","low","math-text;tap","structured","gram-schmidt","false","linear-algebra-projections"
"linear-algebra-projections","gram-schmidt","interpret","","1","1","0","0","1","1","1","1","0","0","0","0","0","low","tap","structured","gram-schmidt","true","linear-algebra-projections"
"linear-algebra-projections","orthogonal-projection","compare","","6","6","0","0","0","0","6","0","6","0","0","0","0","low","math-text;tap","structured","orthogonal-projection","false","linear-algebra-projections"
"linear-algebra-projections","orthogonal-projection","compute","","19","19","0","0","0","0","19","0","19","0","0","0","0","low;medium","math-text;tap","structured","orthogonal-projection","false","linear-algebra-projections"
"linear-algebra-projections","orthogonal-projection","interpret","","2","2","0","0","2","2","2","2","0","0","0","0","0","low","tap","structured","orthogonal-projection","false","linear-algebra-projections"
"linear-algebra-projections","orthogonal-projection","prove","","1","1","0","0","0","0","1","0","0","1","0","0","0","high","handwriting;math-text;photo","open-reasoning","orthogonal-projection","true","linear-algebra-projections"
"linear-algebra-projections","orthogonal-projection","recall","la-orthogonal-projection-terminology","0","1","0","1","0","1","0","0","1","0","0","0","0","low","short-text","structured","orthogonal-projection","true",""
"linear-algebra-projections","orthogonal-projection","recall","la-residual-terminology","0","1","0","1","0","1","0","0","1","0","0","0","0","low","short-text","structured","orthogonal-projection","true",""
"linear-algebra-projections","orthogonal-projection","recognize","","1","2","0","1","1","2","1","2","0","0","1","2","0","low","tap","choice","orthogonal-projection","false","linear-algebra-projections"
"linear-algebra-projections","orthonormal-basis","compare","","1","1","0","0","0","0","1","0","1","0","0","0","0","low","math-text;tap","structured","orthonormal-basis","true","linear-algebra-projections"
"linear-algebra-projections","orthonormal-basis","recognize","","1","1","0","0","1","1","1","1","0","0","0","0","0","low","tap","choice","orthonormal-basis","true","linear-algebra-projections"
"linear-algebra-rank-inverses","basis","construct","","13","13","0","0","0","0","13","0","13","0","0","0","0","low;medium","math-text;tap","structured","basis","false","linear-algebra-bases"
"linear-algebra-rank-inverses","basis","justify","","1","1","0","0","0","0","1","0","0","1","0","0","0","high","handwriting;math-text;photo","open-reasoning","basis","true","linear-algebra-bases"
"linear-algebra-rank-inverses","determinant","compute","","3","3","0","0","0","0","3","0","3","0","0","0","0","low","math-text;tap","structured","determinant","false","linear-algebra-bases"
"linear-algebra-rank-inverses","determinant","counterexample","","1","1","0","0","0","0","1","0","1","0","0","0","0","low","math-text","structured","determinant","true","linear-algebra-bases"
"linear-algebra-rank-inverses","determinant","interpret","","3","3","0","0","0","0","3","0","3","0","0","0","0","low","math-text;tap","structured","determinant","false","linear-algebra-bases"
"linear-algebra-rank-inverses","determinant","recall","la-determinant-terminology","0","1","0","1","0","1","0","0","1","0","0","0","0","low","short-text","structured","determinant","true",""
"linear-algebra-rank-inverses","matrix-inverse","apply","","6","6","0","0","0","0","6","0","6","0","0","0","0","low","math-text","structured","matrix-inverse","false","linear-algebra-bases"
"linear-algebra-rank-inverses","matrix-inverse","compute","","13","13","0","0","0","0","13","0","13","0","0","0","0","low","math-text","structured","matrix-inverse","false","linear-algebra-bases"
"linear-algebra-rank-inverses","matrix-inverse","prove","","3","3","0","0","0","0","3","0","0","3","0","0","0","high","handwriting;math-text;photo","open-reasoning","matrix-inverse","false","linear-algebra-bases"
"linear-algebra-rank-inverses","matrix-inverse","recall","la-inverse-terminology","0","1","0","1","0","1","0","0","1","0","0","0","0","low","short-text","structured","matrix-inverse","true",""
"linear-algebra-rank-inverses","matrix-inverse","recognize","","1","1","0","0","1","1","1","1","0","0","0","0","0","low","tap","choice","matrix-inverse","true","linear-algebra-bases"
"linear-algebra-rank-inverses","rank-nullity","compute","","7","7","0","0","0","0","7","0","7","0","0","0","0","low;medium","math-text;tap","structured","rank-nullity","false","linear-algebra-bases"
"linear-algebra-rank-inverses","rank-nullity","evaluate","","1","1","0","0","0","0","1","0","0","1","0","0","0","high","handwriting;math-text;photo","open-reasoning","rank-nullity","true","linear-algebra-bases"
"linear-algebra-rank-inverses","rank-nullity","interpret","","7","7","0","0","0","0","7","0","7","0","0","0","0","low;medium","math-text;tap","structured","rank-nullity","false","linear-algebra-bases"
"linear-algebra-rank-inverses","rank-nullity","justify","","1","1","0","0","0","0","1","0","0","1","0","0","0","high","handwriting;math-text;photo","open-reasoning","rank-nullity","true","linear-algebra-bases"
"linear-algebra-rank-inverses","rank-nullity","recall","la-nullity-terminology","0","1","0","1","0","1","0","0","1","0","0","0","0","low","short-text","structured","rank-nullity","true",""
"linear-algebra-rank-inverses","rank-nullity","recall","la-rank-terminology","0","1","0","1","0","1","0","0","1","0","0","0","0","low","short-text","structured","rank-nullity","true",""
"linear-algebra-rank-inverses","rank-nullity","recognize","","1","2","0","1","1","2","1","2","0","0","1","2","0","low","tap","choice","rank-nullity","false","linear-algebra-bases"
"linear-algebra-span","linear-independence","construct","","7","7","0","0","0","0","7","0","7","0","0","0","0","low;medium","math-text;tap","structured","linear-independence","false","linear-algebra-span"
"linear-algebra-span","linear-independence","counterexample","","2","2","0","0","0","0","2","0","2","0","0","0","0","low","math-text","structured","linear-independence","false","linear-algebra-span"
"linear-algebra-span","linear-independence","justify","","1","1","0","0","0","0","1","0","0","1","0","0","0","high","handwriting;math-text;photo","open-reasoning","linear-independence","true","linear-algebra-span"
"linear-algebra-span","linear-independence","prove","","9","9","0","0","0","0","9","0","0","9","0","0","0","high","handwriting;math-text;photo","open-reasoning","linear-independence","false","linear-algebra-span"
"linear-algebra-span","linear-independence","recall","la-linear-independence-terminology","0","1","0","1","0","1","0","0","1","0","0","0","0","low","short-text","structured","linear-independence","true",""
"linear-algebra-span","linear-independence","recognize","","1","2","0","1","1","2","1","2","0","0","1","2","0","low","tap","choice","linear-independence","false","linear-algebra-span"
"linear-algebra-span","linear-independence","represent","","6","6","0","0","0","0","6","0","6","0","0","0","0","high","handwriting;math-text;photo","open-reasoning","linear-independence","false","linear-algebra-span"
"linear-algebra-span","matrix-shape","interpret","","6","6","0","0","0","0","6","0","6","0","0","0","0","low","math-text","structured","matrix-shape","false","linear-algebra-span"
"linear-algebra-span","matrix-spaces","interpret","","1","1","0","0","0","0","1","0","1","0","0","0","0","low","math-text","structured","matrix-spaces","true","linear-algebra-span"
"linear-algebra-span","matrix-spaces","justify","","2","2","0","0","0","0","2","0","0","2","0","0","0","high","handwriting;math-text;photo","open-reasoning","matrix-spaces","false","linear-algebra-span"
"linear-algebra-span","matrix-spaces","prove","","1","1","0","0","0","0","1","0","0","1","0","0","0","high","handwriting;math-text;photo","open-reasoning","matrix-spaces","true","linear-algebra-span"
"linear-algebra-span","matrix-spaces","recall","la-null-space-terminology","0","1","0","1","0","1","0","0","1","0","0","0","0","low","short-text","structured","matrix-spaces","true",""
"linear-algebra-span","span","compute","","7","7","0","0","0","0","7","0","7","0","0","0","0","low","math-text","structured","span","false","linear-algebra-span"
"linear-algebra-span","span","counterexample","","8","8","0","0","0","0","8","0","8","0","0","0","0","low;medium","math-text","structured","span","false","linear-algebra-span"
"linear-algebra-span","span","interpret","","1","1","0","0","1","1","1","1","0","0","0","0","0","low","tap","structured","span","true","linear-algebra-span"
"linear-algebra-span","span","justify","","1","1","0","0","0","0","1","0","0","1","0","0","0","high","handwriting;math-text;photo","open-reasoning","span","true","linear-algebra-span"
"linear-algebra-span","span","prove","","12","12","0","0","0","0","12","0","0","12","0","0","0","high","handwriting;math-text;photo","open-reasoning","span","false","linear-algebra-span"
"linear-algebra-span","span","recall","la-span-terminology","0","1","0","1","0","1","0","0","1","0","0","0","0","low","short-text","structured","span","true",""
"linear-algebra-span","span","represent","","6","6","0","0","0","0","6","0","6","0","0","0","0","high","handwriting;math-text;photo","open-reasoning","span","false","linear-algebra-span"
"linear-algebra-span","subspace","counterexample","","2","2","0","0","0","0","2","0","2","0","0","0","0","high;low","handwriting;math-text;photo","open-reasoning;structured","subspace","false","linear-algebra-span"
"linear-algebra-span","subspace","evaluate","","1","1","0","0","0","0","1","0","0","1","0","0","0","high","handwriting;math-text;photo","open-reasoning","subspace","true","linear-algebra-span"
"linear-algebra-span","subspace","justify","","1","1","0","0","0","0","1","0","0","1","0","0","0","high","handwriting;math-text;photo","open-reasoning","subspace","true","linear-algebra-span"
"linear-algebra-span","subspace","prove","","7","7","0","0","0","0","7","0","0","7","0","0","0","high","handwriting;math-text;photo","open-reasoning","subspace","false","linear-algebra-span"
"linear-algebra-span","subspace","recognize","","1","1","0","0","1","1","1","1","0","0","0","0","0","low","tap","choice","subspace","true","linear-algebra-span"
"linear-algebra-svd","conditioning","compute","","6","6","0","0","0","0","6","0","6","0","0","0","0","low","math-text;tap","structured","conditioning","false","linear-algebra-svd"
"linear-algebra-svd","conditioning","interpret","","6","6","0","0","0","0","6","0","6","0","0","0","0","low","math-text;tap","structured","conditioning","false","linear-algebra-svd"
"linear-algebra-svd","low-rank-approximation","compute","","8","8","0","0","0","0","8","0","8","0","0","0","0","low","math-text","structured","low-rank-approximation","false","linear-algebra-svd"
"linear-algebra-svd","singular-values","interpret","","6","6","0","0","0","0","6","0","6","0","0","0","0","low","math-text;tap","structured","singular-values","false","linear-algebra-svd"
"linear-algebra-svd","singular-values","recall","la-singular-value-terminology","0","1","0","1","0","1","0","0","1","0","0","0","0","low","short-text","structured","singular-values","true",""
"linear-algebra-svd","singular-values","recognize","","2","2","0","0","2","2","2","2","0","0","0","0","0","low","tap","choice","singular-values","false","linear-algebra-svd"
"linear-algebra-svd","singular-vectors","compute","","6","6","0","0","0","0","6","0","6","0","0","0","0","low","math-text","structured","singular-vectors","false","linear-algebra-svd"
"linear-algebra-svd","singular-vectors","construct","","6","6","0","0","0","0","6","0","6","0","0","0","0","low","math-text","structured","singular-vectors","false","linear-algebra-svd"
"linear-algebra-svd","svd","compute","","7","7","0","0","0","0","7","0","7","0","0","0","0","low","math-text","structured","svd","false","linear-algebra-svd"
"linear-algebra-svd","svd","construct","","6","6","0","0","0","0","6","0","6","0","0","0","0","medium","math-text;tap","structured","svd","false","linear-algebra-svd"
"linear-algebra-svd","svd","interpret","","7","7","0","0","0","0","7","0","7","0","0","0","0","medium","math-text;tap","structured","svd","false","linear-algebra-svd"
"linear-algebra-svd","svd","recall","la-svd-terminology","0","1","0","1","0","1","0","0","1","0","0","0","0","low","short-text","structured","svd","true",""
"linear-algebra-svd","svd-rank","compute","","7","7","0","0","0","0","7","0","7","0","0","0","0","low","math-text","structured","svd-rank","false","linear-algebra-svd"
"linear-algebra-svd","svd-rank","justify","","1","1","0","0","0","0","1","0","0","1","0","0","0","high","handwriting;math-text;photo","open-reasoning","svd-rank","true","linear-algebra-svd"
"linear-algebra-svd","svd-rank","recognize","","1","2","0","1","1","2","1","2","0","0","1","2","0","low","tap","choice","svd-rank","false","linear-algebra-svd"
"linear-algebra-systems","augmented-matrix","represent","","7","7","0","0","0","0","7","0","7","0","0","0","0","low","math-text;tap","structured","augmented-matrix","false","linear-algebra-systems"
"linear-algebra-systems","elimination","compute","","19","19","0","0","0","0","19","0","19","0","0","0","0","high;low","handwriting;math-text;photo;tap","open-reasoning;structured","elimination","false","linear-algebra-systems"
"linear-algebra-systems","elimination","counterexample","","1","1","0","0","0","0","1","0","1","0","0","0","0","low","math-text;tap","structured","elimination","true","linear-algebra-systems"
"linear-algebra-systems","elimination","justify","","14","14","0","0","0","0","14","0","0","14","0","0","0","high","handwriting;math-text;photo","open-reasoning","elimination","false","linear-algebra-systems"
"linear-algebra-systems","free-variables","compute","","7","7","0","0","0","0","7","0","7","0","0","0","0","low","math-text","structured","free-variables","false","linear-algebra-systems"
"linear-algebra-systems","free-variables","recall","la-free-variable-terminology","0","1","0","1","0","1","0","0","1","0","0","0","0","low","short-text","structured","free-variables","true",""
"linear-algebra-systems","free-variables","represent","","7","7","0","0","0","0","7","0","7","0","0","0","0","low","math-text","structured","free-variables","false","linear-algebra-systems"
"linear-algebra-systems","homogeneous-system","construct","","7","7","0","0","0","0","7","0","7","0","0","0","0","medium","math-text;tap","structured","homogeneous-system","false","linear-algebra-systems"
"linear-algebra-systems","homogeneous-system","interpret","","1","1","0","0","1","1","1","1","0","0","0","0","0","low","tap","structured","homogeneous-system","true","linear-algebra-systems"
"linear-algebra-systems","homogeneous-system","prove","","4","4","0","0","0","0","4","0","0","4","0","0","0","high","handwriting;math-text;photo","open-reasoning","homogeneous-system","false","linear-algebra-systems"
"linear-algebra-systems","homogeneous-system","recall","la-homogeneous-terminology","0","1","0","1","0","1","0","0","1","0","0","0","0","low","short-text","structured","homogeneous-system","true",""
"linear-algebra-systems","homogeneous-system","recognize","","1","1","0","0","1","1","1","1","0","0","0","0","0","low","tap","choice","homogeneous-system","true","linear-algebra-systems"
"linear-algebra-systems","linear-system","compute","","1","1","0","0","0","0","1","0","1","0","0","0","0","low","math-text","structured","linear-system","true","linear-algebra-systems"
"linear-algebra-systems","linear-system","represent","","6","6","0","0","0","0","6","0","6","0","0","0","0","low","math-text;tap","structured","linear-system","false","linear-algebra-systems"
"linear-algebra-systems","system-consistency","compute","","13","13","0","0","0","0","13","0","13","0","0","0","0","high;low;medium","handwriting;math-text;photo;tap","open-reasoning;structured","system-consistency","false","linear-algebra-systems"
"linear-algebra-systems","system-consistency","counterexample","","1","1","0","0","0","0","1","0","1","0","0","0","0","low","math-text","structured","system-consistency","true","linear-algebra-systems"
"linear-algebra-systems","system-consistency","evaluate","","1","1","0","0","0","0","1","0","0","1","0","0","0","high","handwriting;math-text;photo","open-reasoning","system-consistency","true","linear-algebra-systems"
"linear-algebra-systems","system-consistency","recall","la-consistent-terminology","0","1","0","1","0","1","0","0","1","0","0","0","0","low","short-text","structured","system-consistency","true",""
"linear-algebra-systems","system-consistency","recognize","","1","1","0","0","1","1","1","1","0","0","0","0","0","low","tap","choice","system-consistency","true","linear-algebra-systems"
"linear-algebra-transformations","affine-map","recognize","","1","1","0","0","1","1","1","1","0","0","0","0","0","low","tap","choice","affine-map","true","linear-algebra-transformations"
"linear-algebra-transformations","change-basis","compute","","6","6","0","0","0","0","6","0","6","0","0","0","0","low","math-text","structured","change-basis","false","linear-algebra-transformations"
"linear-algebra-transformations","change-basis","interpret","","4","4","0","0","4","4","4","4","0","0","0","0","0","low","tap","structured","change-basis","false","linear-algebra-transformations"
"linear-algebra-transformations","kernel-image","compare","","6","6","0","0","0","0","6","0","6","0","0","0","0","medium","math-text;tap","structured","kernel-image","false","linear-algebra-transformations"
"linear-algebra-transformations","kernel-image","compute","","13","13","0","0","0","0","13","0","13","0","0","0","0","medium","math-text;tap","structured","kernel-image","false","linear-algebra-transformations"
"linear-algebra-transformations","kernel-image","construct","","1","1","0","0","0","0","1","0","1","0","0","0","0","low","math-text","structured","kernel-image","true","linear-algebra-transformations"
"linear-algebra-transformations","kernel-image","prove","","3","3","0","0","0","0","3","0","0","3","0","0","0","high","handwriting;math-text;photo","open-reasoning","kernel-image","false","linear-algebra-transformations"
"linear-algebra-transformations","kernel-image","recall","la-image-terminology","0","1","0","1","0","1","0","0","1","0","0","0","0","low","short-text","structured","kernel-image","true",""
"linear-algebra-transformations","kernel-image","recall","la-kernel-terminology","0","1","0","1","0","1","0","0","1","0","0","0","0","low","short-text","structured","kernel-image","true",""
"linear-algebra-transformations","linear-map","counterexample","","8","8","0","0","0","0","8","0","8","0","0","0","0","low;medium","math-text;tap","structured","linear-map","false","linear-algebra-transformations"
"linear-algebra-transformations","linear-map","prove","","9","9","0","0","0","0","9","0","0","9","0","0","0","high","handwriting;math-text;photo","open-reasoning","linear-map","false","linear-algebra-transformations"
"linear-algebra-transformations","linear-map","recall","la-linear-transformation-terminology","0","1","0","1","0","1","0","0","1","0","0","0","0","low","short-text","structured","linear-map","true",""
"linear-algebra-transformations","linear-map","recognize","","1","2","0","1","1","2","1","2","0","0","1","2","0","low","tap","choice","linear-map","false","linear-algebra-transformations"
"linear-algebra-transformations","map-matrix","compute","","14","14","0","0","0","0","14","0","14","0","0","0","0","low","math-text","structured","map-matrix","false","linear-algebra-transformations"
"linear-algebra-transformations","map-matrix","justify","","1","1","0","0","0","0","1","0","0","1","0","0","0","high","handwriting;math-text;photo","open-reasoning","map-matrix","true","linear-algebra-transformations"
"linear-algebra-transformations","map-matrix","represent","","14","14","0","0","0","0","14","0","14","0","0","0","0","low","math-text","structured","map-matrix","false","linear-algebra-transformations"
"linear-algebra-transformations","surjectivity","recognize","","1","1","0","0","1","1","1","1","0","0","0","0","0","low","tap","choice","surjectivity","true","linear-algebra-transformations"
"linear-algebra-vectors","linear-combinations","compute","","6","6","0","0","0","0","6","0","6","0","0","0","0","high","handwriting;math-text;photo","open-reasoning","linear-combinations","false","linear-algebra-vectors"
"linear-algebra-vectors","linear-combinations","construct","","2","2","0","0","0","0","2","0","2","0","0","0","0","low;medium","math-text;tap","structured","linear-combinations","false","linear-algebra-vectors"
"linear-algebra-vectors","linear-combinations","justify","","6","6","0","0","0","0","6","0","0","6","0","0","0","high","handwriting;math-text;photo","open-reasoning","linear-combinations","false","linear-algebra-vectors"
"linear-algebra-vectors","linear-combinations","prove","","2","2","0","0","0","0","2","0","0","2","0","0","0","high","handwriting;math-text;photo","open-reasoning","linear-combinations","false","linear-algebra-vectors"
"linear-algebra-vectors","linear-combinations","recall","la-linear-combination-terminology","0","1","0","1","0","1","0","0","1","0","0","0","0","low","short-text","structured","linear-combinations","true",""
"linear-algebra-vectors","linear-combinations","recognize","","1","2","0","1","1","2","1","2","0","0","1","2","0","low","tap","choice","linear-combinations","false","linear-algebra-vectors"
"linear-algebra-vectors","linear-model","compute","","13","13","0","0","0","0","13","0","13","0","0","0","0","low","math-text;tap","structured","linear-model","false","linear-algebra-vectors"
"linear-algebra-vectors","vector-coordinates","compute","","7","7","0","0","0","0","7","0","7","0","0","0","0","low","math-text;tap","structured","vector-coordinates","false","linear-algebra-vectors"
"linear-algebra-vectors","vector-coordinates","interpret","","7","7","0","0","0","0","7","0","7","0","0","0","0","low","math-text;tap","structured","vector-coordinates","false","linear-algebra-vectors"
"linear-algebra-vectors","vector-coordinates","recall","la-vector-terminology","0","1","0","1","0","1","0","0","1","0","0","0","0","low","short-text","structured","vector-coordinates","true",""
"linear-algebra-vectors","vector-operations","analyze","","1","1","0","0","0","0","1","0","1","0","0","0","0","low","math-text;tap","structured","vector-operations","true","linear-algebra-vectors"
"linear-algebra-vectors","vector-operations","compute","","21","21","0","0","0","0","21","0","21","0","0","0","0","low;medium","math-text;tap","structured","vector-operations","false","linear-algebra-vectors"
"linear-algebra-vectors","vector-operations","prove","","2","2","0","0","0","0","2","0","0","2","0","0","0","high","handwriting;math-text;photo","open-reasoning","vector-operations","false","linear-algebra-vectors"
"linear-algebra-vectors","vector-operations","recall","la-scalar-terminology","0","1","0","1","0","1","0","0","1","0","0","0","0","low","short-text","structured","vector-operations","true",""
"linear-algebra-vectors","vector-operations","recognize","","1","1","0","0","1","1","1","1","0","0","0","0","0","low","tap","choice","vector-operations","true","linear-algebra-vectors"
"linear-algebra-vectors","vector-operations","transform","","1","1","0","0","0","0","1","0","1","0","0","0","0","low","math-text;tap","structured","vector-operations","true","linear-algebra-vectors"
"mathematical-induction","divisibility","analyze","","1","1","0","0","0","0","1","0","1","0","0","0","0","high","handwriting;math-text;photo","open-reasoning","divisibility","true","mathematical-induction"
"mathematical-induction","divisibility","prove","","11","11","0","0","0","0","11","0","0","11","0","0","0","high","handwriting;math-text;photo","open-reasoning","divisibility","false","mathematical-induction"
"mathematical-induction","induction-hypothesis","interpret","","1","1","0","0","1","1","1","1","0","0","0","0","0","low","tap","structured","induction-hypothesis","true","mathematical-induction"
"mathematical-induction","induction-hypothesis","prove","","13","13","0","0","0","0","13","0","0","13","0","0","0","high","handwriting;math-text;photo","open-reasoning","induction-hypothesis","false","mathematical-induction"
"mathematical-induction","induction-hypothesis","recall","induction-hypothesis-term","0","1","0","1","0","1","0","0","1","0","0","0","0","low","short-text","structured","induction-hypothesis","true",""
"mathematical-induction","induction-hypothesis","represent","","2","2","0","0","0","0","2","0","2","0","0","0","0","low","math-text","structured","induction-hypothesis","false","mathematical-induction"
"mathematical-induction","induction-inequalities","prove","","10","10","0","0","0","0","10","0","0","10","0","0","0","high","handwriting;math-text;photo","open-reasoning","induction-inequalities","false","mathematical-induction"
"mathematical-induction","induction-inequalities","recognize","","1","1","0","0","1","1","1","1","0","0","0","0","0","low","tap","choice","induction-inequalities","true","mathematical-induction"
"mathematical-induction","induction-principle","interpret","","4","4","0","0","4","4","4","4","0","0","0","0","0","low","tap","structured","induction-principle","false","mathematical-induction"
"mathematical-induction","induction-principle","recall","induction-proof-roles","0","1","0","1","0","1","0","1","0","0","1","3","0","low","tap","choice","induction-principle","false",""
"mathematical-induction","induction-principle","recognize","","3","3","0","0","3","3","3","3","0","0","0","0","0","low","tap","choice","induction-principle","false","mathematical-induction"
"mathematical-induction","injectivity","prove","","1","1","0","0","0","0","1","0","0","1","0","0","0","high","handwriting;math-text;photo","open-reasoning","injectivity","true","mathematical-induction"
"mathematical-induction","loop-invariant","prove","","4","4","0","0","0","0","4","0","0","4","0","0","0","high","handwriting;math-text;photo","open-reasoning","loop-invariant","false","mathematical-induction"
"mathematical-induction","loop-invariant","recall","loop-invariant-term","0","1","0","1","0","1","0","0","1","0","0","0","0","low","short-text","structured","loop-invariant","true",""
"mathematical-induction","power-set","prove","","1","1","0","0","0","0","1","0","0","1","0","0","0","high","handwriting;math-text;photo","open-reasoning","power-set","true","mathematical-induction"
"mathematical-induction","proof-diagnosis","analyze","","1","1","0","0","0","0","1","0","1","0","0","0","0","low","math-text","structured","proof-diagnosis","true","mathematical-induction"
"mathematical-induction","proof-diagnosis","transform","","1","1","0","0","0","0","1","0","1","0","0","0","0","low","math-text","structured","proof-diagnosis","true","mathematical-induction"
"mathematical-induction","recursive-definition","prove","","10","10","0","0","0","0","10","0","0","10","0","0","0","high","handwriting;math-text;photo","open-reasoning","recursive-definition","false","mathematical-induction"
"mathematical-induction","set-identities","prove","","1","1","0","0","0","0","1","0","0","1","0","0","0","high","handwriting;math-text;photo","open-reasoning","set-identities","true","mathematical-induction"
"mathematical-induction","strengthened-induction","interpret","","1","1","0","0","1","1","1","1","0","0","0","0","0","low","tap","structured","strengthened-induction","true","mathematical-induction"
"mathematical-induction","strengthened-induction","prove","","3","3","0","0","0","0","3","0","0","3","0","0","0","high","handwriting;math-text;photo","open-reasoning","strengthened-induction","false","mathematical-induction"
"predicates-and-quantifiers","counterexample","construct","","1","1","1","1","0","0","0","0","1","0","1","3","0","low","math-text;tap","structured","counterexample","false","predicates-and-quantifiers"
"predicates-and-quantifiers","counterexample","counterexample","","3","3","0","0","0","0","3","0","3","0","0","0","0","high;low","handwriting;math-text;photo;tap","open-reasoning;structured","counterexample","false","predicates-and-quantifiers"
"predicates-and-quantifiers","counterexample","justify","","1","1","0","0","0","0","1","0","0","1","0","0","0","high","handwriting;math-text;photo","open-reasoning","counterexample","true","predicates-and-quantifiers"
"predicates-and-quantifiers","existential-quantification","construct","","1","1","1","1","0","0","0","0","1","0","1","3","0","low","math-text;tap","structured","existential-quantification","false","predicates-and-quantifiers"
"predicates-and-quantifiers","existential-quantification","interpret","witness-selection","1","1","1","1","1","1","0","1","0","0","0","0","1","low","tap","choice","existential-quantification","false","predicates-and-quantifiers"
"predicates-and-quantifiers","existential-quantification","recall","existential-quantifier-definition","1","1","1","1","1","1","0","1","0","0","1","2","0","low","tap","choice","existential-quantification","false","predicates-and-quantifiers"
"predicates-and-quantifiers","existential-quantification","recall","witness-definition","2","2","2","2","2","2","0","0","2","0","1","2","0","low","short-text","open-reasoning;structured","existential-quantification","false","predicates-and-quantifiers"
"predicates-and-quantifiers","existential-quantification","recall","witness-definition-recognition","1","1","1","1","1","1","0","1","0","0","1","3","0","low","tap","choice","existential-quantification","false","predicates-and-quantifiers"
"predicates-and-quantifiers","existential-quantification","recognize","","1","1","0","0","1","1","1","1","0","0","0","0","0","low","tap","choice","existential-quantification","true","predicates-and-quantifiers"
"predicates-and-quantifiers","existential-quantification","represent","","1","1","0","0","0","0","1","0","1","0","0","0","0","low","math-text","structured","existential-quantification","true","predicates-and-quantifiers"
"predicates-and-quantifiers","predicate-domain","recall","domain-definition","1","1","1","1","1","1","0","1","0","0","1","2","0","low","tap","choice","predicate-domain","false","predicates-and-quantifiers"
"predicates-and-quantifiers","predicate-domain","recognize","","3","3","1","1","3","3","2","3","0","0","1","3","0","low","tap","choice","predicate-domain","false","predicates-and-quantifiers"
"predicates-and-quantifiers","predicate-evaluation","recall","predicate-definition","1","1","1","1","1","1","0","1","0","0","1","2","0","low","tap","choice","predicate-evaluation","false","predicates-and-quantifiers"
"predicates-and-quantifiers","quantified-inference","analyze","","2","2","0","0","2","2","2","0","2","0","0","0","0","low","tap","structured","quantified-inference","false","predicates-and-quantifiers"
"predicates-and-quantifiers","quantified-inference","interpret","","1","1","1","1","1","1","0","1","0","0","1","3","0","low","tap","choice","quantified-inference","false","predicates-and-quantifiers"
"predicates-and-quantifiers","quantified-inference","recall","countermodel-definition","1","1","1","1","1","1","0","1","0","0","1","2","0","low","tap","choice","quantified-inference","false","predicates-and-quantifiers"
"predicates-and-quantifiers","quantified-inference","recognize","","3","3","0","0","3","3","3","3","0","0","0","0","0","low","tap","choice","quantified-inference","false","predicates-and-quantifiers"
"predicates-and-quantifiers","quantified-proof","prove","","5","5","0","0","0","0","5","0","0","5","0","0","0","high","handwriting;math-text;photo","open-reasoning","quantified-proof","false","predicates-and-quantifiers"
"predicates-and-quantifiers","quantified-specification","analyze","","1","1","0","0","0","0","1","0","1","0","0","0","0","low","math-text;tap","structured","quantified-specification","true","predicates-and-quantifiers"
"predicates-and-quantifiers","quantified-specification","transform","","1","1","0","0","0","0","1","0","1","0","0","0","0","low","math-text;tap","structured","quantified-specification","true","predicates-and-quantifiers"
"predicates-and-quantifiers","quantified-specification","translate","","1","1","0","0","0","0","1","0","1","0","0","0","0","low","math-text;tap","structured","quantified-specification","true","predicates-and-quantifiers"
"predicates-and-quantifiers","quantifier-laws","counterexample","","4","4","0","0","4","4","4","0","4","0","0","0","0","low","tap","structured","quantifier-laws","false","predicates-and-quantifiers"
"predicates-and-quantifiers","quantifier-laws","interpret","","1","1","1","1","1","1","0","1","0","0","1","3","0","low","tap","choice","quantifier-laws","false","predicates-and-quantifiers"
"predicates-and-quantifiers","quantifier-negation","interpret","","1","1","1","1","1","1","0","1","0","0","1","3","0","low","tap","choice","quantifier-negation","false","predicates-and-quantifiers"
"predicates-and-quantifiers","quantifier-negation","recall","negated-existential-form","1","1","1","1","1","1","0","1","0","0","1","3","0","low","tap","choice","quantifier-negation","false","predicates-and-quantifiers"
"predicates-and-quantifiers","quantifier-negation","recall","negated-universal-form","1","1","1","1","1","1","0","1","0","0","1","3","0","low","tap","choice","quantifier-negation","false","predicates-and-quantifiers"
"predicates-and-quantifiers","quantifier-negation","transform","","12","12","1","1","0","0","11","0","12","0","1","3","0","low;medium","handwriting;math-text;photo;tap","open-reasoning;structured","quantifier-negation","false","predicates-and-quantifiers"
"predicates-and-quantifiers","quantifier-order","construct","","1","1","1","1","0","0","0","0","1","0","1","3","0","medium","handwriting;math-text;photo","open-reasoning;structured","quantifier-order","false","predicates-and-quantifiers"
"predicates-and-quantifiers","quantifier-order","construct","finite-quantifier-countermodel","1","1","1","1","0","0","0","0","1","0","1","2","0","medium","tap","structured","quantifier-order","false","predicates-and-quantifiers"
"predicates-and-quantifiers","quantifier-order","counterexample","","1","1","0","0","0","0","1","0","1","0","0","0","0","high","handwriting;math-text;photo","open-reasoning","quantifier-order","true","predicates-and-quantifiers"
"predicates-and-quantifiers","quantifier-order","interpret","","1","1","1","1","1","1","0","1","0","0","1","3","0","low","tap","choice","quantifier-order","false","predicates-and-quantifiers"
"predicates-and-quantifiers","quantifier-order","interpret","quantifier-order-dependence","1","1","1","1","1","1","0","1","0","0","1","4","0","low","tap","choice","quantifier-order","false","predicates-and-quantifiers"
"predicates-and-quantifiers","quantifier-order","justify","","1","1","0","0","0","0","1","0","0","1","0","0","0","high","handwriting;math-text;photo","open-reasoning","quantifier-order","true","predicates-and-quantifiers"
"predicates-and-quantifiers","quantifier-order","recognize","","1","1","0","0","1","1","1","1","0","0","0","0","0","low","tap","choice","quantifier-order","true","predicates-and-quantifiers"
"predicates-and-quantifiers","quantifier-translation","recall","quantifier-definition","1","1","1","1","1","1","0","1","0","0","1","2","0","low","tap","choice","quantifier-translation","false","predicates-and-quantifiers"
"predicates-and-quantifiers","quantifier-translation","recognize","","20","20","0","0","20","20","20","20","0","0","0","0","0","low","tap","choice","quantifier-translation","false","predicates-and-quantifiers"
"predicates-and-quantifiers","uniqueness","analyze","","1","1","0","0","0","0","1","0","1","0","0","0","0","low","math-text;tap","structured","uniqueness","true","predicates-and-quantifiers"
"predicates-and-quantifiers","uniqueness","prove","","1","1","0","0","0","0","1","0","0","1","0","0","0","high","handwriting;math-text;photo","open-reasoning","uniqueness","true","predicates-and-quantifiers"
"predicates-and-quantifiers","uniqueness","recall","existence-uniqueness-distinction","1","1","1","1","1","1","0","1","0","0","1","3","0","low","tap","choice","uniqueness","false","predicates-and-quantifiers"
"predicates-and-quantifiers","uniqueness","recognize","","2","2","0","0","2","2","2","2","0","0","0","0","0","low","tap","choice","uniqueness","false","predicates-and-quantifiers"
"predicates-and-quantifiers","uniqueness","represent","","2","2","0","0","0","0","2","0","2","0","0","0","0","low","math-text","structured","uniqueness","false","predicates-and-quantifiers"
"predicates-and-quantifiers","uniqueness","translate","","1","1","0","0","0","0","1","0","1","0","0","0","0","low","math-text;tap","structured","uniqueness","true","predicates-and-quantifiers"
"predicates-and-quantifiers","universal-quantification","recall","universal-counterexample-definition","1","1","1","1","1","1","0","1","0","0","1","2","0","low","tap","choice","universal-quantification","false","predicates-and-quantifiers"
"predicates-and-quantifiers","universal-quantification","recall","universal-quantifier-definition","1","1","1","1","1","1","0","1","0","0","1","2","0","low","tap","choice","universal-quantification","false","predicates-and-quantifiers"
"predicates-and-quantifiers","universal-quantification","represent","","1","1","0","0","0","0","1","0","1","0","0","0","0","low","math-text","structured","universal-quantification","true","predicates-and-quantifiers"
"predicates-and-quantifiers","vacuous-quantification","interpret","","1","1","1","1","1","1","0","1","0","0","1","3","0","low","tap","choice","vacuous-quantification","false","predicates-and-quantifiers"
"predicates-and-quantifiers","vacuous-quantification","recall","vacuous-truth-definition","1","1","1","1","1","1","0","1","0","0","1","2","0","low","tap","choice","vacuous-quantification","false","predicates-and-quantifiers"
"predicates-and-quantifiers","vacuous-quantification","recognize","","1","1","0","0","1","1","1","1","0","0","0","0","0","low","tap","choice","vacuous-quantification","true","predicates-and-quantifiers"
"predicates-and-quantifiers","variable-scope","recall","bound-variable-definition","1","1","1","1","1","1","0","1","0","0","0","0","0","low","tap","choice","variable-scope","true","predicates-and-quantifiers"
"predicates-and-quantifiers","variable-scope","recall","free-variable-definition","1","1","1","1","1","1","0","1","0","0","0","0","0","low","tap","choice","variable-scope","true","predicates-and-quantifiers"
"predicates-and-quantifiers","variable-scope","recall","open-closed-formula-distinction","1","1","1","1","1","1","0","1","0","0","1","2","0","low","tap","choice","variable-scope","false","predicates-and-quantifiers"
"predicates-and-quantifiers","variable-scope","recall","quantifier-scope-definition","1","1","1","1","1","1","0","1","0","0","1","2","0","low","tap","choice","variable-scope","false","predicates-and-quantifiers"
"predicates-and-quantifiers","variable-scope","recognize","","4","4","1","1","4","4","3","4","0","0","1","4","0","low","tap","choice","variable-scope","false","predicates-and-quantifiers"
"predicates-and-quantifiers","variable-scope","transform","","1","1","0","0","0","0","1","0","1","0","0","0","0","low","math-text;tap","structured","variable-scope","true","predicates-and-quantifiers"
"probability-statistics-bayesian-estimation","probability-statistics-bayesian-estimation-beta-distributions-on-a-probability-parameter","compute","","11","11","0","0","0","0","11","0","11","0","0","0","0","low","math-text","structured","probability-statistics-bayesian-estimation-beta-distributions-on-a-probability-parameter","false","probability-statistics-bayesian-estimation"
"probability-statistics-bayesian-estimation","probability-statistics-bayesian-estimation-beta-distributions-on-a-probability-parameter","compute","probability-statistics-bayesian-estimation-beta-distributions-on-a-probability-parameter-compute-production","1","1","1","1","0","0","0","0","1","0","1","3","0","low","math-text","structured","probability-statistics-bayesian-estimation-beta-distributions-on-a-probability-parameter","false","probability-statistics-bayesian-estimation"
"probability-statistics-bayesian-estimation","probability-statistics-bayesian-estimation-beta-distributions-on-a-probability-parameter","justify","","1","1","0","0","0","0","1","0","0","1","0","0","0","high","handwriting;math-text;photo","open-reasoning","probability-statistics-bayesian-estimation-beta-distributions-on-a-probability-parameter","true","probability-statistics-bayesian-estimation"
"probability-statistics-bayesian-estimation","probability-statistics-bayesian-estimation-binomial-data-update-both-shape-parameters","compute","","11","11","0","0","0","0","11","0","11","0","0","0","0","low","math-text","structured","probability-statistics-bayesian-estimation-binomial-data-update-both-shape-parameters","false","probability-statistics-bayesian-estimation"
"probability-statistics-bayesian-estimation","probability-statistics-bayesian-estimation-binomial-data-update-both-shape-parameters","compute","probability-statistics-bayesian-estimation-binomial-data-update-both-shape-parameters-compute-production","1","1","1","1","0","0","0","0","1","0","1","3","0","low","math-text","structured","probability-statistics-bayesian-estimation-binomial-data-update-both-shape-parameters","false","probability-statistics-bayesian-estimation"
"probability-statistics-bayesian-estimation","probability-statistics-bayesian-estimation-binomial-data-update-both-shape-parameters","justify","","1","1","0","0","0","0","1","0","0","1","0","0","0","high","handwriting;math-text;photo","open-reasoning","probability-statistics-bayesian-estimation-binomial-data-update-both-shape-parameters","true","probability-statistics-bayesian-estimation"
"probability-statistics-bayesian-estimation","probability-statistics-bayesian-estimation-credible-intervals-and-sensitivity-to-assumptions","compute","","9","9","0","0","0","0","9","0","9","0","0","0","0","low","math-text","structured","probability-statistics-bayesian-estimation-credible-intervals-and-sensitivity-to-assumptions","false","probability-statistics-bayesian-estimation"
"probability-statistics-bayesian-estimation","probability-statistics-bayesian-estimation-credible-intervals-and-sensitivity-to-assumptions","compute","probability-statistics-bayesian-estimation-credible-intervals-and-sensitivity-to-assumptions-compute-production","1","1","1","1","0","0","0","0","1","0","1","2","0","low","math-text","structured","probability-statistics-bayesian-estimation-credible-intervals-and-sensitivity-to-assumptions","false","probability-statistics-bayesian-estimation"
"probability-statistics-bayesian-estimation","probability-statistics-bayesian-estimation-credible-intervals-and-sensitivity-to-assumptions","compute","probability-statistics-bayesian-estimation-credible-intervals-and-sensitivity-to-assumptions-compute-recognition","1","1","1","1","1","1","0","1","0","0","0","0","0","low","tap","structured","probability-statistics-bayesian-estimation-credible-intervals-and-sensitivity-to-assumptions","true","probability-statistics-bayesian-estimation"
"probability-statistics-bayesian-estimation","probability-statistics-bayesian-estimation-credible-intervals-and-sensitivity-to-assumptions","justify","","1","1","0","0","0","0","1","0","0","1","0","0","0","high","handwriting;math-text;photo","open-reasoning","probability-statistics-bayesian-estimation-credible-intervals-and-sensitivity-to-assumptions","true","probability-statistics-bayesian-estimation"
"probability-statistics-bayesian-estimation","probability-statistics-bayesian-estimation-model-uncertainty-about-a-parameter","compute","","10","10","0","0","0","0","10","0","10","0","0","0","0","low","math-text","structured","probability-statistics-bayesian-estimation-model-uncertainty-about-a-parameter","false","probability-statistics-bayesian-estimation"
"probability-statistics-bayesian-estimation","probability-statistics-bayesian-estimation-model-uncertainty-about-a-parameter","compute","probability-statistics-bayesian-estimation-model-uncertainty-about-a-parameter-compute-production","1","1","1","1","0","0","0","0","1","0","1","2","0","low","math-text","structured","probability-statistics-bayesian-estimation-model-uncertainty-about-a-parameter","false","probability-statistics-bayesian-estimation"
"probability-statistics-bayesian-estimation","probability-statistics-bayesian-estimation-model-uncertainty-about-a-parameter","compute","probability-statistics-bayesian-estimation-model-uncertainty-about-a-parameter-compute-recognition","1","1","1","1","1","1","0","1","0","0","0","0","0","low","tap","structured","probability-statistics-bayesian-estimation-model-uncertainty-about-a-parameter","true","probability-statistics-bayesian-estimation"
"probability-statistics-bayesian-estimation","probability-statistics-bayesian-estimation-model-uncertainty-about-a-parameter","justify","","1","1","0","0","0","0","1","0","0","1","0","0","0","high","handwriting;math-text;photo","open-reasoning","probability-statistics-bayesian-estimation-model-uncertainty-about-a-parameter","true","probability-statistics-bayesian-estimation"
"probability-statistics-bayesian-estimation","probability-statistics-bayesian-estimation-model-uncertainty-about-a-parameter","recognize","","1","1","0","0","1","1","1","1","0","0","0","0","0","low","tap","choice","probability-statistics-bayesian-estimation-model-uncertainty-about-a-parameter","true","probability-statistics-bayesian-estimation"
"probability-statistics-bayesian-estimation","probability-statistics-bayesian-estimation-predict-future-observations-by-averaging-over-uncertainty","compute","","11","11","0","0","0","0","11","0","11","0","0","0","0","low","math-text","structured","probability-statistics-bayesian-estimation-predict-future-observations-by-averaging-over-uncertainty","false","probability-statistics-bayesian-estimation"
"probability-statistics-bayesian-estimation","probability-statistics-bayesian-estimation-predict-future-observations-by-averaging-over-uncertainty","compute","probability-statistics-bayesian-estimation-predict-future-observations-by-averaging-over-uncertainty-compute-production","1","1","1","1","0","0","0","0","1","0","1","3","0","low","math-text","structured","probability-statistics-bayesian-estimation-predict-future-observations-by-averaging-over-uncertainty","false","probability-statistics-bayesian-estimation"
"probability-statistics-bayesian-estimation","probability-statistics-bayesian-estimation-predict-future-observations-by-averaging-over-uncertainty","justify","","1","1","0","0","0","0","1","0","0","1","0","0","0","high","handwriting;math-text;photo","open-reasoning","probability-statistics-bayesian-estimation-predict-future-observations-by-averaging-over-uncertainty","true","probability-statistics-bayesian-estimation"
"probability-statistics-bayesian-estimation","probability-statistics-bayesian-estimation-predict-future-observations-by-averaging-over-uncertainty","recognize","","1","1","0","0","1","1","1","1","0","0","0","0","0","low","tap","choice","probability-statistics-bayesian-estimation-predict-future-observations-by-averaging-over-uncertainty","true","probability-statistics-bayesian-estimation"
"probability-statistics-bernoulli-binomial-geometric","probability-statistics-bernoulli-binomial-geometric-bernoulli-variables-model-one-binary-event","compute","","8","8","0","0","0","0","8","0","8","0","0","0","0","low","math-text","structured","probability-statistics-bernoulli-binomial-geometric-bernoulli-variables-model-one-binary-event","false","probability-statistics-bernoulli-binomial-geometric"
"probability-statistics-bernoulli-binomial-geometric","probability-statistics-bernoulli-binomial-geometric-bernoulli-variables-model-one-binary-event","compute","probability-statistics-bernoulli-binomial-geometric-bernoulli-variables-model-one-binary-event-compute-production","1","1","1","1","0","0","0","0","1","0","1","2","0","low","math-text","structured","probability-statistics-bernoulli-binomial-geometric-bernoulli-variables-model-one-binary-event","false","probability-statistics-bernoulli-binomial-geometric"
"probability-statistics-bernoulli-binomial-geometric","probability-statistics-bernoulli-binomial-geometric-bernoulli-variables-model-one-binary-event","interpret","","1","1","0","0","1","1","1","1","0","0","0","0","0","low","tap","structured","probability-statistics-bernoulli-binomial-geometric-bernoulli-variables-model-one-binary-event","true","probability-statistics-bernoulli-binomial-geometric"
"probability-statistics-bernoulli-binomial-geometric","probability-statistics-bernoulli-binomial-geometric-bernoulli-variables-model-one-binary-event","justify","","1","1","0","0","0","0","1","0","0","1","0","0","0","high","handwriting;math-text;photo","open-reasoning","probability-statistics-bernoulli-binomial-geometric-bernoulli-variables-model-one-binary-event","true","probability-statistics-bernoulli-binomial-geometric"
"probability-statistics-bernoulli-binomial-geometric","probability-statistics-bernoulli-binomial-geometric-bernoulli-variables-model-one-binary-event","justify","probability-statistics-bernoulli-binomial-geometric-bernoulli-variables-model-one-binary-event-justify-reasoning","1","1","1","1","0","0","0","0","0","1","0","0","0","medium","handwriting;math-text;photo","open-reasoning","probability-statistics-bernoulli-binomial-geometric-bernoulli-variables-model-one-binary-event","true","probability-statistics-bernoulli-binomial-geometric"
"probability-statistics-bernoulli-binomial-geometric","probability-statistics-bernoulli-binomial-geometric-binomial-counts-combine-fixed-independent-trials","compute","","8","8","0","0","0","0","8","0","8","0","0","0","0","low","math-text","structured","probability-statistics-bernoulli-binomial-geometric-binomial-counts-combine-fixed-independent-trials","false","probability-statistics-bernoulli-binomial-geometric"
"probability-statistics-bernoulli-binomial-geometric","probability-statistics-bernoulli-binomial-geometric-binomial-counts-combine-fixed-independent-trials","compute","probability-statistics-bernoulli-binomial-geometric-binomial-counts-combine-fixed-independent-trials-compute-production","1","1","1","1","0","0","0","0","1","0","1","2","0","low","math-text","structured","probability-statistics-bernoulli-binomial-geometric-binomial-counts-combine-fixed-independent-trials","false","probability-statistics-bernoulli-binomial-geometric"
"probability-statistics-bernoulli-binomial-geometric","probability-statistics-bernoulli-binomial-geometric-binomial-counts-combine-fixed-independent-trials","interpret","","1","1","0","0","1","1","1","1","0","0","0","0","0","low","tap","structured","probability-statistics-bernoulli-binomial-geometric-binomial-counts-combine-fixed-independent-trials","true","probability-statistics-bernoulli-binomial-geometric"
"probability-statistics-bernoulli-binomial-geometric","probability-statistics-bernoulli-binomial-geometric-binomial-counts-combine-fixed-independent-trials","justify","","1","1","0","0","0","0","1","0","0","1","0","0","0","high","handwriting;math-text;photo","open-reasoning","probability-statistics-bernoulli-binomial-geometric-binomial-counts-combine-fixed-independent-trials","true","probability-statistics-bernoulli-binomial-geometric"
"probability-statistics-bernoulli-binomial-geometric","probability-statistics-bernoulli-binomial-geometric-binomial-counts-combine-fixed-independent-trials","prove","probability-statistics-bernoulli-binomial-geometric-binomial-counts-combine-fixed-independent-trials-prove-reasoning","1","1","1","1","0","0","0","0","0","1","0","0","0","medium","handwriting;math-text;photo","open-reasoning","probability-statistics-bernoulli-binomial-geometric-binomial-counts-combine-fixed-independent-trials","true","probability-statistics-bernoulli-binomial-geometric"
"probability-statistics-bernoulli-binomial-geometric","probability-statistics-bernoulli-binomial-geometric-binomial-counts-combine-fixed-independent-trials","recognize","","1","1","0","0","1","1","1","1","0","0","0","0","0","low","tap","choice","probability-statistics-bernoulli-binomial-geometric-binomial-counts-combine-fixed-independent-trials","true","probability-statistics-bernoulli-binomial-geometric"
"probability-statistics-bernoulli-binomial-geometric","probability-statistics-bernoulli-binomial-geometric-binomial-tails-and-model-checks","compute","","8","8","0","0","0","0","8","0","8","0","0","0","0","low","math-text","structured","probability-statistics-bernoulli-binomial-geometric-binomial-tails-and-model-checks","false","probability-statistics-bernoulli-binomial-geometric"
"probability-statistics-bernoulli-binomial-geometric","probability-statistics-bernoulli-binomial-geometric-binomial-tails-and-model-checks","compute","probability-statistics-bernoulli-binomial-geometric-binomial-tails-and-model-checks-compute-production","1","1","1","1","0","0","0","0","1","0","1","3","0","low","math-text","structured","probability-statistics-bernoulli-binomial-geometric-binomial-tails-and-model-checks","false","probability-statistics-bernoulli-binomial-geometric"
"probability-statistics-bernoulli-binomial-geometric","probability-statistics-bernoulli-binomial-geometric-binomial-tails-and-model-checks","interpret","","1","1","0","0","1","1","1","1","0","0","0","0","0","low","tap","structured","probability-statistics-bernoulli-binomial-geometric-binomial-tails-and-model-checks","true","probability-statistics-bernoulli-binomial-geometric"
"probability-statistics-bernoulli-binomial-geometric","probability-statistics-bernoulli-binomial-geometric-binomial-tails-and-model-checks","justify","","1","1","0","0","0","0","1","0","0","1","0","0","0","high","handwriting;math-text;photo","open-reasoning","probability-statistics-bernoulli-binomial-geometric-binomial-tails-and-model-checks","true","probability-statistics-bernoulli-binomial-geometric"
"probability-statistics-bernoulli-binomial-geometric","probability-statistics-bernoulli-binomial-geometric-geometric-moments-and-memorylessness","compute","","8","8","0","0","0","0","8","0","8","0","0","0","0","low","math-text","structured","probability-statistics-bernoulli-binomial-geometric-geometric-moments-and-memorylessness","false","probability-statistics-bernoulli-binomial-geometric"
"probability-statistics-bernoulli-binomial-geometric","probability-statistics-bernoulli-binomial-geometric-geometric-moments-and-memorylessness","compute","probability-statistics-bernoulli-binomial-geometric-geometric-moments-and-memorylessness-compute-production","1","1","1","1","0","0","0","0","1","0","1","2","0","low","math-text","structured","probability-statistics-bernoulli-binomial-geometric-geometric-moments-and-memorylessness","false","probability-statistics-bernoulli-binomial-geometric"
"probability-statistics-bernoulli-binomial-geometric","probability-statistics-bernoulli-binomial-geometric-geometric-moments-and-memorylessness","justify","","1","1","0","0","0","0","1","0","0","1","0","0","0","high","handwriting;math-text;photo","open-reasoning","probability-statistics-bernoulli-binomial-geometric-geometric-moments-and-memorylessness","true","probability-statistics-bernoulli-binomial-geometric"
"probability-statistics-bernoulli-binomial-geometric","probability-statistics-bernoulli-binomial-geometric-geometric-moments-and-memorylessness","justify","probability-statistics-bernoulli-binomial-geometric-geometric-moments-and-memorylessness-justify-reasoning","1","1","1","1","0","0","0","0","0","1","0","0","0","medium","handwriting;math-text;photo","open-reasoning","probability-statistics-bernoulli-binomial-geometric-geometric-moments-and-memorylessness","true","probability-statistics-bernoulli-binomial-geometric"
"probability-statistics-bernoulli-binomial-geometric","probability-statistics-bernoulli-binomial-geometric-geometric-moments-and-memorylessness","prove","","1","1","0","0","0","0","1","0","0","1","0","0","0","high","handwriting;math-text;photo","open-reasoning","probability-statistics-bernoulli-binomial-geometric-geometric-moments-and-memorylessness","true","probability-statistics-bernoulli-binomial-geometric"
"probability-statistics-bernoulli-binomial-geometric","probability-statistics-bernoulli-binomial-geometric-geometric-waiting-time-counts-through-first-success","compute","","8","8","0","0","0","0","8","0","8","0","0","0","0","low","math-text","structured","probability-statistics-bernoulli-binomial-geometric-geometric-waiting-time-counts-through-first-success","false","probability-statistics-bernoulli-binomial-geometric"
"probability-statistics-bernoulli-binomial-geometric","probability-statistics-bernoulli-binomial-geometric-geometric-waiting-time-counts-through-first-success","compute","probability-statistics-bernoulli-binomial-geometric-geometric-waiting-time-counts-through-first-success-compute-production","1","1","1","1","0","0","0","0","1","0","1","2","0","low","math-text","structured","probability-statistics-bernoulli-binomial-geometric-geometric-waiting-time-counts-through-first-success","false","probability-statistics-bernoulli-binomial-geometric"
"probability-statistics-bernoulli-binomial-geometric","probability-statistics-bernoulli-binomial-geometric-geometric-waiting-time-counts-through-first-success","interpret","","1","1","0","0","1","1","1","1","0","0","0","0","0","low","tap","structured","probability-statistics-bernoulli-binomial-geometric-geometric-waiting-time-counts-through-first-success","true","probability-statistics-bernoulli-binomial-geometric"
"probability-statistics-bernoulli-binomial-geometric","probability-statistics-bernoulli-binomial-geometric-geometric-waiting-time-counts-through-first-success","justify","","1","1","0","0","0","0","1","0","0","1","0","0","0","high","handwriting;math-text;photo","open-reasoning","probability-statistics-bernoulli-binomial-geometric-geometric-waiting-time-counts-through-first-success","true","probability-statistics-bernoulli-binomial-geometric"
"probability-statistics-bernoulli-binomial-geometric","probability-statistics-bernoulli-binomial-geometric-geometric-waiting-time-counts-through-first-success","justify","probability-statistics-bernoulli-binomial-geometric-geometric-waiting-time-counts-through-first-success-justify-reasoning","1","1","1","1","0","0","0","0","0","1","0","0","0","medium","handwriting;math-text;photo","open-reasoning","probability-statistics-bernoulli-binomial-geometric-geometric-waiting-time-counts-through-first-success","true","probability-statistics-bernoulli-binomial-geometric"
"probability-statistics-bernoulli-binomial-geometric","probability-statistics-bernoulli-binomial-geometric-geometric-waiting-time-counts-through-first-success","recognize","","1","1","0","0","1","1","1","1","0","0","0","0","0","low","tap","choice","probability-statistics-bernoulli-binomial-geometric-geometric-waiting-time-counts-through-first-success","true","probability-statistics-bernoulli-binomial-geometric"
"probability-statistics-concentration-monte-carlo","probability-statistics-concentration-monte-carlo-a-mean-can-bound-a-nonnegative-tail","compute","","10","10","0","0","0","0","10","0","10","0","0","0","0","low","math-text","structured","probability-statistics-concentration-monte-carlo-a-mean-can-bound-a-nonnegative-tail","false","probability-statistics-concentration-monte-carlo"
"probability-statistics-concentration-monte-carlo","probability-statistics-concentration-monte-carlo-a-mean-can-bound-a-nonnegative-tail","compute","probability-statistics-concentration-monte-carlo-a-mean-can-bound-a-nonnegative-tail-compute-production","1","1","1","1","0","0","0","0","1","0","1","3","0","low","math-text;short-text","structured","probability-statistics-concentration-monte-carlo-a-mean-can-bound-a-nonnegative-tail","false","probability-statistics-concentration-monte-carlo"
"probability-statistics-concentration-monte-carlo","probability-statistics-concentration-monte-carlo-a-mean-can-bound-a-nonnegative-tail","construct","","1","1","0","0","0","0","1","0","1","0","0","0","0","high","handwriting;math-text;photo","open-reasoning","probability-statistics-concentration-monte-carlo-a-mean-can-bound-a-nonnegative-tail","true","probability-statistics-concentration-monte-carlo"
"probability-statistics-concentration-monte-carlo","probability-statistics-concentration-monte-carlo-a-mean-can-bound-a-nonnegative-tail","justify","","1","1","0","0","0","0","1","0","0","1","0","0","0","high","handwriting;math-text;photo","open-reasoning","probability-statistics-concentration-monte-carlo-a-mean-can-bound-a-nonnegative-tail","true","probability-statistics-concentration-monte-carlo"
"probability-statistics-concentration-monte-carlo","probability-statistics-concentration-monte-carlo-a-mean-can-bound-a-nonnegative-tail","recognize","","1","1","0","0","1","1","1","1","0","0","0","0","0","low","tap","choice","probability-statistics-concentration-monte-carlo-a-mean-can-bound-a-nonnegative-tail","true","probability-statistics-concentration-monte-carlo"
"probability-statistics-concentration-monte-carlo","probability-statistics-concentration-monte-carlo-centering-and-squaring-gives-chebyshev","compute","","10","10","0","0","0","0","10","0","10","0","0","0","0","low","math-text","structured","probability-statistics-concentration-monte-carlo-centering-and-squaring-gives-chebyshev","false","probability-statistics-concentration-monte-carlo"
"probability-statistics-concentration-monte-carlo","probability-statistics-concentration-monte-carlo-centering-and-squaring-gives-chebyshev","compute","probability-statistics-concentration-monte-carlo-centering-and-squaring-gives-chebyshev-compute-production","1","1","1","1","0","0","0","0","1","0","1","2","0","low","math-text","structured","probability-statistics-concentration-monte-carlo-centering-and-squaring-gives-chebyshev","false","probability-statistics-concentration-monte-carlo"
"probability-statistics-concentration-monte-carlo","probability-statistics-concentration-monte-carlo-centering-and-squaring-gives-chebyshev","justify","","2","2","0","0","0","0","2","0","0","2","0","0","0","high","handwriting;math-text;photo","open-reasoning","probability-statistics-concentration-monte-carlo-centering-and-squaring-gives-chebyshev","false","probability-statistics-concentration-monte-carlo"
"probability-statistics-concentration-monte-carlo","probability-statistics-concentration-monte-carlo-centering-and-squaring-gives-chebyshev","justify","probability-statistics-concentration-monte-carlo-centering-and-squaring-gives-chebyshev-justify-reasoning","1","1","1","1","0","0","0","0","0","1","0","0","0","medium","handwriting;math-text;photo","open-reasoning","probability-statistics-concentration-monte-carlo-centering-and-squaring-gives-chebyshev","true","probability-statistics-concentration-monte-carlo"
"probability-statistics-concentration-monte-carlo","probability-statistics-concentration-monte-carlo-from-individual-failures-to-algorithm-guarantees","compute","","10","10","0","0","0","0","10","0","10","0","0","0","0","low","math-text","structured","probability-statistics-concentration-monte-carlo-from-individual-failures-to-algorithm-guarantees","false","probability-statistics-concentration-monte-carlo"
"probability-statistics-concentration-monte-carlo","probability-statistics-concentration-monte-carlo-from-individual-failures-to-algorithm-guarantees","compute","probability-statistics-concentration-monte-carlo-from-individual-failures-to-algorithm-guarantees-compute-production","1","1","1","1","0","0","0","0","1","0","1","2","0","low","math-text","structured","probability-statistics-concentration-monte-carlo-from-individual-failures-to-algorithm-guarantees","false","probability-statistics-concentration-monte-carlo"
"probability-statistics-concentration-monte-carlo","probability-statistics-concentration-monte-carlo-from-individual-failures-to-algorithm-guarantees","compute","probability-statistics-concentration-monte-carlo-from-individual-failures-to-algorithm-guarantees-compute-recognition","1","1","1","1","1","1","0","1","0","0","0","0","0","low","tap","structured","probability-statistics-concentration-monte-carlo-from-individual-failures-to-algorithm-guarantees","true","probability-statistics-concentration-monte-carlo"
"probability-statistics-concentration-monte-carlo","probability-statistics-concentration-monte-carlo-from-individual-failures-to-algorithm-guarantees","construct","","1","1","0","0","0","0","1","0","1","0","0","0","0","high","handwriting;math-text;photo","open-reasoning","probability-statistics-concentration-monte-carlo-from-individual-failures-to-algorithm-guarantees","true","probability-statistics-concentration-monte-carlo"
"probability-statistics-concentration-monte-carlo","probability-statistics-concentration-monte-carlo-from-individual-failures-to-algorithm-guarantees","justify","","1","1","0","0","0","0","1","0","0","1","0","0","0","high","handwriting;math-text;photo","open-reasoning","probability-statistics-concentration-monte-carlo-from-individual-failures-to-algorithm-guarantees","true","probability-statistics-concentration-monte-carlo"
"probability-statistics-concentration-monte-carlo","probability-statistics-concentration-monte-carlo-guarantees-for-averages-and-sample-sizes","compute","","10","10","0","0","0","0","10","0","10","0","0","0","0","low","math-text","structured","probability-statistics-concentration-monte-carlo-guarantees-for-averages-and-sample-sizes","false","probability-statistics-concentration-monte-carlo"
"probability-statistics-concentration-monte-carlo","probability-statistics-concentration-monte-carlo-guarantees-for-averages-and-sample-sizes","compute","probability-statistics-concentration-monte-carlo-guarantees-for-averages-and-sample-sizes-compute-production","1","1","1","1","0","0","0","0","1","0","1","3","0","low","math-text","structured","probability-statistics-concentration-monte-carlo-guarantees-for-averages-and-sample-sizes","false","probability-statistics-concentration-monte-carlo"
"probability-statistics-concentration-monte-carlo","probability-statistics-concentration-monte-carlo-guarantees-for-averages-and-sample-sizes","justify","","2","2","0","0","0","0","2","0","0","2","0","0","0","high","handwriting;math-text;photo","open-reasoning","probability-statistics-concentration-monte-carlo-guarantees-for-averages-and-sample-sizes","false","probability-statistics-concentration-monte-carlo"
"probability-statistics-concentration-monte-carlo","probability-statistics-concentration-monte-carlo-guarantees-for-averages-and-sample-sizes","recognize","","1","1","0","0","1","1","1","1","0","0","0","0","0","low","tap","choice","probability-statistics-concentration-monte-carlo-guarantees-for-averages-and-sample-sizes","true","probability-statistics-concentration-monte-carlo"
"probability-statistics-concentration-monte-carlo","probability-statistics-concentration-monte-carlo-monte-carlo-turns-an-expectation-into-an-estimate","compute","","10","10","0","0","0","0","10","0","10","0","0","0","0","low","math-text","structured","probability-statistics-concentration-monte-carlo-monte-carlo-turns-an-expectation-into-an-estimate","false","probability-statistics-concentration-monte-carlo"
"probability-statistics-concentration-monte-carlo","probability-statistics-concentration-monte-carlo-monte-carlo-turns-an-expectation-into-an-estimate","compute","probability-statistics-concentration-monte-carlo-monte-carlo-turns-an-expectation-into-an-estimate-compute-production","1","1","1","1","0","0","0","0","1","0","1","2","0","low","math-text","structured","probability-statistics-concentration-monte-carlo-monte-carlo-turns-an-expectation-into-an-estimate","false","probability-statistics-concentration-monte-carlo"
"probability-statistics-concentration-monte-carlo","probability-statistics-concentration-monte-carlo-monte-carlo-turns-an-expectation-into-an-estimate","justify","","2","2","0","0","0","0","2","0","0","2","0","0","0","high","handwriting;math-text;photo","open-reasoning","probability-statistics-concentration-monte-carlo-monte-carlo-turns-an-expectation-into-an-estimate","false","probability-statistics-concentration-monte-carlo"
"probability-statistics-concentration-monte-carlo","probability-statistics-concentration-monte-carlo-monte-carlo-turns-an-expectation-into-an-estimate","justify","probability-statistics-concentration-monte-carlo-monte-carlo-turns-an-expectation-into-an-estimate-justify-reasoning","1","1","1","1","0","0","0","0","0","1","0","0","0","medium","handwriting;math-text;photo","open-reasoning","probability-statistics-concentration-monte-carlo-monte-carlo-turns-an-expectation-into-an-estimate","true","probability-statistics-concentration-monte-carlo"
"probability-statistics-conditional-expectation","probability-statistics-conditional-expectation-a-conditional-mean-is-a-function-of-the-information","compute","","8","8","0","0","0","0","8","0","8","0","0","0","0","low","math-text","structured","probability-statistics-conditional-expectation-a-conditional-mean-is-a-function-of-the-information","false","probability-statistics-conditional-expectation"
"probability-statistics-conditional-expectation","probability-statistics-conditional-expectation-a-conditional-mean-is-a-function-of-the-information","compute","probability-statistics-conditional-expectation-a-conditional-mean-is-a-function-of-the-information-compute-production","1","1","1","1","0","0","0","0","1","0","1","3","0","low","math-text","structured","probability-statistics-conditional-expectation-a-conditional-mean-is-a-function-of-the-information","false","probability-statistics-conditional-expectation"
"probability-statistics-conditional-expectation","probability-statistics-conditional-expectation-a-conditional-mean-is-a-function-of-the-information","justify","","2","2","0","0","0","0","2","0","0","2","0","0","0","high","handwriting;math-text;photo","open-reasoning","probability-statistics-conditional-expectation-a-conditional-mean-is-a-function-of-the-information","false","probability-statistics-conditional-expectation"
"probability-statistics-conditional-expectation","probability-statistics-conditional-expectation-average-conditional-means-to-recover-the-overall-mean","compute","","8","8","0","0","0","0","8","0","8","0","0","0","0","low","math-text","structured","probability-statistics-conditional-expectation-average-conditional-means-to-recover-the-overall-mean","false","probability-statistics-conditional-expectation"
"probability-statistics-conditional-expectation","probability-statistics-conditional-expectation-average-conditional-means-to-recover-the-overall-mean","compute","probability-statistics-conditional-expectation-average-conditional-means-to-recover-the-overall-mean-compute-production","1","1","1","1","0","0","0","0","1","0","1","3","0","low","math-text","structured","probability-statistics-conditional-expectation-average-conditional-means-to-recover-the-overall-mean","false","probability-statistics-conditional-expectation"
"probability-statistics-conditional-expectation","probability-statistics-conditional-expectation-average-conditional-means-to-recover-the-overall-mean","justify","","1","1","0","0","0","0","1","0","0","1","0","0","0","high","handwriting;math-text;photo","open-reasoning","probability-statistics-conditional-expectation-average-conditional-means-to-recover-the-overall-mean","true","probability-statistics-conditional-expectation"
"probability-statistics-conditional-expectation","probability-statistics-conditional-expectation-average-conditional-means-to-recover-the-overall-mean","prove","","1","1","0","0","0","0","1","0","0","1","0","0","0","high","handwriting;math-text;photo","open-reasoning","probability-statistics-conditional-expectation-average-conditional-means-to-recover-the-overall-mean","true","probability-statistics-conditional-expectation"
"probability-statistics-conditional-expectation","probability-statistics-conditional-expectation-average-conditional-means-to-recover-the-overall-mean","recognize","","1","1","0","0","1","1","1","1","0","0","0","0","0","low","tap","choice","probability-statistics-conditional-expectation-average-conditional-means-to-recover-the-overall-mean","true","probability-statistics-conditional-expectation"
"probability-statistics-conditional-expectation","probability-statistics-conditional-expectation-conditional-means-give-optimal-squared-error-predictions","compute","","8","8","0","0","0","0","8","0","8","0","0","0","0","low","math-text","structured","probability-statistics-conditional-expectation-conditional-means-give-optimal-squared-error-predictions","false","probability-statistics-conditional-expectation"
"probability-statistics-conditional-expectation","probability-statistics-conditional-expectation-conditional-means-give-optimal-squared-error-predictions","compute","probability-statistics-conditional-expectation-conditional-means-give-optimal-squared-error-predictions-compute-production","1","1","1","1","0","0","0","0","1","0","1","3","0","low","math-text","structured","probability-statistics-conditional-expectation-conditional-means-give-optimal-squared-error-predictions","false","probability-statistics-conditional-expectation"
"probability-statistics-conditional-expectation","probability-statistics-conditional-expectation-conditional-means-give-optimal-squared-error-predictions","justify","","1","1","0","0","0","0","1","0","0","1","0","0","0","high","handwriting;math-text;photo","open-reasoning","probability-statistics-conditional-expectation-conditional-means-give-optimal-squared-error-predictions","true","probability-statistics-conditional-expectation"
"probability-statistics-conditional-expectation","probability-statistics-conditional-expectation-conditional-means-give-optimal-squared-error-predictions","prove","","1","1","0","0","0","0","1","0","0","1","0","0","0","high","handwriting;math-text;photo","open-reasoning","probability-statistics-conditional-expectation-conditional-means-give-optimal-squared-error-predictions","true","probability-statistics-conditional-expectation"
"probability-statistics-conditional-expectation","probability-statistics-conditional-expectation-split-variation-within-and-between-conditions","compute","","8","8","0","0","0","0","8","0","8","0","0","0","0","low","math-text","structured","probability-statistics-conditional-expectation-split-variation-within-and-between-conditions","false","probability-statistics-conditional-expectation"
"probability-statistics-conditional-expectation","probability-statistics-conditional-expectation-split-variation-within-and-between-conditions","compute","probability-statistics-conditional-expectation-split-variation-within-and-between-conditions-compute-production","1","1","1","1","0","0","0","0","1","0","1","3","0","low","math-text","structured","probability-statistics-conditional-expectation-split-variation-within-and-between-conditions","false","probability-statistics-conditional-expectation"
"probability-statistics-conditional-expectation","probability-statistics-conditional-expectation-split-variation-within-and-between-conditions","interpret","","1","1","0","0","1","1","1","1","0","0","0","0","0","low","tap","structured","probability-statistics-conditional-expectation-split-variation-within-and-between-conditions","true","probability-statistics-conditional-expectation"
"probability-statistics-conditional-expectation","probability-statistics-conditional-expectation-split-variation-within-and-between-conditions","prove","","1","1","0","0","0","0","1","0","0","1","0","0","0","high","handwriting;math-text;photo","open-reasoning","probability-statistics-conditional-expectation-split-variation-within-and-between-conditions","true","probability-statistics-conditional-expectation"
"probability-statistics-conditional-expectation","probability-statistics-conditional-expectation-use-conditioning-to-analyze-random-workloads","compute","","8","8","0","0","0","0","8","0","8","0","0","0","0","low","math-text","structured","probability-statistics-conditional-expectation-use-conditioning-to-analyze-random-workloads","false","probability-statistics-conditional-expectation"
"probability-statistics-conditional-expectation","probability-statistics-conditional-expectation-use-conditioning-to-analyze-random-workloads","compute","probability-statistics-conditional-expectation-use-conditioning-to-analyze-random-workloads-compute-production","1","1","1","1","0","0","0","0","1","0","1","3","0","low","math-text","structured","probability-statistics-conditional-expectation-use-conditioning-to-analyze-random-workloads","false","probability-statistics-conditional-expectation"
"probability-statistics-conditional-expectation","probability-statistics-conditional-expectation-use-conditioning-to-analyze-random-workloads","justify","","2","2","0","0","0","0","2","0","0","2","0","0","0","high","handwriting;math-text;photo","open-reasoning","probability-statistics-conditional-expectation-use-conditioning-to-analyze-random-workloads","false","probability-statistics-conditional-expectation"
"probability-statistics-conditional-expectation","probability-statistics-conditional-expectation-use-conditioning-to-analyze-random-workloads","recognize","","1","1","0","0","1","1","1","1","0","0","0","0","0","low","tap","choice","probability-statistics-conditional-expectation-use-conditioning-to-analyze-random-workloads","true","probability-statistics-conditional-expectation"
"probability-statistics-conditional-probability-independence","probability-statistics-conditional-probability-independence-conditioning-changes-the-reference-population","compute","","8","8","0","0","0","0","8","0","8","0","0","0","0","low","math-text","structured","probability-statistics-conditional-probability-independence-conditioning-changes-the-reference-population","false","probability-statistics-conditional-probability-independence"
"probability-statistics-conditional-probability-independence","probability-statistics-conditional-probability-independence-conditioning-changes-the-reference-population","compute","probability-statistics-conditional-probability-independence-conditioning-changes-the-reference-population-compute-production","1","1","1","1","0","0","0","0","1","0","1","2","0","low","math-text","structured","probability-statistics-conditional-probability-independence-conditioning-changes-the-reference-population","false","probability-statistics-conditional-probability-independence"
"probability-statistics-conditional-probability-independence","probability-statistics-conditional-probability-independence-conditioning-changes-the-reference-population","interpret","","1","1","0","0","1","1","1","1","0","0","0","0","0","low","tap","structured","probability-statistics-conditional-probability-independence-conditioning-changes-the-reference-population","true","probability-statistics-conditional-probability-independence"
"probability-statistics-conditional-probability-independence","probability-statistics-conditional-probability-independence-conditioning-changes-the-reference-population","justify","","1","1","0","0","0","0","1","0","0","1","0","0","0","high","handwriting;math-text;photo","open-reasoning","probability-statistics-conditional-probability-independence-conditioning-changes-the-reference-population","true","probability-statistics-conditional-probability-independence"
"probability-statistics-conditional-probability-independence","probability-statistics-conditional-probability-independence-conditioning-changes-the-reference-population","justify","probability-statistics-conditional-probability-independence-conditioning-changes-the-reference-population-justify-reasoning","1","1","1","1","0","0","0","0","0","1","0","0","0","medium","handwriting;math-text;photo","open-reasoning","probability-statistics-conditional-probability-independence-conditioning-changes-the-reference-population","true","probability-statistics-conditional-probability-independence"
"probability-statistics-conditional-probability-independence","probability-statistics-conditional-probability-independence-conditioning-changes-the-reference-population","recognize","","1","1","0","0","1","1","1","1","0","0","0","0","0","low","tap","choice","probability-statistics-conditional-probability-independence-conditioning-changes-the-reference-population","true","probability-statistics-conditional-probability-independence"
"probability-statistics-conditional-probability-independence","probability-statistics-conditional-probability-independence-conditioning-selection-and-causal-restraint","compute","","5","5","0","0","0","0","5","0","5","0","0","0","0","low","math-text","structured","probability-statistics-conditional-probability-independence-conditioning-selection-and-causal-restraint","false","probability-statistics-conditional-probability-independence"
"probability-statistics-conditional-probability-independence","probability-statistics-conditional-probability-independence-conditioning-selection-and-causal-restraint","compute","probability-statistics-conditional-probability-independence-conditioning-selection-and-causal-restraint-compute-production","1","1","1","1","0","0","0","0","1","0","0","0","0","low","math-text","structured","probability-statistics-conditional-probability-independence-conditioning-selection-and-causal-restraint","true","probability-statistics-conditional-probability-independence"
"probability-statistics-conditional-probability-independence","probability-statistics-conditional-probability-independence-conditioning-selection-and-causal-restraint","construct","","1","1","0","0","0","0","1","0","1","0","0","0","0","high","handwriting;math-text;photo","open-reasoning","probability-statistics-conditional-probability-independence-conditioning-selection-and-causal-restraint","true","probability-statistics-conditional-probability-independence"
"probability-statistics-conditional-probability-independence","probability-statistics-conditional-probability-independence-conditioning-selection-and-causal-restraint","interpret","","3","3","0","0","3","3","3","3","0","0","0","0","0","low","tap","structured","probability-statistics-conditional-probability-independence-conditioning-selection-and-causal-restraint","false","probability-statistics-conditional-probability-independence"
"probability-statistics-conditional-probability-independence","probability-statistics-conditional-probability-independence-conditioning-selection-and-causal-restraint","interpret","probability-statistics-conditional-probability-independence-conditioning-selection-and-causal-restraint-interpret-recognition","1","1","1","1","1","1","0","1","0","0","0","0","0","low","tap","structured","probability-statistics-conditional-probability-independence-conditioning-selection-and-causal-restraint","true","probability-statistics-conditional-probability-independence"
"probability-statistics-conditional-probability-independence","probability-statistics-conditional-probability-independence-conditioning-selection-and-causal-restraint","justify","","1","1","0","0","0","0","1","0","0","1","0","0","0","high","handwriting;math-text;photo","open-reasoning","probability-statistics-conditional-probability-independence-conditioning-selection-and-causal-restraint","true","probability-statistics-conditional-probability-independence"
"probability-statistics-conditional-probability-independence","probability-statistics-conditional-probability-independence-conditioning-selection-and-causal-restraint","justify","probability-statistics-conditional-probability-independence-conditioning-selection-and-causal-restraint-justify-reasoning","1","1","1","1","0","0","0","0","0","1","0","0","0","medium","handwriting;math-text;photo","open-reasoning","probability-statistics-conditional-probability-independence-conditioning-selection-and-causal-restraint","true","probability-statistics-conditional-probability-independence"
"probability-statistics-conditional-probability-independence","probability-statistics-conditional-probability-independence-independence-is-a-testable-factorization","compute","","4","4","0","0","0","0","4","0","4","0","0","0","0","low","math-text","structured","probability-statistics-conditional-probability-independence-independence-is-a-testable-factorization","false","probability-statistics-conditional-probability-independence"
"probability-statistics-conditional-probability-independence","probability-statistics-conditional-probability-independence-independence-is-a-testable-factorization","compute","probability-statistics-conditional-probability-independence-independence-is-a-testable-factorization-compute-production","1","1","1","1","0","0","0","0","1","0","0","0","0","low","math-text","structured","probability-statistics-conditional-probability-independence-independence-is-a-testable-factorization","true","probability-statistics-conditional-probability-independence"
"probability-statistics-conditional-probability-independence","probability-statistics-conditional-probability-independence-independence-is-a-testable-factorization","interpret","","4","4","0","0","4","4","4","4","0","0","0","0","0","low","tap","structured","probability-statistics-conditional-probability-independence-independence-is-a-testable-factorization","false","probability-statistics-conditional-probability-independence"
"probability-statistics-conditional-probability-independence","probability-statistics-conditional-probability-independence-independence-is-a-testable-factorization","interpret","probability-statistics-conditional-probability-independence-independence-is-a-testable-factorization-interpret-recognition","1","1","1","1","1","1","0","1","0","0","1","2","0","low","tap","structured","probability-statistics-conditional-probability-independence-independence-is-a-testable-factorization","false","probability-statistics-conditional-probability-independence"
"probability-statistics-conditional-probability-independence","probability-statistics-conditional-probability-independence-independence-is-a-testable-factorization","prove","","2","2","0","0","0","0","2","0","0","2","0","0","0","high","handwriting;math-text;photo","open-reasoning","probability-statistics-conditional-probability-independence-independence-is-a-testable-factorization","false","probability-statistics-conditional-probability-independence"
"probability-statistics-conditional-probability-independence","probability-statistics-conditional-probability-independence-independence-is-a-testable-factorization","recognize","","1","1","0","0","1","1","1","1","0","0","0","0","0","low","tap","choice","probability-statistics-conditional-probability-independence-independence-is-a-testable-factorization","true","probability-statistics-conditional-probability-independence"
"probability-statistics-conditional-probability-independence","probability-statistics-conditional-probability-independence-read-tables-and-multiply-along-a-history","compute","","8","8","0","0","0","0","8","0","8","0","0","0","0","low","math-text","structured","probability-statistics-conditional-probability-independence-read-tables-and-multiply-along-a-history","false","probability-statistics-conditional-probability-independence"
"probability-statistics-conditional-probability-independence","probability-statistics-conditional-probability-independence-read-tables-and-multiply-along-a-history","compute","probability-statistics-conditional-probability-independence-read-tables-and-multiply-along-a-history-compute-production","1","1","1","1","0","0","0","0","1","0","1","3","0","low","math-text","structured","probability-statistics-conditional-probability-independence-read-tables-and-multiply-along-a-history","false","probability-statistics-conditional-probability-independence"
"probability-statistics-conditional-probability-independence","probability-statistics-conditional-probability-independence-read-tables-and-multiply-along-a-history","interpret","","1","1","0","0","1","1","1","1","0","0","0","0","0","low","tap","structured","probability-statistics-conditional-probability-independence-read-tables-and-multiply-along-a-history","true","probability-statistics-conditional-probability-independence"
"probability-statistics-conditional-probability-independence","probability-statistics-conditional-probability-independence-read-tables-and-multiply-along-a-history","justify","","1","1","0","0","0","0","1","0","0","1","0","0","0","high","handwriting;math-text;photo","open-reasoning","probability-statistics-conditional-probability-independence-read-tables-and-multiply-along-a-history","true","probability-statistics-conditional-probability-independence"
"probability-statistics-conditional-probability-independence","probability-statistics-conditional-probability-independence-repeated-trials-and-mutual-independence","compute","","8","8","0","0","0","0","8","0","8","0","0","0","0","low","math-text","structured","probability-statistics-conditional-probability-independence-repeated-trials-and-mutual-independence","false","probability-statistics-conditional-probability-independence"
"probability-statistics-conditional-probability-independence","probability-statistics-conditional-probability-independence-repeated-trials-and-mutual-independence","compute","probability-statistics-conditional-probability-independence-repeated-trials-and-mutual-independence-compute-production","1","1","1","1","0","0","0","0","1","0","1","2","0","low","math-text","structured","probability-statistics-conditional-probability-independence-repeated-trials-and-mutual-independence","false","probability-statistics-conditional-probability-independence"
"probability-statistics-conditional-probability-independence","probability-statistics-conditional-probability-independence-repeated-trials-and-mutual-independence","interpret","","1","1","0","0","1","1","1","1","0","0","0","0","0","low","tap","structured","probability-statistics-conditional-probability-independence-repeated-trials-and-mutual-independence","true","probability-statistics-conditional-probability-independence"
"probability-statistics-conditional-probability-independence","probability-statistics-conditional-probability-independence-repeated-trials-and-mutual-independence","justify","","1","1","0","0","0","0","1","0","0","1","0","0","0","high","handwriting;math-text;photo","open-reasoning","probability-statistics-conditional-probability-independence-repeated-trials-and-mutual-independence","true","probability-statistics-conditional-probability-independence"
"probability-statistics-conditional-probability-independence","probability-statistics-conditional-probability-independence-repeated-trials-and-mutual-independence","justify","probability-statistics-conditional-probability-independence-repeated-trials-and-mutual-independence-justify-reasoning","1","1","1","1","0","0","0","0","0","1","0","0","0","medium","handwriting;math-text;photo","open-reasoning","probability-statistics-conditional-probability-independence-repeated-trials-and-mutual-independence","true","probability-statistics-conditional-probability-independence"
"probability-statistics-confidence-intervals","probability-statistics-confidence-intervals-a-mean-interval-with-known-population-spread","compute","","11","11","0","0","0","0","11","0","11","0","0","0","0","low","math-text","structured","probability-statistics-confidence-intervals-a-mean-interval-with-known-population-spread","false","probability-statistics-confidence-intervals"
"probability-statistics-confidence-intervals","probability-statistics-confidence-intervals-a-mean-interval-with-known-population-spread","compute","probability-statistics-confidence-intervals-a-mean-interval-with-known-population-spread-compute-production","1","1","1","1","0","0","0","0","1","0","1","3","0","low","math-text","structured","probability-statistics-confidence-intervals-a-mean-interval-with-known-population-spread","false","probability-statistics-confidence-intervals"
"probability-statistics-confidence-intervals","probability-statistics-confidence-intervals-a-mean-interval-with-known-population-spread","justify","","1","1","0","0","0","0","1","0","0","1","0","0","0","high","handwriting;math-text;photo","open-reasoning","probability-statistics-confidence-intervals-a-mean-interval-with-known-population-spread","true","probability-statistics-confidence-intervals"
"probability-statistics-confidence-intervals","probability-statistics-confidence-intervals-coverage-belongs-to-a-procedure","compute","","11","11","0","0","0","0","11","0","11","0","0","0","0","low","math-text","structured","probability-statistics-confidence-intervals-coverage-belongs-to-a-procedure","false","probability-statistics-confidence-intervals"
"probability-statistics-confidence-intervals","probability-statistics-confidence-intervals-coverage-belongs-to-a-procedure","compute","probability-statistics-confidence-intervals-coverage-belongs-to-a-procedure-compute-production","1","1","1","1","0","0","0","0","1","0","1","2","0","low","math-text","structured","probability-statistics-confidence-intervals-coverage-belongs-to-a-procedure","false","probability-statistics-confidence-intervals"
"probability-statistics-confidence-intervals","probability-statistics-confidence-intervals-coverage-belongs-to-a-procedure","justify","","1","1","0","0","0","0","1","0","0","1","0","0","0","high","handwriting;math-text;photo","open-reasoning","probability-statistics-confidence-intervals-coverage-belongs-to-a-procedure","true","probability-statistics-confidence-intervals"
"probability-statistics-confidence-intervals","probability-statistics-confidence-intervals-coverage-belongs-to-a-procedure","justify","probability-statistics-confidence-intervals-coverage-belongs-to-a-procedure-justify-reasoning","1","1","1","1","0","0","0","0","0","1","0","0","0","medium","handwriting;math-text;photo","open-reasoning","probability-statistics-confidence-intervals-coverage-belongs-to-a-procedure","true","probability-statistics-confidence-intervals"
"probability-statistics-confidence-intervals","probability-statistics-confidence-intervals-coverage-belongs-to-a-procedure","recognize","","1","1","0","0","1","1","1","1","0","0","0","0","0","low","tap","choice","probability-statistics-confidence-intervals-coverage-belongs-to-a-procedure","true","probability-statistics-confidence-intervals"
"probability-statistics-confidence-intervals","probability-statistics-confidence-intervals-estimating-spread-leads-to-student-t","compute","","10","10","0","0","0","0","10","0","10","0","0","0","0","low","math-text","structured","probability-statistics-confidence-intervals-estimating-spread-leads-to-student-t","false","probability-statistics-confidence-intervals"
"probability-statistics-confidence-intervals","probability-statistics-confidence-intervals-estimating-spread-leads-to-student-t","compute","probability-statistics-confidence-intervals-estimating-spread-leads-to-student-t-compute-production","1","1","1","1","0","0","0","0","1","0","1","2","0","low","math-text","structured","probability-statistics-confidence-intervals-estimating-spread-leads-to-student-t","false","probability-statistics-confidence-intervals"
"probability-statistics-confidence-intervals","probability-statistics-confidence-intervals-estimating-spread-leads-to-student-t","compute","probability-statistics-confidence-intervals-estimating-spread-leads-to-student-t-compute-recognition","1","1","1","1","1","1","0","1","0","0","0","0","0","low","tap","structured","probability-statistics-confidence-intervals-estimating-spread-leads-to-student-t","true","probability-statistics-confidence-intervals"
"probability-statistics-confidence-intervals","probability-statistics-confidence-intervals-estimating-spread-leads-to-student-t","justify","","1","1","0","0","0","0","1","0","0","1","0","0","0","high","handwriting;math-text;photo","open-reasoning","probability-statistics-confidence-intervals-estimating-spread-leads-to-student-t","true","probability-statistics-confidence-intervals"
"probability-statistics-confidence-intervals","probability-statistics-confidence-intervals-estimating-spread-leads-to-student-t","recognize","","1","1","0","0","1","1","1","1","0","0","0","0","0","low","tap","choice","probability-statistics-confidence-intervals-estimating-spread-leads-to-student-t","true","probability-statistics-confidence-intervals"
"probability-statistics-confidence-intervals","probability-statistics-confidence-intervals-planning-precision-and-checking-conclusions","compute","","10","10","0","0","0","0","10","0","10","0","0","0","0","low","math-text","structured","probability-statistics-confidence-intervals-planning-precision-and-checking-conclusions","false","probability-statistics-confidence-intervals"
"probability-statistics-confidence-intervals","probability-statistics-confidence-intervals-planning-precision-and-checking-conclusions","compute","probability-statistics-confidence-intervals-planning-precision-and-checking-conclusions-compute-production","1","1","1","1","0","0","0","0","1","0","1","3","0","low","math-text","structured","probability-statistics-confidence-intervals-planning-precision-and-checking-conclusions","false","probability-statistics-confidence-intervals"
"probability-statistics-confidence-intervals","probability-statistics-confidence-intervals-planning-precision-and-checking-conclusions","justify","","2","2","0","0","0","0","2","0","0","2","0","0","0","high","handwriting;math-text;photo","open-reasoning","probability-statistics-confidence-intervals-planning-precision-and-checking-conclusions","false","probability-statistics-confidence-intervals"
"probability-statistics-confidence-intervals","probability-statistics-confidence-intervals-proportion-intervals-and-boundary-limitations","compute","","10","10","0","0","0","0","10","0","10","0","0","0","0","low","math-text","structured","probability-statistics-confidence-intervals-proportion-intervals-and-boundary-limitations","false","probability-statistics-confidence-intervals"
"probability-statistics-confidence-intervals","probability-statistics-confidence-intervals-proportion-intervals-and-boundary-limitations","compute","probability-statistics-confidence-intervals-proportion-intervals-and-boundary-limitations-compute-production","1","1","1","1","0","0","0","0","1","0","1","2","0","low","math-text","structured","probability-statistics-confidence-intervals-proportion-intervals-and-boundary-limitations","false","probability-statistics-confidence-intervals"
"probability-statistics-confidence-intervals","probability-statistics-confidence-intervals-proportion-intervals-and-boundary-limitations","justify","","1","1","0","0","0","0","1","0","0","1","0","0","0","high","handwriting;math-text;photo","open-reasoning","probability-statistics-confidence-intervals-proportion-intervals-and-boundary-limitations","true","probability-statistics-confidence-intervals"
"probability-statistics-confidence-intervals","probability-statistics-confidence-intervals-proportion-intervals-and-boundary-limitations","justify","probability-statistics-confidence-intervals-proportion-intervals-and-boundary-limitations-justify-reasoning","1","1","1","1","0","0","0","0","0","1","0","0","0","medium","handwriting;math-text;photo","open-reasoning","probability-statistics-confidence-intervals-proportion-intervals-and-boundary-limitations","true","probability-statistics-confidence-intervals"
"probability-statistics-continuous-random-variables","probability-statistics-continuous-random-variables-compute-expectations-by-integration","compute","","8","8","0","0","0","0","8","0","8","0","0","0","0","low","math-text","structured","probability-statistics-continuous-random-variables-compute-expectations-by-integration","false","probability-statistics-continuous-random-variables"
"probability-statistics-continuous-random-variables","probability-statistics-continuous-random-variables-compute-expectations-by-integration","compute","probability-statistics-continuous-random-variables-compute-expectations-by-integration-compute-production","1","1","1","1","0","0","0","0","1","0","1","3","0","low","math-text","structured","probability-statistics-continuous-random-variables-compute-expectations-by-integration","false","probability-statistics-continuous-random-variables"
"probability-statistics-continuous-random-variables","probability-statistics-continuous-random-variables-compute-expectations-by-integration","justify","","1","1","0","0","0","0","1","0","0","1","0","0","0","high","handwriting;math-text;photo","open-reasoning","probability-statistics-continuous-random-variables-compute-expectations-by-integration","true","probability-statistics-continuous-random-variables"
"probability-statistics-continuous-random-variables","probability-statistics-continuous-random-variables-compute-expectations-by-integration","prove","","1","1","0","0","0","0","1","0","0","1","0","0","0","high","handwriting;math-text;photo","open-reasoning","probability-statistics-continuous-random-variables-compute-expectations-by-integration","true","probability-statistics-continuous-random-variables"
"probability-statistics-continuous-random-variables","probability-statistics-continuous-random-variables-compute-expectations-by-integration","recall","probability-statistics-continuous-random-variables-compute-expectations-by-integration-recall-recognition","0","1","0","1","0","1","0","1","0","0","1","2","0","low","tap","structured","probability-statistics-continuous-random-variables-compute-expectations-by-integration","false",""
"probability-statistics-continuous-random-variables","probability-statistics-continuous-random-variables-exponential-waiting-times-and-their-limitations","compute","","9","9","0","0","0","0","9","0","9","0","0","0","0","low","math-text","structured","probability-statistics-continuous-random-variables-exponential-waiting-times-and-their-limitations","false","probability-statistics-continuous-random-variables"
"probability-statistics-continuous-random-variables","probability-statistics-continuous-random-variables-exponential-waiting-times-and-their-limitations","compute","probability-statistics-continuous-random-variables-exponential-waiting-times-and-their-limitations-compute-production","1","1","1","1","0","0","0","0","1","0","1","3","0","low","math-text","structured","probability-statistics-continuous-random-variables-exponential-waiting-times-and-their-limitations","false","probability-statistics-continuous-random-variables"
"probability-statistics-continuous-random-variables","probability-statistics-continuous-random-variables-exponential-waiting-times-and-their-limitations","justify","","1","1","0","0","0","0","1","0","0","1","0","0","0","high","handwriting;math-text;photo","open-reasoning","probability-statistics-continuous-random-variables-exponential-waiting-times-and-their-limitations","true","probability-statistics-continuous-random-variables"
"probability-statistics-continuous-random-variables","probability-statistics-continuous-random-variables-exponential-waiting-times-and-their-limitations","recognize","","1","1","0","0","1","1","1","1","0","0","0","0","0","low","tap","choice","probability-statistics-continuous-random-variables-exponential-waiting-times-and-their-limitations","true","probability-statistics-continuous-random-variables"
"probability-statistics-continuous-random-variables","probability-statistics-continuous-random-variables-move-between-density-and-cumulative-probability","compute","","8","8","0","0","0","0","8","0","8","0","0","0","0","low","math-text","structured","probability-statistics-continuous-random-variables-move-between-density-and-cumulative-probability","false","probability-statistics-continuous-random-variables"
"probability-statistics-continuous-random-variables","probability-statistics-continuous-random-variables-move-between-density-and-cumulative-probability","compute","probability-statistics-continuous-random-variables-move-between-density-and-cumulative-probability-compute-production","1","1","1","1","0","0","0","0","1","0","1","2","0","low","math-text","structured","probability-statistics-continuous-random-variables-move-between-density-and-cumulative-probability","false","probability-statistics-continuous-random-variables"
"probability-statistics-continuous-random-variables","probability-statistics-continuous-random-variables-move-between-density-and-cumulative-probability","interpret","","1","1","0","0","1","1","1","1","0","0","0","0","0","low","tap","structured","probability-statistics-continuous-random-variables-move-between-density-and-cumulative-probability","true","probability-statistics-continuous-random-variables"
"probability-statistics-continuous-random-variables","probability-statistics-continuous-random-variables-move-between-density-and-cumulative-probability","justify","","1","1","0","0","0","0","1","0","0","1","0","0","0","high","handwriting;math-text;photo","open-reasoning","probability-statistics-continuous-random-variables-move-between-density-and-cumulative-probability","true","probability-statistics-continuous-random-variables"
"probability-statistics-continuous-random-variables","probability-statistics-continuous-random-variables-move-between-density-and-cumulative-probability","justify","probability-statistics-continuous-random-variables-move-between-density-and-cumulative-probability-justify-reasoning","1","1","1","1","0","0","0","0","0","1","0","0","0","medium","handwriting;math-text;photo","open-reasoning","probability-statistics-continuous-random-variables-move-between-density-and-cumulative-probability","true","probability-statistics-continuous-random-variables"
"probability-statistics-continuous-random-variables","probability-statistics-continuous-random-variables-probability-is-area-not-height","compute","","6","6","0","0","0","0","6","0","6","0","0","0","0","low","math-text","structured","probability-statistics-continuous-random-variables-probability-is-area-not-height","false","probability-statistics-continuous-random-variables"
"probability-statistics-continuous-random-variables","probability-statistics-continuous-random-variables-probability-is-area-not-height","compute","probability-statistics-continuous-random-variables-probability-is-area-not-height-compute-production","1","1","1","1","0","0","0","0","1","0","1","2","0","low","math-text","structured","probability-statistics-continuous-random-variables-probability-is-area-not-height","false","probability-statistics-continuous-random-variables"
"probability-statistics-continuous-random-variables","probability-statistics-continuous-random-variables-probability-is-area-not-height","construct","","1","1","0","0","0","0","1","0","1","0","0","0","0","high","handwriting;math-text;photo","open-reasoning","probability-statistics-continuous-random-variables-probability-is-area-not-height","true","probability-statistics-continuous-random-variables"
"probability-statistics-continuous-random-variables","probability-statistics-continuous-random-variables-probability-is-area-not-height","interpret","","2","2","0","0","2","2","2","2","0","0","0","0","0","low","tap","structured","probability-statistics-continuous-random-variables-probability-is-area-not-height","false","probability-statistics-continuous-random-variables"
"probability-statistics-continuous-random-variables","probability-statistics-continuous-random-variables-probability-is-area-not-height","justify","","1","1","0","0","0","0","1","0","0","1","0","0","0","high","handwriting;math-text;photo","open-reasoning","probability-statistics-continuous-random-variables-probability-is-area-not-height","true","probability-statistics-continuous-random-variables"
"probability-statistics-continuous-random-variables","probability-statistics-continuous-random-variables-probability-is-area-not-height","justify","probability-statistics-continuous-random-variables-probability-is-area-not-height-justify-reasoning","1","1","1","1","0","0","0","0","0","1","0","0","0","medium","handwriting;math-text;photo","open-reasoning","probability-statistics-continuous-random-variables-probability-is-area-not-height","true","probability-statistics-continuous-random-variables"
"probability-statistics-continuous-random-variables","probability-statistics-continuous-random-variables-probability-is-area-not-height","recognize","","1","1","0","0","1","1","1","1","0","0","0","0","0","low","tap","choice","probability-statistics-continuous-random-variables-probability-is-area-not-height","true","probability-statistics-continuous-random-variables"
"probability-statistics-continuous-random-variables","probability-statistics-continuous-random-variables-uniform-models-and-interval-conditioning","compute","","8","8","0","0","0","0","8","0","8","0","0","0","0","low","math-text","structured","probability-statistics-continuous-random-variables-uniform-models-and-interval-conditioning","false","probability-statistics-continuous-random-variables"
"probability-statistics-continuous-random-variables","probability-statistics-continuous-random-variables-uniform-models-and-interval-conditioning","compute","probability-statistics-continuous-random-variables-uniform-models-and-interval-conditioning-compute-production","1","1","1","1","0","0","0","0","1","0","1","3","0","low","math-text","structured","probability-statistics-continuous-random-variables-uniform-models-and-interval-conditioning","false","probability-statistics-continuous-random-variables"
"probability-statistics-continuous-random-variables","probability-statistics-continuous-random-variables-uniform-models-and-interval-conditioning","justify","","1","1","0","0","0","0","1","0","0","1","0","0","0","high","handwriting;math-text;photo","open-reasoning","probability-statistics-continuous-random-variables-uniform-models-and-interval-conditioning","true","probability-statistics-continuous-random-variables"
"probability-statistics-continuous-random-variables","probability-statistics-continuous-random-variables-uniform-models-and-interval-conditioning","prove","","1","1","0","0","0","0","1","0","0","1","0","0","0","high","handwriting;math-text;photo","open-reasoning","probability-statistics-continuous-random-variables-uniform-models-and-interval-conditioning","true","probability-statistics-continuous-random-variables"
"probability-statistics-counting-finite-probability","probability-statistics-counting-finite-probability-complements-collisions-and-counting-arguments","compute","","7","7","0","0","0","0","7","0","7","0","0","0","0","low","math-text","structured","probability-statistics-counting-finite-probability-complements-collisions-and-counting-arguments","false","probability-statistics-counting-finite-probability"
"probability-statistics-counting-finite-probability","probability-statistics-counting-finite-probability-complements-collisions-and-counting-arguments","compute","probability-statistics-counting-finite-probability-complements-collisions-and-counting-arguments-compute-production","1","1","1","1","0","0","0","0","1","0","1","2","0","low","math-text","structured","probability-statistics-counting-finite-probability-complements-collisions-and-counting-arguments","false","probability-statistics-counting-finite-probability"
"probability-statistics-counting-finite-probability","probability-statistics-counting-finite-probability-complements-collisions-and-counting-arguments","interpret","","1","1","0","0","1","1","1","1","0","0","0","0","0","low","tap","structured","probability-statistics-counting-finite-probability-complements-collisions-and-counting-arguments","true","probability-statistics-counting-finite-probability"
"probability-statistics-counting-finite-probability","probability-statistics-counting-finite-probability-complements-collisions-and-counting-arguments","justify","","1","1","0","0","0","0","1","0","0","1","0","0","0","high","handwriting;math-text;photo","open-reasoning","probability-statistics-counting-finite-probability-complements-collisions-and-counting-arguments","true","probability-statistics-counting-finite-probability"
"probability-statistics-counting-finite-probability","probability-statistics-counting-finite-probability-complements-collisions-and-counting-arguments","justify","probability-statistics-counting-finite-probability-complements-collisions-and-counting-arguments-justify-reasoning","1","1","1","1","0","0","0","0","0","1","0","0","0","medium","handwriting;math-text;photo","open-reasoning","probability-statistics-counting-finite-probability-complements-collisions-and-counting-arguments","true","probability-statistics-counting-finite-probability"
"probability-statistics-counting-finite-probability","probability-statistics-counting-finite-probability-complements-collisions-and-counting-arguments","prove","","1","1","0","0","0","0","1","0","0","1","0","0","0","high","handwriting;math-text;photo","open-reasoning","probability-statistics-counting-finite-probability-complements-collisions-and-counting-arguments","true","probability-statistics-counting-finite-probability"
"probability-statistics-counting-finite-probability","probability-statistics-counting-finite-probability-count-stages-and-identify-the-sampling-rule","compute","","8","8","0","0","0","0","8","0","8","0","0","0","0","low","math-text","structured","probability-statistics-counting-finite-probability-count-stages-and-identify-the-sampling-rule","false","probability-statistics-counting-finite-probability"
"probability-statistics-counting-finite-probability","probability-statistics-counting-finite-probability-count-stages-and-identify-the-sampling-rule","compute","probability-statistics-counting-finite-probability-count-stages-and-identify-the-sampling-rule-compute-production","1","1","1","1","0","0","0","0","1","0","1","2","0","low","math-text","structured","probability-statistics-counting-finite-probability-count-stages-and-identify-the-sampling-rule","false","probability-statistics-counting-finite-probability"
"probability-statistics-counting-finite-probability","probability-statistics-counting-finite-probability-count-stages-and-identify-the-sampling-rule","interpret","","1","1","0","0","1","1","1","1","0","0","0","0","0","low","tap","structured","probability-statistics-counting-finite-probability-count-stages-and-identify-the-sampling-rule","true","probability-statistics-counting-finite-probability"
"probability-statistics-counting-finite-probability","probability-statistics-counting-finite-probability-count-stages-and-identify-the-sampling-rule","justify","","1","1","0","0","0","0","1","0","0","1","0","0","0","high","handwriting;math-text;photo","open-reasoning","probability-statistics-counting-finite-probability-count-stages-and-identify-the-sampling-rule","true","probability-statistics-counting-finite-probability"
"probability-statistics-counting-finite-probability","probability-statistics-counting-finite-probability-count-stages-and-identify-the-sampling-rule","justify","probability-statistics-counting-finite-probability-count-stages-and-identify-the-sampling-rule-justify-reasoning","1","1","1","1","0","0","0","0","0","1","0","0","0","medium","handwriting;math-text;photo","open-reasoning","probability-statistics-counting-finite-probability-count-stages-and-identify-the-sampling-rule","true","probability-statistics-counting-finite-probability"
"probability-statistics-counting-finite-probability","probability-statistics-counting-finite-probability-ordered-selections-and-factorials","compute","","9","9","0","0","0","0","9","0","9","0","0","0","0","low","math-text","structured","probability-statistics-counting-finite-probability-ordered-selections-and-factorials","false","probability-statistics-counting-finite-probability"
"probability-statistics-counting-finite-probability","probability-statistics-counting-finite-probability-ordered-selections-and-factorials","compute","probability-statistics-counting-finite-probability-ordered-selections-and-factorials-compute-production","1","1","1","1","0","0","0","0","1","0","1","2","0","low","math-text","structured","probability-statistics-counting-finite-probability-ordered-selections-and-factorials","false","probability-statistics-counting-finite-probability"
"probability-statistics-counting-finite-probability","probability-statistics-counting-finite-probability-ordered-selections-and-factorials","justify","","1","1","0","0","0","0","1","0","0","1","0","0","0","high","handwriting;math-text;photo","open-reasoning","probability-statistics-counting-finite-probability-ordered-selections-and-factorials","true","probability-statistics-counting-finite-probability"
"probability-statistics-counting-finite-probability","probability-statistics-counting-finite-probability-ordered-selections-and-factorials","justify","probability-statistics-counting-finite-probability-ordered-selections-and-factorials-justify-reasoning","1","1","1","1","0","0","0","0","0","1","0","0","0","medium","handwriting;math-text;photo","open-reasoning","probability-statistics-counting-finite-probability-ordered-selections-and-factorials","true","probability-statistics-counting-finite-probability"
"probability-statistics-counting-finite-probability","probability-statistics-counting-finite-probability-ordered-selections-and-factorials","recognize","","1","1","0","0","1","1","1","1","0","0","0","0","0","low","tap","choice","probability-statistics-counting-finite-probability-ordered-selections-and-factorials","true","probability-statistics-counting-finite-probability"
"probability-statistics-counting-finite-probability","probability-statistics-counting-finite-probability-unordered-selections-and-combinations","compute","","8","8","0","0","0","0","8","0","8","0","0","0","0","low","math-text","structured","probability-statistics-counting-finite-probability-unordered-selections-and-combinations","false","probability-statistics-counting-finite-probability"
"probability-statistics-counting-finite-probability","probability-statistics-counting-finite-probability-unordered-selections-and-combinations","compute","probability-statistics-counting-finite-probability-unordered-selections-and-combinations-compute-production","1","1","1","1","0","0","0","0","1","0","1","3","0","low","math-text","structured","probability-statistics-counting-finite-probability-unordered-selections-and-combinations","false","probability-statistics-counting-finite-probability"
"probability-statistics-counting-finite-probability","probability-statistics-counting-finite-probability-unordered-selections-and-combinations","justify","","1","1","0","0","0","0","1","0","0","1","0","0","0","high","handwriting;math-text;photo","open-reasoning","probability-statistics-counting-finite-probability-unordered-selections-and-combinations","true","probability-statistics-counting-finite-probability"
"probability-statistics-counting-finite-probability","probability-statistics-counting-finite-probability-unordered-selections-and-combinations","prove","","1","1","0","0","0","0","1","0","0","1","0","0","0","high","handwriting;math-text;photo","open-reasoning","probability-statistics-counting-finite-probability-unordered-selections-and-combinations","true","probability-statistics-counting-finite-probability"
"probability-statistics-counting-finite-probability","probability-statistics-counting-finite-probability-use-compatible-numerator-and-denominator-counts","compute","","8","8","0","0","0","0","8","0","8","0","0","0","0","low","math-text","structured","probability-statistics-counting-finite-probability-use-compatible-numerator-and-denominator-counts","false","probability-statistics-counting-finite-probability"
"probability-statistics-counting-finite-probability","probability-statistics-counting-finite-probability-use-compatible-numerator-and-denominator-counts","compute","probability-statistics-counting-finite-probability-use-compatible-numerator-and-denominator-counts-compute-production","1","1","1","1","0","0","0","0","1","0","1","2","0","low","math-text","structured","probability-statistics-counting-finite-probability-use-compatible-numerator-and-denominator-counts","false","probability-statistics-counting-finite-probability"
"probability-statistics-counting-finite-probability","probability-statistics-counting-finite-probability-use-compatible-numerator-and-denominator-counts","justify","","2","2","0","0","0","0","2","0","0","2","0","0","0","high","handwriting;math-text;photo","open-reasoning","probability-statistics-counting-finite-probability-use-compatible-numerator-and-denominator-counts","false","probability-statistics-counting-finite-probability"
"probability-statistics-counting-finite-probability","probability-statistics-counting-finite-probability-use-compatible-numerator-and-denominator-counts","justify","probability-statistics-counting-finite-probability-use-compatible-numerator-and-denominator-counts-justify-reasoning","1","1","1","1","0","0","0","0","0","1","0","0","0","medium","handwriting;math-text;photo","open-reasoning","probability-statistics-counting-finite-probability-use-compatible-numerator-and-denominator-counts","true","probability-statistics-counting-finite-probability"
"probability-statistics-counting-finite-probability","probability-statistics-counting-finite-probability-use-compatible-numerator-and-denominator-counts","recognize","","1","1","0","0","1","1","1","1","0","0","0","0","0","low","tap","choice","probability-statistics-counting-finite-probability-use-compatible-numerator-and-denominator-counts","true","probability-statistics-counting-finite-probability"
"probability-statistics-covariance-correlation-random-vectors","probability-statistics-covariance-correlation-random-vectors-collect-means-and-covariances-into-vectors-and-matrices","compute","","7","7","0","0","0","0","7","0","7","0","0","0","0","low","math-text","structured","probability-statistics-covariance-correlation-random-vectors-collect-means-and-covariances-into-vectors-and-matrices","false","probability-statistics-covariance-correlation-random-vectors"
"probability-statistics-covariance-correlation-random-vectors","probability-statistics-covariance-correlation-random-vectors-collect-means-and-covariances-into-vectors-and-matrices","compute","probability-statistics-covariance-correlation-random-vectors-collect-means-and-covariances-into-vectors-and-matrices-compute-production","1","1","1","1","0","0","0","0","1","0","1","3","0","low","math-text","structured","probability-statistics-covariance-correlation-random-vectors-collect-means-and-covariances-into-vectors-and-matrices","false","probability-statistics-covariance-correlation-random-vectors"
"probability-statistics-covariance-correlation-random-vectors","probability-statistics-covariance-correlation-random-vectors-collect-means-and-covariances-into-vectors-and-matrices","interpret","","1","1","0","0","1","1","1","1","0","0","0","0","0","low","tap","structured","probability-statistics-covariance-correlation-random-vectors-collect-means-and-covariances-into-vectors-and-matrices","true","probability-statistics-covariance-correlation-random-vectors"
"probability-statistics-covariance-correlation-random-vectors","probability-statistics-covariance-correlation-random-vectors-collect-means-and-covariances-into-vectors-and-matrices","justify","","1","1","0","0","0","0","1","0","0","1","0","0","0","high","handwriting;math-text;photo","open-reasoning","probability-statistics-covariance-correlation-random-vectors-collect-means-and-covariances-into-vectors-and-matrices","true","probability-statistics-covariance-correlation-random-vectors"
"probability-statistics-covariance-correlation-random-vectors","probability-statistics-covariance-correlation-random-vectors-collect-means-and-covariances-into-vectors-and-matrices","prove","","1","1","0","0","0","0","1","0","0","1","0","0","0","high","handwriting;math-text;photo","open-reasoning","probability-statistics-covariance-correlation-random-vectors-collect-means-and-covariances-into-vectors-and-matrices","true","probability-statistics-covariance-correlation-random-vectors"
"probability-statistics-covariance-correlation-random-vectors","probability-statistics-covariance-correlation-random-vectors-correlation-standardizes-covariance-but-does-not-describe-all-dependence","compute","","7","7","0","0","0","0","7","0","7","0","0","0","0","low","math-text","structured","probability-statistics-covariance-correlation-random-vectors-correlation-standardizes-covariance-but-does-not-describe-all-dependence","false","probability-statistics-covariance-correlation-random-vectors"
"probability-statistics-covariance-correlation-random-vectors","probability-statistics-covariance-correlation-random-vectors-correlation-standardizes-covariance-but-does-not-describe-all-dependence","compute","probability-statistics-covariance-correlation-random-vectors-correlation-standardizes-covariance-but-does-not-describe-all-dependence-compute-production","1","1","1","1","0","0","0","0","1","0","1","3","0","low","math-text","structured","probability-statistics-covariance-correlation-random-vectors-correlation-standardizes-covariance-but-does-not-describe-all-dependence","false","probability-statistics-covariance-correlation-random-vectors"
"probability-statistics-covariance-correlation-random-vectors","probability-statistics-covariance-correlation-random-vectors-correlation-standardizes-covariance-but-does-not-describe-all-dependence","interpret","","1","1","0","0","1","1","1","1","0","0","0","0","0","low","tap","structured","probability-statistics-covariance-correlation-random-vectors-correlation-standardizes-covariance-but-does-not-describe-all-dependence","true","probability-statistics-covariance-correlation-random-vectors"
"probability-statistics-covariance-correlation-random-vectors","probability-statistics-covariance-correlation-random-vectors-correlation-standardizes-covariance-but-does-not-describe-all-dependence","justify","","1","1","0","0","0","0","1","0","0","1","0","0","0","high","handwriting;math-text;photo","open-reasoning","probability-statistics-covariance-correlation-random-vectors-correlation-standardizes-covariance-but-does-not-describe-all-dependence","true","probability-statistics-covariance-correlation-random-vectors"
"probability-statistics-covariance-correlation-random-vectors","probability-statistics-covariance-correlation-random-vectors-correlation-standardizes-covariance-but-does-not-describe-all-dependence","prove","","1","1","0","0","0","0","1","0","0","1","0","0","0","high","handwriting;math-text;photo","open-reasoning","probability-statistics-covariance-correlation-random-vectors-correlation-standardizes-covariance-but-does-not-describe-all-dependence","true","probability-statistics-covariance-correlation-random-vectors"
"probability-statistics-covariance-correlation-random-vectors","probability-statistics-covariance-correlation-random-vectors-covariance-geometry-validity-and-redundant-features","compute","","6","6","0","0","0","0","6","0","6","0","0","0","0","low","math-text","structured","probability-statistics-covariance-correlation-random-vectors-covariance-geometry-validity-and-redundant-features","false","probability-statistics-covariance-correlation-random-vectors"
"probability-statistics-covariance-correlation-random-vectors","probability-statistics-covariance-correlation-random-vectors-covariance-geometry-validity-and-redundant-features","compute","probability-statistics-covariance-correlation-random-vectors-covariance-geometry-validity-and-redundant-features-compute-production","1","1","1","1","0","0","0","0","1","0","1","3","0","low","math-text","structured","probability-statistics-covariance-correlation-random-vectors-covariance-geometry-validity-and-redundant-features","false","probability-statistics-covariance-correlation-random-vectors"
"probability-statistics-covariance-correlation-random-vectors","probability-statistics-covariance-correlation-random-vectors-covariance-geometry-validity-and-redundant-features","interpret","","2","2","0","0","2","2","2","2","0","0","0","0","0","low","tap","structured","probability-statistics-covariance-correlation-random-vectors-covariance-geometry-validity-and-redundant-features","false","probability-statistics-covariance-correlation-random-vectors"
"probability-statistics-covariance-correlation-random-vectors","probability-statistics-covariance-correlation-random-vectors-covariance-geometry-validity-and-redundant-features","justify","","1","1","0","0","0","0","1","0","0","1","0","0","0","high","handwriting;math-text;photo","open-reasoning","probability-statistics-covariance-correlation-random-vectors-covariance-geometry-validity-and-redundant-features","true","probability-statistics-covariance-correlation-random-vectors"
"probability-statistics-covariance-correlation-random-vectors","probability-statistics-covariance-correlation-random-vectors-covariance-geometry-validity-and-redundant-features","prove","","1","1","0","0","0","0","1","0","0","1","0","0","0","high","handwriting;math-text;photo","open-reasoning","probability-statistics-covariance-correlation-random-vectors-covariance-geometry-validity-and-redundant-features","true","probability-statistics-covariance-correlation-random-vectors"
"probability-statistics-covariance-correlation-random-vectors","probability-statistics-covariance-correlation-random-vectors-covariance-geometry-validity-and-redundant-features","recognize","","1","1","0","0","1","1","1","1","0","0","0","0","0","low","tap","choice","probability-statistics-covariance-correlation-random-vectors-covariance-geometry-validity-and-redundant-features","true","probability-statistics-covariance-correlation-random-vectors"
"probability-statistics-covariance-correlation-random-vectors","probability-statistics-covariance-correlation-random-vectors-covariance-measures-centered-co-variation","compute","","8","8","0","0","0","0","8","0","8","0","0","0","0","low","math-text","structured","probability-statistics-covariance-correlation-random-vectors-covariance-measures-centered-co-variation","false","probability-statistics-covariance-correlation-random-vectors"
"probability-statistics-covariance-correlation-random-vectors","probability-statistics-covariance-correlation-random-vectors-covariance-measures-centered-co-variation","compute","probability-statistics-covariance-correlation-random-vectors-covariance-measures-centered-co-variation-compute-production","1","1","1","1","0","0","0","0","1","0","1","3","0","low","math-text","structured","probability-statistics-covariance-correlation-random-vectors-covariance-measures-centered-co-variation","false","probability-statistics-covariance-correlation-random-vectors"
"probability-statistics-covariance-correlation-random-vectors","probability-statistics-covariance-correlation-random-vectors-covariance-measures-centered-co-variation","justify","","1","1","0","0","0","0","1","0","0","1","0","0","0","high","handwriting;math-text;photo","open-reasoning","probability-statistics-covariance-correlation-random-vectors-covariance-measures-centered-co-variation","true","probability-statistics-covariance-correlation-random-vectors"
"probability-statistics-covariance-correlation-random-vectors","probability-statistics-covariance-correlation-random-vectors-covariance-measures-centered-co-variation","prove","","1","1","0","0","0","0","1","0","0","1","0","0","0","high","handwriting;math-text;photo","open-reasoning","probability-statistics-covariance-correlation-random-vectors-covariance-measures-centered-co-variation","true","probability-statistics-covariance-correlation-random-vectors"
"probability-statistics-covariance-correlation-random-vectors","probability-statistics-covariance-correlation-random-vectors-variance-of-a-combination-includes-cross-terms","compute","","8","8","0","0","0","0","8","0","8","0","0","0","0","low","math-text","structured","probability-statistics-covariance-correlation-random-vectors-variance-of-a-combination-includes-cross-terms","false","probability-statistics-covariance-correlation-random-vectors"
"probability-statistics-covariance-correlation-random-vectors","probability-statistics-covariance-correlation-random-vectors-variance-of-a-combination-includes-cross-terms","compute","probability-statistics-covariance-correlation-random-vectors-variance-of-a-combination-includes-cross-terms-compute-production","1","1","1","1","0","0","0","0","1","0","1","3","0","low","math-text","structured","probability-statistics-covariance-correlation-random-vectors-variance-of-a-combination-includes-cross-terms","false","probability-statistics-covariance-correlation-random-vectors"
"probability-statistics-covariance-correlation-random-vectors","probability-statistics-covariance-correlation-random-vectors-variance-of-a-combination-includes-cross-terms","justify","","1","1","0","0","0","0","1","0","0","1","0","0","0","high","handwriting;math-text;photo","open-reasoning","probability-statistics-covariance-correlation-random-vectors-variance-of-a-combination-includes-cross-terms","true","probability-statistics-covariance-correlation-random-vectors"
"probability-statistics-covariance-correlation-random-vectors","probability-statistics-covariance-correlation-random-vectors-variance-of-a-combination-includes-cross-terms","prove","","1","1","0","0","0","0","1","0","0","1","0","0","0","high","handwriting;math-text;photo","open-reasoning","probability-statistics-covariance-correlation-random-vectors-variance-of-a-combination-includes-cross-terms","true","probability-statistics-covariance-correlation-random-vectors"
"probability-statistics-covariance-correlation-random-vectors","probability-statistics-covariance-correlation-random-vectors-variance-of-a-combination-includes-cross-terms","recognize","","1","1","0","0","1","1","1","1","0","0","0","0","0","low","tap","choice","probability-statistics-covariance-correlation-random-vectors-variance-of-a-combination-includes-cross-terms","true","probability-statistics-covariance-correlation-random-vectors"
"probability-statistics-data-samples-study-design","probability-statistics-data-samples-study-design-connect-the-sampling-design-to-the-target-population","compute","","3","3","0","0","0","0","3","0","3","0","0","0","0","low","math-text","structured","probability-statistics-data-samples-study-design-connect-the-sampling-design-to-the-target-population","false","probability-statistics-data-samples-study-design"
"probability-statistics-data-samples-study-design","probability-statistics-data-samples-study-design-connect-the-sampling-design-to-the-target-population","compute","probability-statistics-data-samples-study-design-connect-the-sampling-design-to-the-target-population-compute-production","1","1","1","1","0","0","0","0","1","0","1","2","0","low","math-text","structured","probability-statistics-data-samples-study-design-connect-the-sampling-design-to-the-target-population","false","probability-statistics-data-samples-study-design"
"probability-statistics-data-samples-study-design","probability-statistics-data-samples-study-design-connect-the-sampling-design-to-the-target-population","interpret","","4","4","0","0","4","4","4","0","4","0","0","0","0","low","short-text","structured","probability-statistics-data-samples-study-design-connect-the-sampling-design-to-the-target-population","false","probability-statistics-data-samples-study-design"
"probability-statistics-data-samples-study-design","probability-statistics-data-samples-study-design-connect-the-sampling-design-to-the-target-population","interpret","probability-statistics-data-samples-study-design-connect-the-sampling-design-to-the-target-population-interpret-production","1","1","1","1","1","1","0","0","1","0","0","0","0","low","short-text","structured","probability-statistics-data-samples-study-design-connect-the-sampling-design-to-the-target-population","true","probability-statistics-data-samples-study-design"
"probability-statistics-data-samples-study-design","probability-statistics-data-samples-study-design-connect-the-sampling-design-to-the-target-population","justify","","2","2","0","0","0","0","2","0","0","2","0","0","0","high","handwriting;math-text;photo","open-reasoning","probability-statistics-data-samples-study-design-connect-the-sampling-design-to-the-target-population","false","probability-statistics-data-samples-study-design"
"probability-statistics-data-samples-study-design","probability-statistics-data-samples-study-design-define-the-population-observation-and-question","compute","","3","3","0","0","0","0","3","0","3","0","0","0","0","low","math-text","structured","probability-statistics-data-samples-study-design-define-the-population-observation-and-question","false","probability-statistics-data-samples-study-design"
"probability-statistics-data-samples-study-design","probability-statistics-data-samples-study-design-define-the-population-observation-and-question","compute","probability-statistics-data-samples-study-design-define-the-population-observation-and-question-compute-production","1","1","1","1","0","0","0","0","1","0","1","2","0","low","math-text","structured","probability-statistics-data-samples-study-design-define-the-population-observation-and-question","false","probability-statistics-data-samples-study-design"
"probability-statistics-data-samples-study-design","probability-statistics-data-samples-study-design-define-the-population-observation-and-question","interpret","","4","4","0","0","4","4","4","0","4","0","0","0","0","low","short-text","structured","probability-statistics-data-samples-study-design-define-the-population-observation-and-question","false","probability-statistics-data-samples-study-design"
"probability-statistics-data-samples-study-design","probability-statistics-data-samples-study-design-define-the-population-observation-and-question","interpret","probability-statistics-data-samples-study-design-define-the-population-observation-and-question-interpret-production","1","1","1","1","1","1","0","0","1","0","0","0","0","low","short-text","structured","probability-statistics-data-samples-study-design-define-the-population-observation-and-question","true","probability-statistics-data-samples-study-design"
"probability-statistics-data-samples-study-design","probability-statistics-data-samples-study-design-define-the-population-observation-and-question","justify","","2","2","0","0","0","0","2","0","0","2","0","0","0","high","handwriting;math-text;photo","open-reasoning","probability-statistics-data-samples-study-design-define-the-population-observation-and-question","false","probability-statistics-data-samples-study-design"
"probability-statistics-data-samples-study-design","probability-statistics-data-samples-study-design-describe-spread-and-distinguish-empirical-from-model-variation","compute","","8","8","0","0","0","0","8","0","8","0","0","0","0","low","math-text","structured","probability-statistics-data-samples-study-design-describe-spread-and-distinguish-empirical-from-model-variation","false","probability-statistics-data-samples-study-design"
"probability-statistics-data-samples-study-design","probability-statistics-data-samples-study-design-describe-spread-and-distinguish-empirical-from-model-variation","compute","probability-statistics-data-samples-study-design-describe-spread-and-distinguish-empirical-from-model-variation-compute-production","1","1","1","1","0","0","0","0","1","0","1","3","0","low","math-text","structured","probability-statistics-data-samples-study-design-describe-spread-and-distinguish-empirical-from-model-variation","false","probability-statistics-data-samples-study-design"
"probability-statistics-data-samples-study-design","probability-statistics-data-samples-study-design-describe-spread-and-distinguish-empirical-from-model-variation","justify","","1","1","0","0","0","0","1","0","0","1","0","0","0","high","handwriting;math-text;photo","open-reasoning","probability-statistics-data-samples-study-design-describe-spread-and-distinguish-empirical-from-model-variation","true","probability-statistics-data-samples-study-design"
"probability-statistics-data-samples-study-design","probability-statistics-data-samples-study-design-describe-spread-and-distinguish-empirical-from-model-variation","prove","","1","1","0","0","0","0","1","0","0","1","0","0","0","high","handwriting;math-text;photo","open-reasoning","probability-statistics-data-samples-study-design-describe-spread-and-distinguish-empirical-from-model-variation","true","probability-statistics-data-samples-study-design"
"probability-statistics-data-samples-study-design","probability-statistics-data-samples-study-design-separate-random-error-systematic-bias-and-causal-evidence","compute","","3","3","0","0","0","0","3","0","3","0","0","0","0","low","math-text","structured","probability-statistics-data-samples-study-design-separate-random-error-systematic-bias-and-causal-evidence","false","probability-statistics-data-samples-study-design"
"probability-statistics-data-samples-study-design","probability-statistics-data-samples-study-design-separate-random-error-systematic-bias-and-causal-evidence","compute","probability-statistics-data-samples-study-design-separate-random-error-systematic-bias-and-causal-evidence-compute-production","1","1","1","1","0","0","0","0","1","0","0","0","0","low","math-text","structured","probability-statistics-data-samples-study-design-separate-random-error-systematic-bias-and-causal-evidence","true","probability-statistics-data-samples-study-design"
"probability-statistics-data-samples-study-design","probability-statistics-data-samples-study-design-separate-random-error-systematic-bias-and-causal-evidence","construct","","1","1","0","0","0","0","1","0","1","0","0","0","0","high","handwriting;math-text;photo","open-reasoning","probability-statistics-data-samples-study-design-separate-random-error-systematic-bias-and-causal-evidence","true","probability-statistics-data-samples-study-design"
"probability-statistics-data-samples-study-design","probability-statistics-data-samples-study-design-separate-random-error-systematic-bias-and-causal-evidence","interpret","","2","2","0","0","2","2","2","0","2","0","0","0","0","low","short-text","structured","probability-statistics-data-samples-study-design-separate-random-error-systematic-bias-and-causal-evidence","false","probability-statistics-data-samples-study-design"
"probability-statistics-data-samples-study-design","probability-statistics-data-samples-study-design-separate-random-error-systematic-bias-and-causal-evidence","interpret","probability-statistics-data-samples-study-design-separate-random-error-systematic-bias-and-causal-evidence-interpret-recognition","1","1","1","1","1","1","0","1","0","0","0","0","0","low","tap","structured","probability-statistics-data-samples-study-design-separate-random-error-systematic-bias-and-causal-evidence","true","probability-statistics-data-samples-study-design"
"probability-statistics-data-samples-study-design","probability-statistics-data-samples-study-design-separate-random-error-systematic-bias-and-causal-evidence","justify","","2","2","0","0","0","0","2","0","0","2","0","0","0","high","handwriting;math-text;photo","open-reasoning","probability-statistics-data-samples-study-design-separate-random-error-systematic-bias-and-causal-evidence","false","probability-statistics-data-samples-study-design"
"probability-statistics-data-samples-study-design","probability-statistics-data-samples-study-design-separate-random-error-systematic-bias-and-causal-evidence","justify","probability-statistics-data-samples-study-design-separate-random-error-systematic-bias-and-causal-evidence-justify-reasoning","1","1","1","1","0","0","0","0","0","1","0","0","0","medium","handwriting;math-text;photo","open-reasoning","probability-statistics-data-samples-study-design-separate-random-error-systematic-bias-and-causal-evidence","true","probability-statistics-data-samples-study-design"
"probability-statistics-data-samples-study-design","probability-statistics-data-samples-study-design-separate-random-error-systematic-bias-and-causal-evidence","recognize","","1","1","0","0","1","1","1","1","0","0","0","0","0","low","tap","choice","probability-statistics-data-samples-study-design-separate-random-error-systematic-bias-and-causal-evidence","true","probability-statistics-data-samples-study-design"
"probability-statistics-data-samples-study-design","probability-statistics-data-samples-study-design-summarize-location-without-hiding-the-data","compute","","8","8","0","0","0","0","8","0","8","0","0","0","0","low","math-text","structured","probability-statistics-data-samples-study-design-summarize-location-without-hiding-the-data","false","probability-statistics-data-samples-study-design"
"probability-statistics-data-samples-study-design","probability-statistics-data-samples-study-design-summarize-location-without-hiding-the-data","compute","probability-statistics-data-samples-study-design-summarize-location-without-hiding-the-data-compute-production","1","1","1","1","0","0","0","0","1","0","1","3","0","low","math-text","structured","probability-statistics-data-samples-study-design-summarize-location-without-hiding-the-data","false","probability-statistics-data-samples-study-design"
"probability-statistics-data-samples-study-design","probability-statistics-data-samples-study-design-summarize-location-without-hiding-the-data","justify","","2","2","0","0","0","0","2","0","0","2","0","0","0","high","handwriting;math-text;photo","open-reasoning","probability-statistics-data-samples-study-design-summarize-location-without-hiding-the-data","false","probability-statistics-data-samples-study-design"
"probability-statistics-data-samples-study-design","probability-statistics-data-samples-study-design-summarize-location-without-hiding-the-data","recognize","","1","1","0","0","1","1","1","1","0","0","0","0","0","low","tap","choice","probability-statistics-data-samples-study-design-summarize-location-without-hiding-the-data","true","probability-statistics-data-samples-study-design"
"probability-statistics-discrete-random-variables","probability-statistics-discrete-random-variables-a-random-variable-records-a-numerical-feature","compute","","6","6","0","0","0","0","6","0","6","0","0","0","0","low","math-text","structured","probability-statistics-discrete-random-variables-a-random-variable-records-a-numerical-feature","false","probability-statistics-discrete-random-variables"
"probability-statistics-discrete-random-variables","probability-statistics-discrete-random-variables-a-random-variable-records-a-numerical-feature","compute","probability-statistics-discrete-random-variables-a-random-variable-records-a-numerical-feature-compute-production","1","1","1","1","0","0","0","0","1","0","1","2","0","low","math-text","structured","probability-statistics-discrete-random-variables-a-random-variable-records-a-numerical-feature","false","probability-statistics-discrete-random-variables"
"probability-statistics-discrete-random-variables","probability-statistics-discrete-random-variables-a-random-variable-records-a-numerical-feature","interpret","","2","2","0","0","2","2","2","2","0","0","0","0","0","low","tap","structured","probability-statistics-discrete-random-variables-a-random-variable-records-a-numerical-feature","false","probability-statistics-discrete-random-variables"
"probability-statistics-discrete-random-variables","probability-statistics-discrete-random-variables-a-random-variable-records-a-numerical-feature","justify","","2","2","0","0","0","0","2","0","0","2","0","0","0","high","handwriting;math-text;photo","open-reasoning","probability-statistics-discrete-random-variables-a-random-variable-records-a-numerical-feature","false","probability-statistics-discrete-random-variables"
"probability-statistics-discrete-random-variables","probability-statistics-discrete-random-variables-a-random-variable-records-a-numerical-feature","justify","probability-statistics-discrete-random-variables-a-random-variable-records-a-numerical-feature-justify-reasoning","1","1","1","1","0","0","0","0","0","1","0","0","0","medium","handwriting;math-text;photo","open-reasoning","probability-statistics-discrete-random-variables-a-random-variable-records-a-numerical-feature","true","probability-statistics-discrete-random-variables"
"probability-statistics-discrete-random-variables","probability-statistics-discrete-random-variables-accumulate-mass-into-a-cdf","compute","","7","7","0","0","0","0","7","0","7","0","0","0","0","low","math-text","structured","probability-statistics-discrete-random-variables-accumulate-mass-into-a-cdf","false","probability-statistics-discrete-random-variables"
"probability-statistics-discrete-random-variables","probability-statistics-discrete-random-variables-accumulate-mass-into-a-cdf","compute","probability-statistics-discrete-random-variables-accumulate-mass-into-a-cdf-compute-production","1","1","1","1","0","0","0","0","1","0","1","2","0","low","math-text","structured","probability-statistics-discrete-random-variables-accumulate-mass-into-a-cdf","false","probability-statistics-discrete-random-variables"
"probability-statistics-discrete-random-variables","probability-statistics-discrete-random-variables-accumulate-mass-into-a-cdf","construct","","1","1","0","0","0","0","1","0","1","0","0","0","0","high","handwriting;math-text;photo","open-reasoning","probability-statistics-discrete-random-variables-accumulate-mass-into-a-cdf","true","probability-statistics-discrete-random-variables"
"probability-statistics-discrete-random-variables","probability-statistics-discrete-random-variables-accumulate-mass-into-a-cdf","interpret","","1","1","0","0","1","1","1","1","0","0","0","0","0","low","tap","structured","probability-statistics-discrete-random-variables-accumulate-mass-into-a-cdf","true","probability-statistics-discrete-random-variables"
"probability-statistics-discrete-random-variables","probability-statistics-discrete-random-variables-accumulate-mass-into-a-cdf","justify","","1","1","0","0","0","0","1","0","0","1","0","0","0","high","handwriting;math-text;photo","open-reasoning","probability-statistics-discrete-random-variables-accumulate-mass-into-a-cdf","true","probability-statistics-discrete-random-variables"
"probability-statistics-discrete-random-variables","probability-statistics-discrete-random-variables-accumulate-mass-into-a-cdf","justify","probability-statistics-discrete-random-variables-accumulate-mass-into-a-cdf-justify-reasoning","1","1","1","1","0","0","0","0","0","1","0","0","0","medium","handwriting;math-text;photo","open-reasoning","probability-statistics-discrete-random-variables-accumulate-mass-into-a-cdf","true","probability-statistics-discrete-random-variables"
"probability-statistics-discrete-random-variables","probability-statistics-discrete-random-variables-construct-and-check-a-probability-mass-function","compute","","8","8","0","0","0","0","8","0","8","0","0","0","0","low","math-text","structured","probability-statistics-discrete-random-variables-construct-and-check-a-probability-mass-function","false","probability-statistics-discrete-random-variables"
"probability-statistics-discrete-random-variables","probability-statistics-discrete-random-variables-construct-and-check-a-probability-mass-function","compute","probability-statistics-discrete-random-variables-construct-and-check-a-probability-mass-function-compute-production","1","1","1","1","0","0","0","0","1","0","1","2","0","low","math-text","structured","probability-statistics-discrete-random-variables-construct-and-check-a-probability-mass-function","false","probability-statistics-discrete-random-variables"
"probability-statistics-discrete-random-variables","probability-statistics-discrete-random-variables-construct-and-check-a-probability-mass-function","interpret","","1","1","0","0","1","1","1","1","0","0","0","0","0","low","tap","structured","probability-statistics-discrete-random-variables-construct-and-check-a-probability-mass-function","true","probability-statistics-discrete-random-variables"
"probability-statistics-discrete-random-variables","probability-statistics-discrete-random-variables-construct-and-check-a-probability-mass-function","justify","","1","1","0","0","0","0","1","0","0","1","0","0","0","high","handwriting;math-text;photo","open-reasoning","probability-statistics-discrete-random-variables-construct-and-check-a-probability-mass-function","true","probability-statistics-discrete-random-variables"
"probability-statistics-discrete-random-variables","probability-statistics-discrete-random-variables-construct-and-check-a-probability-mass-function","justify","probability-statistics-discrete-random-variables-construct-and-check-a-probability-mass-function-justify-reasoning","1","1","1","1","0","0","0","0","0","1","0","0","0","medium","handwriting;math-text;photo","open-reasoning","probability-statistics-discrete-random-variables-construct-and-check-a-probability-mass-function","true","probability-statistics-discrete-random-variables"
"probability-statistics-discrete-random-variables","probability-statistics-discrete-random-variables-construct-and-check-a-probability-mass-function","recognize","","1","1","0","0","1","1","1","1","0","0","0","0","0","low","tap","choice","probability-statistics-discrete-random-variables-construct-and-check-a-probability-mass-function","true","probability-statistics-discrete-random-variables"
"probability-statistics-discrete-random-variables","probability-statistics-discrete-random-variables-intervals-tails-and-endpoint-discipline","compute","","8","8","0","0","0","0","8","0","8","0","0","0","0","low","math-text","structured","probability-statistics-discrete-random-variables-intervals-tails-and-endpoint-discipline","false","probability-statistics-discrete-random-variables"
"probability-statistics-discrete-random-variables","probability-statistics-discrete-random-variables-intervals-tails-and-endpoint-discipline","compute","probability-statistics-discrete-random-variables-intervals-tails-and-endpoint-discipline-compute-production","1","1","1","1","0","0","0","0","1","0","1","3","0","low","math-text","structured","probability-statistics-discrete-random-variables-intervals-tails-and-endpoint-discipline","false","probability-statistics-discrete-random-variables"
"probability-statistics-discrete-random-variables","probability-statistics-discrete-random-variables-intervals-tails-and-endpoint-discipline","interpret","","1","1","0","0","1","1","1","1","0","0","0","0","0","low","tap","structured","probability-statistics-discrete-random-variables-intervals-tails-and-endpoint-discipline","true","probability-statistics-discrete-random-variables"
"probability-statistics-discrete-random-variables","probability-statistics-discrete-random-variables-intervals-tails-and-endpoint-discipline","justify","","1","1","0","0","0","0","1","0","0","1","0","0","0","high","handwriting;math-text;photo","open-reasoning","probability-statistics-discrete-random-variables-intervals-tails-and-endpoint-discipline","true","probability-statistics-discrete-random-variables"
"probability-statistics-discrete-random-variables","probability-statistics-discrete-random-variables-intervals-tails-and-endpoint-discipline","recognize","","1","1","0","0","1","1","1","1","0","0","0","0","0","low","tap","choice","probability-statistics-discrete-random-variables-intervals-tails-and-endpoint-discipline","true","probability-statistics-discrete-random-variables"
"probability-statistics-discrete-random-variables","probability-statistics-discrete-random-variables-transform-values-and-combine-their-masses","compute","","8","8","0","0","0","0","8","0","8","0","0","0","0","low","math-text","structured","probability-statistics-discrete-random-variables-transform-values-and-combine-their-masses","false","probability-statistics-discrete-random-variables"
"probability-statistics-discrete-random-variables","probability-statistics-discrete-random-variables-transform-values-and-combine-their-masses","compute","probability-statistics-discrete-random-variables-transform-values-and-combine-their-masses-compute-production","1","1","1","1","0","0","0","0","1","0","1","2","0","low","math-text","structured","probability-statistics-discrete-random-variables-transform-values-and-combine-their-masses","false","probability-statistics-discrete-random-variables"
"probability-statistics-discrete-random-variables","probability-statistics-discrete-random-variables-transform-values-and-combine-their-masses","justify","","1","1","0","0","0","0","1","0","0","1","0","0","0","high","handwriting;math-text;photo","open-reasoning","probability-statistics-discrete-random-variables-transform-values-and-combine-their-masses","true","probability-statistics-discrete-random-variables"
"probability-statistics-discrete-random-variables","probability-statistics-discrete-random-variables-transform-values-and-combine-their-masses","justify","probability-statistics-discrete-random-variables-transform-values-and-combine-their-masses-justify-reasoning","1","1","1","1","0","0","0","0","0","1","0","0","0","medium","handwriting;math-text;photo","open-reasoning","probability-statistics-discrete-random-variables-transform-values-and-combine-their-masses","true","probability-statistics-discrete-random-variables"
"probability-statistics-discrete-random-variables","probability-statistics-discrete-random-variables-transform-values-and-combine-their-masses","prove","","1","1","0","0","0","0","1","0","0","1","0","0","0","high","handwriting;math-text;photo","open-reasoning","probability-statistics-discrete-random-variables-transform-values-and-combine-their-masses","true","probability-statistics-discrete-random-variables"
"probability-statistics-estimation-likelihood","probability-statistics-estimation-likelihood-a-parameter-an-estimator-and-an-estimate","compute","","10","10","0","0","0","0","10","0","10","0","0","0","0","low","math-text","structured","probability-statistics-estimation-likelihood-a-parameter-an-estimator-and-an-estimate","false","probability-statistics-estimation-likelihood"
"probability-statistics-estimation-likelihood","probability-statistics-estimation-likelihood-a-parameter-an-estimator-and-an-estimate","compute","probability-statistics-estimation-likelihood-a-parameter-an-estimator-and-an-estimate-compute-production","1","1","1","1","0","0","0","0","1","0","1","2","0","low","math-text","structured","probability-statistics-estimation-likelihood-a-parameter-an-estimator-and-an-estimate","false","probability-statistics-estimation-likelihood"
"probability-statistics-estimation-likelihood","probability-statistics-estimation-likelihood-a-parameter-an-estimator-and-an-estimate","justify","","2","2","0","0","0","0","2","0","0","2","0","0","0","high","handwriting;math-text;photo","open-reasoning","probability-statistics-estimation-likelihood-a-parameter-an-estimator-and-an-estimate","false","probability-statistics-estimation-likelihood"
"probability-statistics-estimation-likelihood","probability-statistics-estimation-likelihood-a-parameter-an-estimator-and-an-estimate","justify","probability-statistics-estimation-likelihood-a-parameter-an-estimator-and-an-estimate-justify-reasoning","1","1","1","1","0","0","0","0","0","1","0","0","0","medium","handwriting;math-text;photo","open-reasoning","probability-statistics-estimation-likelihood-a-parameter-an-estimator-and-an-estimate","true","probability-statistics-estimation-likelihood"
"probability-statistics-estimation-likelihood","probability-statistics-estimation-likelihood-a-parameter-an-estimator-and-an-estimate","recall","probability-statistics-estimation-likelihood-a-parameter-an-estimator-and-an-estimate-recall-production","0","1","0","1","0","1","0","0","1","0","1","2","0","low","short-text","structured","probability-statistics-estimation-likelihood-a-parameter-an-estimator-and-an-estimate","false",""
"probability-statistics-estimation-likelihood","probability-statistics-estimation-likelihood-bias-and-mean-squared-error","compute","","10","10","0","0","0","0","10","0","10","0","0","0","0","low","math-text","structured","probability-statistics-estimation-likelihood-bias-and-mean-squared-error","false","probability-statistics-estimation-likelihood"
"probability-statistics-estimation-likelihood","probability-statistics-estimation-likelihood-bias-and-mean-squared-error","compute","probability-statistics-estimation-likelihood-bias-and-mean-squared-error-compute-production","1","1","1","1","0","0","0","0","1","0","1","2","0","low","math-text","structured","probability-statistics-estimation-likelihood-bias-and-mean-squared-error","false","probability-statistics-estimation-likelihood"
"probability-statistics-estimation-likelihood","probability-statistics-estimation-likelihood-bias-and-mean-squared-error","compute","probability-statistics-estimation-likelihood-bias-and-mean-squared-error-compute-recognition","1","1","1","1","1","1","0","1","0","0","0","0","0","low","tap","structured","probability-statistics-estimation-likelihood-bias-and-mean-squared-error","true","probability-statistics-estimation-likelihood"
"probability-statistics-estimation-likelihood","probability-statistics-estimation-likelihood-bias-and-mean-squared-error","justify","","1","1","0","0","0","0","1","0","0","1","0","0","0","high","handwriting;math-text;photo","open-reasoning","probability-statistics-estimation-likelihood-bias-and-mean-squared-error","true","probability-statistics-estimation-likelihood"
"probability-statistics-estimation-likelihood","probability-statistics-estimation-likelihood-bias-and-mean-squared-error","prove","","1","1","0","0","0","0","1","0","0","1","0","0","0","high","handwriting;math-text;photo","open-reasoning","probability-statistics-estimation-likelihood-bias-and-mean-squared-error","true","probability-statistics-estimation-likelihood"
"probability-statistics-estimation-likelihood","probability-statistics-estimation-likelihood-bias-and-mean-squared-error","recognize","","1","1","0","0","1","1","1","1","0","0","0","0","0","low","tap","choice","probability-statistics-estimation-likelihood-bias-and-mean-squared-error","true","probability-statistics-estimation-likelihood"
"probability-statistics-estimation-likelihood","probability-statistics-estimation-likelihood-consistency-and-the-denominator-in-sample-variance","compute","","10","10","0","0","0","0","10","0","10","0","0","0","0","low","math-text","structured","probability-statistics-estimation-likelihood-consistency-and-the-denominator-in-sample-variance","false","probability-statistics-estimation-likelihood"
"probability-statistics-estimation-likelihood","probability-statistics-estimation-likelihood-consistency-and-the-denominator-in-sample-variance","compute","probability-statistics-estimation-likelihood-consistency-and-the-denominator-in-sample-variance-compute-production","1","1","1","1","0","0","0","0","1","0","1","2","0","low","math-text","structured","probability-statistics-estimation-likelihood-consistency-and-the-denominator-in-sample-variance","false","probability-statistics-estimation-likelihood"
"probability-statistics-estimation-likelihood","probability-statistics-estimation-likelihood-consistency-and-the-denominator-in-sample-variance","compute","probability-statistics-estimation-likelihood-consistency-and-the-denominator-in-sample-variance-compute-recognition","1","1","1","1","1","1","0","1","0","0","0","0","0","low","tap","structured","probability-statistics-estimation-likelihood-consistency-and-the-denominator-in-sample-variance","true","probability-statistics-estimation-likelihood"
"probability-statistics-estimation-likelihood","probability-statistics-estimation-likelihood-consistency-and-the-denominator-in-sample-variance","construct","","1","1","0","0","0","0","1","0","1","0","0","0","0","high","handwriting;math-text;photo","open-reasoning","probability-statistics-estimation-likelihood-consistency-and-the-denominator-in-sample-variance","true","probability-statistics-estimation-likelihood"
"probability-statistics-estimation-likelihood","probability-statistics-estimation-likelihood-consistency-and-the-denominator-in-sample-variance","prove","","1","1","0","0","0","0","1","0","0","1","0","0","0","high","handwriting;math-text;photo","open-reasoning","probability-statistics-estimation-likelihood-consistency-and-the-denominator-in-sample-variance","true","probability-statistics-estimation-likelihood"
"probability-statistics-estimation-likelihood","probability-statistics-estimation-likelihood-likelihood-keeps-the-data-fixed","compute","","10","10","0","0","0","0","10","0","10","0","0","0","0","low","math-text","structured","probability-statistics-estimation-likelihood-likelihood-keeps-the-data-fixed","false","probability-statistics-estimation-likelihood"
"probability-statistics-estimation-likelihood","probability-statistics-estimation-likelihood-likelihood-keeps-the-data-fixed","compute","probability-statistics-estimation-likelihood-likelihood-keeps-the-data-fixed-compute-production","1","1","1","1","0","0","0","0","1","0","1","2","0","low","math-text","structured","probability-statistics-estimation-likelihood-likelihood-keeps-the-data-fixed","false","probability-statistics-estimation-likelihood"
"probability-statistics-estimation-likelihood","probability-statistics-estimation-likelihood-likelihood-keeps-the-data-fixed","compute","probability-statistics-estimation-likelihood-likelihood-keeps-the-data-fixed-compute-recognition","1","1","1","1","1","1","0","1","0","0","0","0","0","low","tap","structured","probability-statistics-estimation-likelihood-likelihood-keeps-the-data-fixed","true","probability-statistics-estimation-likelihood"
"probability-statistics-estimation-likelihood","probability-statistics-estimation-likelihood-likelihood-keeps-the-data-fixed","justify","","2","2","0","0","0","0","2","0","0","2","0","0","0","high","handwriting;math-text;photo","open-reasoning","probability-statistics-estimation-likelihood-likelihood-keeps-the-data-fixed","false","probability-statistics-estimation-likelihood"
"probability-statistics-estimation-likelihood","probability-statistics-estimation-likelihood-likelihood-keeps-the-data-fixed","recognize","","1","1","0","0","1","1","1","1","0","0","0","0","0","low","tap","choice","probability-statistics-estimation-likelihood-likelihood-keeps-the-data-fixed","true","probability-statistics-estimation-likelihood"
"probability-statistics-estimation-likelihood","probability-statistics-estimation-likelihood-log-likelihood-and-elementary-maximization","compute","","11","11","0","0","0","0","11","0","11","0","0","0","0","low","math-text","structured","probability-statistics-estimation-likelihood-log-likelihood-and-elementary-maximization","false","probability-statistics-estimation-likelihood"
"probability-statistics-estimation-likelihood","probability-statistics-estimation-likelihood-log-likelihood-and-elementary-maximization","compute","probability-statistics-estimation-likelihood-log-likelihood-and-elementary-maximization-compute-production","1","1","1","1","0","0","0","0","1","0","1","3","0","low","math-text","structured","probability-statistics-estimation-likelihood-log-likelihood-and-elementary-maximization","false","probability-statistics-estimation-likelihood"
"probability-statistics-estimation-likelihood","probability-statistics-estimation-likelihood-log-likelihood-and-elementary-maximization","justify","","1","1","0","0","0","0","1","0","0","1","0","0","0","high","handwriting;math-text;photo","open-reasoning","probability-statistics-estimation-likelihood-log-likelihood-and-elementary-maximization","true","probability-statistics-estimation-likelihood"
"probability-statistics-expectation-variance","probability-statistics-expectation-variance-expectation-is-a-probability-weighted-mean","compute","","7","7","0","0","0","0","7","0","7","0","0","0","0","low","math-text","structured","probability-statistics-expectation-variance-expectation-is-a-probability-weighted-mean","false","probability-statistics-expectation-variance"
"probability-statistics-expectation-variance","probability-statistics-expectation-variance-expectation-is-a-probability-weighted-mean","compute","probability-statistics-expectation-variance-expectation-is-a-probability-weighted-mean-compute-production","1","1","1","1","0","0","0","0","1","0","1","2","0","low","math-text","structured","probability-statistics-expectation-variance-expectation-is-a-probability-weighted-mean","false","probability-statistics-expectation-variance"
"probability-statistics-expectation-variance","probability-statistics-expectation-variance-expectation-is-a-probability-weighted-mean","interpret","","1","1","0","0","1","1","1","1","0","0","0","0","0","low","tap","structured","probability-statistics-expectation-variance-expectation-is-a-probability-weighted-mean","true","probability-statistics-expectation-variance"
"probability-statistics-expectation-variance","probability-statistics-expectation-variance-expectation-is-a-probability-weighted-mean","justify","","2","2","0","0","0","0","2","0","0","2","0","0","0","high","handwriting;math-text;photo","open-reasoning","probability-statistics-expectation-variance-expectation-is-a-probability-weighted-mean","false","probability-statistics-expectation-variance"
"probability-statistics-expectation-variance","probability-statistics-expectation-variance-expectation-is-a-probability-weighted-mean","justify","probability-statistics-expectation-variance-expectation-is-a-probability-weighted-mean-justify-reasoning","1","1","1","1","0","0","0","0","0","1","0","0","0","medium","handwriting;math-text;photo","open-reasoning","probability-statistics-expectation-variance-expectation-is-a-probability-weighted-mean","true","probability-statistics-expectation-variance"
"probability-statistics-expectation-variance","probability-statistics-expectation-variance-expectation-is-a-probability-weighted-mean","recognize","","1","1","0","0","1","1","1","1","0","0","0","0","0","low","tap","choice","probability-statistics-expectation-variance-expectation-is-a-probability-weighted-mean","true","probability-statistics-expectation-variance"
"probability-statistics-expectation-variance","probability-statistics-expectation-variance-scaling-sums-and-the-role-of-dependence","compute","","8","8","0","0","0","0","8","0","8","0","0","0","0","low","math-text","structured","probability-statistics-expectation-variance-scaling-sums-and-the-role-of-dependence","false","probability-statistics-expectation-variance"
"probability-statistics-expectation-variance","probability-statistics-expectation-variance-scaling-sums-and-the-role-of-dependence","compute","probability-statistics-expectation-variance-scaling-sums-and-the-role-of-dependence-compute-production","1","1","1","1","0","0","0","0","1","0","1","2","0","low","math-text","structured","probability-statistics-expectation-variance-scaling-sums-and-the-role-of-dependence","false","probability-statistics-expectation-variance"
"probability-statistics-expectation-variance","probability-statistics-expectation-variance-scaling-sums-and-the-role-of-dependence","interpret","","1","1","0","0","1","1","1","1","0","0","0","0","0","low","tap","structured","probability-statistics-expectation-variance-scaling-sums-and-the-role-of-dependence","true","probability-statistics-expectation-variance"
"probability-statistics-expectation-variance","probability-statistics-expectation-variance-scaling-sums-and-the-role-of-dependence","justify","probability-statistics-expectation-variance-scaling-sums-and-the-role-of-dependence-justify-reasoning","1","1","1","1","0","0","0","0","0","1","0","0","0","medium","handwriting;math-text;photo","open-reasoning","probability-statistics-expectation-variance-scaling-sums-and-the-role-of-dependence","true","probability-statistics-expectation-variance"
"probability-statistics-expectation-variance","probability-statistics-expectation-variance-scaling-sums-and-the-role-of-dependence","prove","","1","1","0","0","0","0","1","0","0","1","0","0","0","high","handwriting;math-text;photo","open-reasoning","probability-statistics-expectation-variance-scaling-sums-and-the-role-of-dependence","true","probability-statistics-expectation-variance"
"probability-statistics-expectation-variance","probability-statistics-expectation-variance-transformations-linearity-and-indicators","compute","","8","8","0","0","0","0","8","0","8","0","0","0","0","low","math-text","structured","probability-statistics-expectation-variance-transformations-linearity-and-indicators","false","probability-statistics-expectation-variance"
"probability-statistics-expectation-variance","probability-statistics-expectation-variance-transformations-linearity-and-indicators","compute","probability-statistics-expectation-variance-transformations-linearity-and-indicators-compute-production","1","1","1","1","0","0","0","0","1","0","1","2","0","low","math-text","structured","probability-statistics-expectation-variance-transformations-linearity-and-indicators","false","probability-statistics-expectation-variance"
"probability-statistics-expectation-variance","probability-statistics-expectation-variance-transformations-linearity-and-indicators","interpret","","1","1","0","0","1","1","1","1","0","0","0","0","0","low","tap","structured","probability-statistics-expectation-variance-transformations-linearity-and-indicators","true","probability-statistics-expectation-variance"
"probability-statistics-expectation-variance","probability-statistics-expectation-variance-transformations-linearity-and-indicators","justify","probability-statistics-expectation-variance-transformations-linearity-and-indicators-justify-reasoning","1","1","1","1","0","0","0","0","0","1","0","0","0","medium","handwriting;math-text;photo","open-reasoning","probability-statistics-expectation-variance-transformations-linearity-and-indicators","true","probability-statistics-expectation-variance"
"probability-statistics-expectation-variance","probability-statistics-expectation-variance-transformations-linearity-and-indicators","prove","","1","1","0","0","0","0","1","0","0","1","0","0","0","high","handwriting;math-text;photo","open-reasoning","probability-statistics-expectation-variance-transformations-linearity-and-indicators","true","probability-statistics-expectation-variance"
"probability-statistics-expectation-variance","probability-statistics-expectation-variance-use-moments-without-losing-the-full-model","compute","","7","7","0","0","0","0","7","0","7","0","0","0","0","low","math-text","structured","probability-statistics-expectation-variance-use-moments-without-losing-the-full-model","false","probability-statistics-expectation-variance"
"probability-statistics-expectation-variance","probability-statistics-expectation-variance-use-moments-without-losing-the-full-model","compute","probability-statistics-expectation-variance-use-moments-without-losing-the-full-model-compute-production","1","1","1","1","0","0","0","0","1","0","1","2","0","low","math-text","structured","probability-statistics-expectation-variance-use-moments-without-losing-the-full-model","false","probability-statistics-expectation-variance"
"probability-statistics-expectation-variance","probability-statistics-expectation-variance-use-moments-without-losing-the-full-model","interpret","","1","1","0","0","1","1","1","1","0","0","0","0","0","low","tap","structured","probability-statistics-expectation-variance-use-moments-without-losing-the-full-model","true","probability-statistics-expectation-variance"
"probability-statistics-expectation-variance","probability-statistics-expectation-variance-use-moments-without-losing-the-full-model","justify","","1","1","0","0","0","0","1","0","0","1","0","0","0","high","handwriting;math-text;photo","open-reasoning","probability-statistics-expectation-variance-use-moments-without-losing-the-full-model","true","probability-statistics-expectation-variance"
"probability-statistics-expectation-variance","probability-statistics-expectation-variance-use-moments-without-losing-the-full-model","justify","probability-statistics-expectation-variance-use-moments-without-losing-the-full-model-justify-reasoning","1","1","1","1","0","0","0","0","0","1","0","0","0","medium","handwriting;math-text;photo","open-reasoning","probability-statistics-expectation-variance-use-moments-without-losing-the-full-model","true","probability-statistics-expectation-variance"
"probability-statistics-expectation-variance","probability-statistics-expectation-variance-use-moments-without-losing-the-full-model","prove","","1","1","0","0","0","0","1","0","0","1","0","0","0","high","handwriting;math-text;photo","open-reasoning","probability-statistics-expectation-variance-use-moments-without-losing-the-full-model","true","probability-statistics-expectation-variance"
"probability-statistics-expectation-variance","probability-statistics-expectation-variance-variance-and-standard-deviation-measure-spread","compute","","7","7","0","0","0","0","7","0","7","0","0","0","0","low","math-text","structured","probability-statistics-expectation-variance-variance-and-standard-deviation-measure-spread","false","probability-statistics-expectation-variance"
"probability-statistics-expectation-variance","probability-statistics-expectation-variance-variance-and-standard-deviation-measure-spread","compute","probability-statistics-expectation-variance-variance-and-standard-deviation-measure-spread-compute-production","1","1","1","1","0","0","0","0","1","0","1","3","0","low","math-text","structured","probability-statistics-expectation-variance-variance-and-standard-deviation-measure-spread","false","probability-statistics-expectation-variance"
"probability-statistics-expectation-variance","probability-statistics-expectation-variance-variance-and-standard-deviation-measure-spread","interpret","","1","1","0","0","1","1","1","1","0","0","0","0","0","low","tap","structured","probability-statistics-expectation-variance-variance-and-standard-deviation-measure-spread","true","probability-statistics-expectation-variance"
"probability-statistics-expectation-variance","probability-statistics-expectation-variance-variance-and-standard-deviation-measure-spread","justify","","2","2","0","0","0","0","2","0","0","2","0","0","0","high","handwriting;math-text;photo","open-reasoning","probability-statistics-expectation-variance-variance-and-standard-deviation-measure-spread","false","probability-statistics-expectation-variance"
"probability-statistics-expectation-variance","probability-statistics-expectation-variance-variance-and-standard-deviation-measure-spread","recognize","","1","1","0","0","1","1","1","1","0","0","0","0","0","low","tap","choice","probability-statistics-expectation-variance-variance-and-standard-deviation-measure-spread","true","probability-statistics-expectation-variance"
"probability-statistics-hypergeometric-poisson","probability-statistics-hypergeometric-poisson-approximation-and-choosing-a-model","compute","","7","7","0","0","0","0","7","0","7","0","0","0","0","low","math-text","structured","probability-statistics-hypergeometric-poisson-approximation-and-choosing-a-model","false","probability-statistics-hypergeometric-poisson"
"probability-statistics-hypergeometric-poisson","probability-statistics-hypergeometric-poisson-approximation-and-choosing-a-model","compute","probability-statistics-hypergeometric-poisson-approximation-and-choosing-a-model-compute-production","1","1","1","1","0","0","0","0","1","0","1","2","0","low","math-text","structured","probability-statistics-hypergeometric-poisson-approximation-and-choosing-a-model","false","probability-statistics-hypergeometric-poisson"
"probability-statistics-hypergeometric-poisson","probability-statistics-hypergeometric-poisson-approximation-and-choosing-a-model","interpret","","1","1","0","0","1","1","1","1","0","0","0","0","0","low","tap","structured","probability-statistics-hypergeometric-poisson-approximation-and-choosing-a-model","true","probability-statistics-hypergeometric-poisson"
"probability-statistics-hypergeometric-poisson","probability-statistics-hypergeometric-poisson-approximation-and-choosing-a-model","justify","","2","2","0","0","0","0","2","0","0","2","0","0","0","high","handwriting;math-text;photo","open-reasoning","probability-statistics-hypergeometric-poisson-approximation-and-choosing-a-model","false","probability-statistics-hypergeometric-poisson"
"probability-statistics-hypergeometric-poisson","probability-statistics-hypergeometric-poisson-approximation-and-choosing-a-model","justify","probability-statistics-hypergeometric-poisson-approximation-and-choosing-a-model-justify-reasoning","1","1","1","1","0","0","0","0","0","1","0","0","0","medium","handwriting;math-text;photo","open-reasoning","probability-statistics-hypergeometric-poisson-approximation-and-choosing-a-model","true","probability-statistics-hypergeometric-poisson"
"probability-statistics-hypergeometric-poisson","probability-statistics-hypergeometric-poisson-finite-populations-reduce-count-variance","compute","","8","8","0","0","0","0","8","0","8","0","0","0","0","low","math-text","structured","probability-statistics-hypergeometric-poisson-finite-populations-reduce-count-variance","false","probability-statistics-hypergeometric-poisson"
"probability-statistics-hypergeometric-poisson","probability-statistics-hypergeometric-poisson-finite-populations-reduce-count-variance","compute","probability-statistics-hypergeometric-poisson-finite-populations-reduce-count-variance-compute-production","1","1","1","1","0","0","0","0","1","0","1","2","0","low","math-text","structured","probability-statistics-hypergeometric-poisson-finite-populations-reduce-count-variance","false","probability-statistics-hypergeometric-poisson"
"probability-statistics-hypergeometric-poisson","probability-statistics-hypergeometric-poisson-finite-populations-reduce-count-variance","interpret","","1","1","0","0","1","1","1","1","0","0","0","0","0","low","tap","structured","probability-statistics-hypergeometric-poisson-finite-populations-reduce-count-variance","true","probability-statistics-hypergeometric-poisson"
"probability-statistics-hypergeometric-poisson","probability-statistics-hypergeometric-poisson-finite-populations-reduce-count-variance","justify","","1","1","0","0","0","0","1","0","0","1","0","0","0","high","handwriting;math-text;photo","open-reasoning","probability-statistics-hypergeometric-poisson-finite-populations-reduce-count-variance","true","probability-statistics-hypergeometric-poisson"
"probability-statistics-hypergeometric-poisson","probability-statistics-hypergeometric-poisson-finite-populations-reduce-count-variance","justify","probability-statistics-hypergeometric-poisson-finite-populations-reduce-count-variance-justify-reasoning","1","1","1","1","0","0","0","0","0","1","0","0","0","medium","handwriting;math-text;photo","open-reasoning","probability-statistics-hypergeometric-poisson-finite-populations-reduce-count-variance","true","probability-statistics-hypergeometric-poisson"
"probability-statistics-hypergeometric-poisson","probability-statistics-hypergeometric-poisson-hypergeometric-counts-sample-without-replacement","compute","","8","8","0","0","0","0","8","0","8","0","0","0","0","low","math-text","structured","probability-statistics-hypergeometric-poisson-hypergeometric-counts-sample-without-replacement","false","probability-statistics-hypergeometric-poisson"
"probability-statistics-hypergeometric-poisson","probability-statistics-hypergeometric-poisson-hypergeometric-counts-sample-without-replacement","compute","probability-statistics-hypergeometric-poisson-hypergeometric-counts-sample-without-replacement-compute-production","1","1","1","1","0","0","0","0","1","0","1","3","0","low","math-text","structured","probability-statistics-hypergeometric-poisson-hypergeometric-counts-sample-without-replacement","false","probability-statistics-hypergeometric-poisson"
"probability-statistics-hypergeometric-poisson","probability-statistics-hypergeometric-poisson-hypergeometric-counts-sample-without-replacement","interpret","","1","1","0","0","1","1","1","1","0","0","0","0","0","low","tap","structured","probability-statistics-hypergeometric-poisson-hypergeometric-counts-sample-without-replacement","true","probability-statistics-hypergeometric-poisson"
"probability-statistics-hypergeometric-poisson","probability-statistics-hypergeometric-poisson-hypergeometric-counts-sample-without-replacement","justify","","1","1","0","0","0","0","1","0","0","1","0","0","0","high","handwriting;math-text;photo","open-reasoning","probability-statistics-hypergeometric-poisson-hypergeometric-counts-sample-without-replacement","true","probability-statistics-hypergeometric-poisson"
"probability-statistics-hypergeometric-poisson","probability-statistics-hypergeometric-poisson-hypergeometric-counts-sample-without-replacement","recognize","","1","1","0","0","1","1","1","1","0","0","0","0","0","low","tap","choice","probability-statistics-hypergeometric-poisson-hypergeometric-counts-sample-without-replacement","true","probability-statistics-hypergeometric-poisson"
"probability-statistics-hypergeometric-poisson","probability-statistics-hypergeometric-poisson-poisson-counts-have-an-interval-specific-mean","compute","","8","8","0","0","0","0","8","0","8","0","0","0","0","low","math-text","structured","probability-statistics-hypergeometric-poisson-poisson-counts-have-an-interval-specific-mean","false","probability-statistics-hypergeometric-poisson"
"probability-statistics-hypergeometric-poisson","probability-statistics-hypergeometric-poisson-poisson-counts-have-an-interval-specific-mean","compute","probability-statistics-hypergeometric-poisson-poisson-counts-have-an-interval-specific-mean-compute-production","1","1","1","1","0","0","0","0","1","0","1","3","0","low","math-text","structured","probability-statistics-hypergeometric-poisson-poisson-counts-have-an-interval-specific-mean","false","probability-statistics-hypergeometric-poisson"
"probability-statistics-hypergeometric-poisson","probability-statistics-hypergeometric-poisson-poisson-counts-have-an-interval-specific-mean","interpret","","1","1","0","0","1","1","1","1","0","0","0","0","0","low","tap","structured","probability-statistics-hypergeometric-poisson-poisson-counts-have-an-interval-specific-mean","true","probability-statistics-hypergeometric-poisson"
"probability-statistics-hypergeometric-poisson","probability-statistics-hypergeometric-poisson-poisson-counts-have-an-interval-specific-mean","justify","","1","1","0","0","0","0","1","0","0","1","0","0","0","high","handwriting;math-text;photo","open-reasoning","probability-statistics-hypergeometric-poisson-poisson-counts-have-an-interval-specific-mean","true","probability-statistics-hypergeometric-poisson"
"probability-statistics-hypergeometric-poisson","probability-statistics-hypergeometric-poisson-poisson-counts-have-an-interval-specific-mean","recognize","","1","1","0","0","1","1","1","1","0","0","0","0","0","low","tap","choice","probability-statistics-hypergeometric-poisson-poisson-counts-have-an-interval-specific-mean","true","probability-statistics-hypergeometric-poisson"
"probability-statistics-hypergeometric-poisson","probability-statistics-hypergeometric-poisson-rates-exposure-and-independent-counts","compute","","8","8","0","0","0","0","8","0","8","0","0","0","0","low","math-text","structured","probability-statistics-hypergeometric-poisson-rates-exposure-and-independent-counts","false","probability-statistics-hypergeometric-poisson"
"probability-statistics-hypergeometric-poisson","probability-statistics-hypergeometric-poisson-rates-exposure-and-independent-counts","compute","probability-statistics-hypergeometric-poisson-rates-exposure-and-independent-counts-compute-production","1","1","1","1","0","0","0","0","1","0","1","2","0","low","math-text","structured","probability-statistics-hypergeometric-poisson-rates-exposure-and-independent-counts","false","probability-statistics-hypergeometric-poisson"
"probability-statistics-hypergeometric-poisson","probability-statistics-hypergeometric-poisson-rates-exposure-and-independent-counts","interpret","","1","1","0","0","1","1","1","1","0","0","0","0","0","low","tap","structured","probability-statistics-hypergeometric-poisson-rates-exposure-and-independent-counts","true","probability-statistics-hypergeometric-poisson"
"probability-statistics-hypergeometric-poisson","probability-statistics-hypergeometric-poisson-rates-exposure-and-independent-counts","justify","","1","1","0","0","0","0","1","0","0","1","0","0","0","high","handwriting;math-text;photo","open-reasoning","probability-statistics-hypergeometric-poisson-rates-exposure-and-independent-counts","true","probability-statistics-hypergeometric-poisson"
"probability-statistics-hypergeometric-poisson","probability-statistics-hypergeometric-poisson-rates-exposure-and-independent-counts","justify","probability-statistics-hypergeometric-poisson-rates-exposure-and-independent-counts-justify-reasoning","1","1","1","1","0","0","0","0","0","1","0","0","0","medium","handwriting;math-text;photo","open-reasoning","probability-statistics-hypergeometric-poisson-rates-exposure-and-independent-counts","true","probability-statistics-hypergeometric-poisson"
"probability-statistics-hypothesis-testing","probability-statistics-hypothesis-testing-a-proportion-test-uses-the-null-standard-error","compute","","10","10","0","0","0","0","10","0","10","0","0","0","0","low","math-text","structured","probability-statistics-hypothesis-testing-a-proportion-test-uses-the-null-standard-error","false","probability-statistics-hypothesis-testing"
"probability-statistics-hypothesis-testing","probability-statistics-hypothesis-testing-a-proportion-test-uses-the-null-standard-error","compute","probability-statistics-hypothesis-testing-a-proportion-test-uses-the-null-standard-error-compute-production","1","1","1","1","0","0","0","0","1","0","1","3","0","low","math-text","structured","probability-statistics-hypothesis-testing-a-proportion-test-uses-the-null-standard-error","false","probability-statistics-hypothesis-testing"
"probability-statistics-hypothesis-testing","probability-statistics-hypothesis-testing-a-proportion-test-uses-the-null-standard-error","justify","","1","1","0","0","0","0","1","0","0","1","0","0","0","high","handwriting;math-text;photo","open-reasoning","probability-statistics-hypothesis-testing-a-proportion-test-uses-the-null-standard-error","true","probability-statistics-hypothesis-testing"
"probability-statistics-hypothesis-testing","probability-statistics-hypothesis-testing-a-proportion-test-uses-the-null-standard-error","recognize","","1","1","0","0","1","1","1","1","0","0","0","0","0","low","tap","choice","probability-statistics-hypothesis-testing-a-proportion-test-uses-the-null-standard-error","true","probability-statistics-hypothesis-testing"
"probability-statistics-hypothesis-testing","probability-statistics-hypothesis-testing-errors-power-and-practical-meaning","compute","","11","11","0","0","1","1","11","0","11","0","0","0","0","low","math-text;short-text","structured","probability-statistics-hypothesis-testing-errors-power-and-practical-meaning","false","probability-statistics-hypothesis-testing"
"probability-statistics-hypothesis-testing","probability-statistics-hypothesis-testing-errors-power-and-practical-meaning","compute","probability-statistics-hypothesis-testing-errors-power-and-practical-meaning-compute-production","1","1","1","1","0","0","0","0","1","0","1","2","0","low","math-text","structured","probability-statistics-hypothesis-testing-errors-power-and-practical-meaning","false","probability-statistics-hypothesis-testing"
"probability-statistics-hypothesis-testing","probability-statistics-hypothesis-testing-errors-power-and-practical-meaning","compute","probability-statistics-hypothesis-testing-errors-power-and-practical-meaning-compute-recognition","1","1","1","1","1","1","0","1","0","0","0","0","0","low","tap","structured","probability-statistics-hypothesis-testing-errors-power-and-practical-meaning","true","probability-statistics-hypothesis-testing"
"probability-statistics-hypothesis-testing","probability-statistics-hypothesis-testing-errors-power-and-practical-meaning","justify","","1","1","0","0","0","0","1","0","0","1","0","0","0","high","handwriting;math-text;photo","open-reasoning","probability-statistics-hypothesis-testing-errors-power-and-practical-meaning","true","probability-statistics-hypothesis-testing"
"probability-statistics-hypothesis-testing","probability-statistics-hypothesis-testing-state-a-claim-about-the-population-before-examining-evidence","compute","","5","5","0","0","5","5","5","0","5","0","0","0","0","low","short-text","structured","probability-statistics-hypothesis-testing-state-a-claim-about-the-population-before-examining-evidence","false","probability-statistics-hypothesis-testing"
"probability-statistics-hypothesis-testing","probability-statistics-hypothesis-testing-state-a-claim-about-the-population-before-examining-evidence","compute","probability-statistics-hypothesis-testing-state-a-claim-about-the-population-before-examining-evidence-compute-recognition","1","1","1","1","1","1","0","1","0","0","1","2","0","low","tap","structured","probability-statistics-hypothesis-testing-state-a-claim-about-the-population-before-examining-evidence","false","probability-statistics-hypothesis-testing"
"probability-statistics-hypothesis-testing","probability-statistics-hypothesis-testing-state-a-claim-about-the-population-before-examining-evidence","justify","","3","3","0","0","0","0","3","0","0","3","0","0","0","high","handwriting;math-text;photo","open-reasoning","probability-statistics-hypothesis-testing-state-a-claim-about-the-population-before-examining-evidence","false","probability-statistics-hypothesis-testing"
"probability-statistics-hypothesis-testing","probability-statistics-hypothesis-testing-state-a-claim-about-the-population-before-examining-evidence","justify","probability-statistics-hypothesis-testing-state-a-claim-about-the-population-before-examining-evidence-justify-reasoning","1","1","1","1","0","0","0","0","0","1","0","0","0","medium","handwriting;math-text;photo","open-reasoning","probability-statistics-hypothesis-testing-state-a-claim-about-the-population-before-examining-evidence","true","probability-statistics-hypothesis-testing"
"probability-statistics-hypothesis-testing","probability-statistics-hypothesis-testing-tail-probabilities-under-the-null-model","compute","","10","10","0","0","0","0","10","0","10","0","0","0","0","low","math-text","structured","probability-statistics-hypothesis-testing-tail-probabilities-under-the-null-model","false","probability-statistics-hypothesis-testing"
"probability-statistics-hypothesis-testing","probability-statistics-hypothesis-testing-tail-probabilities-under-the-null-model","compute","probability-statistics-hypothesis-testing-tail-probabilities-under-the-null-model-compute-production","1","1","1","1","0","0","0","0","1","0","1","2","0","low","math-text","structured","probability-statistics-hypothesis-testing-tail-probabilities-under-the-null-model","false","probability-statistics-hypothesis-testing"
"probability-statistics-hypothesis-testing","probability-statistics-hypothesis-testing-tail-probabilities-under-the-null-model","compute","probability-statistics-hypothesis-testing-tail-probabilities-under-the-null-model-compute-recognition","1","1","1","1","1","1","0","1","0","0","0","0","0","low","tap","structured","probability-statistics-hypothesis-testing-tail-probabilities-under-the-null-model","true","probability-statistics-hypothesis-testing"
"probability-statistics-hypothesis-testing","probability-statistics-hypothesis-testing-tail-probabilities-under-the-null-model","justify","","1","1","0","0","0","0","1","0","0","1","0","0","0","high","handwriting;math-text;photo","open-reasoning","probability-statistics-hypothesis-testing-tail-probabilities-under-the-null-model","true","probability-statistics-hypothesis-testing"
"probability-statistics-hypothesis-testing","probability-statistics-hypothesis-testing-tail-probabilities-under-the-null-model","recognize","","1","1","0","0","1","1","1","1","0","0","0","0","0","low","tap","choice","probability-statistics-hypothesis-testing-tail-probabilities-under-the-null-model","true","probability-statistics-hypothesis-testing"
"probability-statistics-hypothesis-testing","probability-statistics-hypothesis-testing-tests-for-a-single-population-mean","compute","","10","10","0","0","0","0","10","0","10","0","0","0","0","low","math-text","structured","probability-statistics-hypothesis-testing-tests-for-a-single-population-mean","false","probability-statistics-hypothesis-testing"
"probability-statistics-hypothesis-testing","probability-statistics-hypothesis-testing-tests-for-a-single-population-mean","compute","probability-statistics-hypothesis-testing-tests-for-a-single-population-mean-compute-production","1","1","1","1","0","0","0","0","1","0","1","3","0","low","math-text","structured","probability-statistics-hypothesis-testing-tests-for-a-single-population-mean","false","probability-statistics-hypothesis-testing"
"probability-statistics-joint-conditional-distributions","probability-statistics-joint-conditional-distributions-a-joint-density-assigns-probability-to-regions","compute","","9","9","0","0","0","0","9","0","9","0","0","0","0","low","math-text","structured","probability-statistics-joint-conditional-distributions-a-joint-density-assigns-probability-to-regions","false","probability-statistics-joint-conditional-distributions"
"probability-statistics-joint-conditional-distributions","probability-statistics-joint-conditional-distributions-a-joint-density-assigns-probability-to-regions","compute","probability-statistics-joint-conditional-distributions-a-joint-density-assigns-probability-to-regions-compute-production","1","1","1","1","0","0","0","0","1","0","1","3","0","low","math-text","structured","probability-statistics-joint-conditional-distributions-a-joint-density-assigns-probability-to-regions","false","probability-statistics-joint-conditional-distributions"
"probability-statistics-joint-conditional-distributions","probability-statistics-joint-conditional-distributions-a-joint-density-assigns-probability-to-regions","justify","","1","1","0","0","0","0","1","0","0","1","0","0","0","high","handwriting;math-text;photo","open-reasoning","probability-statistics-joint-conditional-distributions-a-joint-density-assigns-probability-to-regions","true","probability-statistics-joint-conditional-distributions"
"probability-statistics-joint-conditional-distributions","probability-statistics-joint-conditional-distributions-a-joint-table-retains-how-variables-occur-together","compute","","8","8","0","0","0","0","8","0","8","0","0","0","0","low","math-text","structured","probability-statistics-joint-conditional-distributions-a-joint-table-retains-how-variables-occur-together","false","probability-statistics-joint-conditional-distributions"
"probability-statistics-joint-conditional-distributions","probability-statistics-joint-conditional-distributions-a-joint-table-retains-how-variables-occur-together","compute","probability-statistics-joint-conditional-distributions-a-joint-table-retains-how-variables-occur-together-compute-production","1","1","1","1","0","0","0","0","1","0","1","3","0","low","math-text","structured","probability-statistics-joint-conditional-distributions-a-joint-table-retains-how-variables-occur-together","false","probability-statistics-joint-conditional-distributions"
"probability-statistics-joint-conditional-distributions","probability-statistics-joint-conditional-distributions-a-joint-table-retains-how-variables-occur-together","construct","","1","1","0","0","0","0","1","0","1","0","0","0","0","high","handwriting;math-text;photo","open-reasoning","probability-statistics-joint-conditional-distributions-a-joint-table-retains-how-variables-occur-together","true","probability-statistics-joint-conditional-distributions"
"probability-statistics-joint-conditional-distributions","probability-statistics-joint-conditional-distributions-a-joint-table-retains-how-variables-occur-together","justify","","1","1","0","0","0","0","1","0","0","1","0","0","0","high","handwriting;math-text;photo","open-reasoning","probability-statistics-joint-conditional-distributions-a-joint-table-retains-how-variables-occur-together","true","probability-statistics-joint-conditional-distributions"
"probability-statistics-joint-conditional-distributions","probability-statistics-joint-conditional-distributions-check-the-whole-joint-model","compute","","5","5","0","0","0","0","5","0","5","0","0","0","0","low","math-text","structured","probability-statistics-joint-conditional-distributions-check-the-whole-joint-model","false","probability-statistics-joint-conditional-distributions"
"probability-statistics-joint-conditional-distributions","probability-statistics-joint-conditional-distributions-check-the-whole-joint-model","compute","probability-statistics-joint-conditional-distributions-check-the-whole-joint-model-compute-production","1","1","1","1","0","0","0","0","1","0","1","3","0","low","math-text","structured","probability-statistics-joint-conditional-distributions-check-the-whole-joint-model","false","probability-statistics-joint-conditional-distributions"
"probability-statistics-joint-conditional-distributions","probability-statistics-joint-conditional-distributions-check-the-whole-joint-model","interpret","","3","3","0","0","3","3","3","3","0","0","0","0","0","low","tap","structured","probability-statistics-joint-conditional-distributions-check-the-whole-joint-model","false","probability-statistics-joint-conditional-distributions"
"probability-statistics-joint-conditional-distributions","probability-statistics-joint-conditional-distributions-check-the-whole-joint-model","justify","","1","1","0","0","0","0","1","0","0","1","0","0","0","high","handwriting;math-text;photo","open-reasoning","probability-statistics-joint-conditional-distributions-check-the-whole-joint-model","true","probability-statistics-joint-conditional-distributions"
"probability-statistics-joint-conditional-distributions","probability-statistics-joint-conditional-distributions-check-the-whole-joint-model","prove","","1","1","0","0","0","0","1","0","0","1","0","0","0","high","handwriting;math-text;photo","open-reasoning","probability-statistics-joint-conditional-distributions-check-the-whole-joint-model","true","probability-statistics-joint-conditional-distributions"
"probability-statistics-joint-conditional-distributions","probability-statistics-joint-conditional-distributions-check-the-whole-joint-model","recognize","","1","1","0","0","1","1","1","1","0","0","0","0","0","low","tap","choice","probability-statistics-joint-conditional-distributions-check-the-whole-joint-model","true","probability-statistics-joint-conditional-distributions"
"probability-statistics-joint-conditional-distributions","probability-statistics-joint-conditional-distributions-condition-a-table-and-test-independence","compute","","7","7","0","0","0","0","7","0","7","0","0","0","0","low","math-text","structured","probability-statistics-joint-conditional-distributions-condition-a-table-and-test-independence","false","probability-statistics-joint-conditional-distributions"
"probability-statistics-joint-conditional-distributions","probability-statistics-joint-conditional-distributions-condition-a-table-and-test-independence","compute","probability-statistics-joint-conditional-distributions-condition-a-table-and-test-independence-compute-production","1","1","1","1","0","0","0","0","1","0","1","3","0","low","math-text","structured","probability-statistics-joint-conditional-distributions-condition-a-table-and-test-independence","false","probability-statistics-joint-conditional-distributions"
"probability-statistics-joint-conditional-distributions","probability-statistics-joint-conditional-distributions-condition-a-table-and-test-independence","interpret","","1","1","0","0","1","1","1","1","0","0","0","0","0","low","tap","structured","probability-statistics-joint-conditional-distributions-condition-a-table-and-test-independence","true","probability-statistics-joint-conditional-distributions"
"probability-statistics-joint-conditional-distributions","probability-statistics-joint-conditional-distributions-condition-a-table-and-test-independence","justify","","1","1","0","0","0","0","1","0","0","1","0","0","0","high","handwriting;math-text;photo","open-reasoning","probability-statistics-joint-conditional-distributions-condition-a-table-and-test-independence","true","probability-statistics-joint-conditional-distributions"
"probability-statistics-joint-conditional-distributions","probability-statistics-joint-conditional-distributions-condition-a-table-and-test-independence","prove","","1","1","0","0","0","0","1","0","0","1","0","0","0","high","handwriting;math-text;photo","open-reasoning","probability-statistics-joint-conditional-distributions-condition-a-table-and-test-independence","true","probability-statistics-joint-conditional-distributions"
"probability-statistics-joint-conditional-distributions","probability-statistics-joint-conditional-distributions-condition-a-table-and-test-independence","recognize","","1","1","0","0","1","1","1","1","0","0","0","0","0","low","tap","choice","probability-statistics-joint-conditional-distributions-condition-a-table-and-test-independence","true","probability-statistics-joint-conditional-distributions"
"probability-statistics-joint-conditional-distributions","probability-statistics-joint-conditional-distributions-condition-continuous-variables-using-densities","compute","","9","9","0","0","0","0","9","0","9","0","0","0","0","low","math-text","structured","probability-statistics-joint-conditional-distributions-condition-continuous-variables-using-densities","false","probability-statistics-joint-conditional-distributions"
"probability-statistics-joint-conditional-distributions","probability-statistics-joint-conditional-distributions-condition-continuous-variables-using-densities","compute","probability-statistics-joint-conditional-distributions-condition-continuous-variables-using-densities-compute-production","1","1","1","1","0","0","0","0","1","0","1","3","0","low","math-text","structured","probability-statistics-joint-conditional-distributions-condition-continuous-variables-using-densities","false","probability-statistics-joint-conditional-distributions"
"probability-statistics-joint-conditional-distributions","probability-statistics-joint-conditional-distributions-condition-continuous-variables-using-densities","justify","","1","1","0","0","0","0","1","0","0","1","0","0","0","high","handwriting;math-text;photo","open-reasoning","probability-statistics-joint-conditional-distributions-condition-continuous-variables-using-densities","true","probability-statistics-joint-conditional-distributions"
"probability-statistics-laws-large-numbers-central-limit-theorem","probability-statistics-laws-large-numbers-central-limit-theorem-a-statistic-has-a-sampling-distribution","compute","","7","7","0","0","0","0","7","0","7","0","0","0","0","low","math-text","structured","probability-statistics-laws-large-numbers-central-limit-theorem-a-statistic-has-a-sampling-distribution","false","probability-statistics-laws-large-numbers-central-limit-theorem"
"probability-statistics-laws-large-numbers-central-limit-theorem","probability-statistics-laws-large-numbers-central-limit-theorem-a-statistic-has-a-sampling-distribution","compute","probability-statistics-laws-large-numbers-central-limit-theorem-a-statistic-has-a-sampling-distribution-compute-production","1","1","1","1","0","0","0","0","1","0","1","3","0","low","math-text","structured","probability-statistics-laws-large-numbers-central-limit-theorem-a-statistic-has-a-sampling-distribution","false","probability-statistics-laws-large-numbers-central-limit-theorem"
"probability-statistics-laws-large-numbers-central-limit-theorem","probability-statistics-laws-large-numbers-central-limit-theorem-a-statistic-has-a-sampling-distribution","interpret","","1","1","0","0","1","1","1","1","0","0","0","0","0","low","tap","structured","probability-statistics-laws-large-numbers-central-limit-theorem-a-statistic-has-a-sampling-distribution","true","probability-statistics-laws-large-numbers-central-limit-theorem"
"probability-statistics-laws-large-numbers-central-limit-theorem","probability-statistics-laws-large-numbers-central-limit-theorem-a-statistic-has-a-sampling-distribution","justify","","1","1","0","0","0","0","1","0","0","1","0","0","0","high","handwriting;math-text;photo","open-reasoning","probability-statistics-laws-large-numbers-central-limit-theorem-a-statistic-has-a-sampling-distribution","true","probability-statistics-laws-large-numbers-central-limit-theorem"
"probability-statistics-laws-large-numbers-central-limit-theorem","probability-statistics-laws-large-numbers-central-limit-theorem-a-statistic-has-a-sampling-distribution","prove","","1","1","0","0","0","0","1","0","0","1","0","0","0","high","handwriting;math-text;photo","open-reasoning","probability-statistics-laws-large-numbers-central-limit-theorem-a-statistic-has-a-sampling-distribution","true","probability-statistics-laws-large-numbers-central-limit-theorem"
"probability-statistics-laws-large-numbers-central-limit-theorem","probability-statistics-laws-large-numbers-central-limit-theorem-approximate-probabilities-for-means-sums-and-proportions","compute","","9","9","0","0","0","0","9","0","9","0","0","0","0","low","math-text","structured","probability-statistics-laws-large-numbers-central-limit-theorem-approximate-probabilities-for-means-sums-and-proportions","false","probability-statistics-laws-large-numbers-central-limit-theorem"
"probability-statistics-laws-large-numbers-central-limit-theorem","probability-statistics-laws-large-numbers-central-limit-theorem-approximate-probabilities-for-means-sums-and-proportions","compute","probability-statistics-laws-large-numbers-central-limit-theorem-approximate-probabilities-for-means-sums-and-proportions-compute-production","1","1","1","1","0","0","0","0","1","0","1","3","0","low","math-text","structured","probability-statistics-laws-large-numbers-central-limit-theorem-approximate-probabilities-for-means-sums-and-proportions","false","probability-statistics-laws-large-numbers-central-limit-theorem"
"probability-statistics-laws-large-numbers-central-limit-theorem","probability-statistics-laws-large-numbers-central-limit-theorem-approximate-probabilities-for-means-sums-and-proportions","justify","","1","1","0","0","0","0","1","0","0","1","0","0","0","high","handwriting;math-text;photo","open-reasoning","probability-statistics-laws-large-numbers-central-limit-theorem-approximate-probabilities-for-means-sums-and-proportions","true","probability-statistics-laws-large-numbers-central-limit-theorem"
"probability-statistics-laws-large-numbers-central-limit-theorem","probability-statistics-laws-large-numbers-central-limit-theorem-check-dependence-precision-and-the-limits-of-asymptotics","compute","","7","7","0","0","0","0","7","0","7","0","0","0","0","low","math-text","structured","probability-statistics-laws-large-numbers-central-limit-theorem-check-dependence-precision-and-the-limits-of-asymptotics","false","probability-statistics-laws-large-numbers-central-limit-theorem"
"probability-statistics-laws-large-numbers-central-limit-theorem","probability-statistics-laws-large-numbers-central-limit-theorem-check-dependence-precision-and-the-limits-of-asymptotics","compute","probability-statistics-laws-large-numbers-central-limit-theorem-check-dependence-precision-and-the-limits-of-asymptotics-compute-production","1","1","1","1","0","0","0","0","1","0","1","3","0","low","math-text","structured","probability-statistics-laws-large-numbers-central-limit-theorem-check-dependence-precision-and-the-limits-of-asymptotics","false","probability-statistics-laws-large-numbers-central-limit-theorem"
"probability-statistics-laws-large-numbers-central-limit-theorem","probability-statistics-laws-large-numbers-central-limit-theorem-check-dependence-precision-and-the-limits-of-asymptotics","interpret","","1","1","0","0","1","1","1","1","0","0","0","0","0","low","tap","structured","probability-statistics-laws-large-numbers-central-limit-theorem-check-dependence-precision-and-the-limits-of-asymptotics","true","probability-statistics-laws-large-numbers-central-limit-theorem"
"probability-statistics-laws-large-numbers-central-limit-theorem","probability-statistics-laws-large-numbers-central-limit-theorem-check-dependence-precision-and-the-limits-of-asymptotics","justify","","2","2","0","0","0","0","2","0","0","2","0","0","0","high","handwriting;math-text;photo","open-reasoning","probability-statistics-laws-large-numbers-central-limit-theorem-check-dependence-precision-and-the-limits-of-asymptotics","false","probability-statistics-laws-large-numbers-central-limit-theorem"
"probability-statistics-laws-large-numbers-central-limit-theorem","probability-statistics-laws-large-numbers-central-limit-theorem-check-dependence-precision-and-the-limits-of-asymptotics","recognize","","1","1","0","0","1","1","1","1","0","0","0","0","0","low","tap","choice","probability-statistics-laws-large-numbers-central-limit-theorem-check-dependence-precision-and-the-limits-of-asymptotics","true","probability-statistics-laws-large-numbers-central-limit-theorem"
"probability-statistics-laws-large-numbers-central-limit-theorem","probability-statistics-laws-large-numbers-central-limit-theorem-the-central-limit-theorem-describes-standardized-fluctuations","compute","","6","6","0","0","0","0","6","0","6","0","0","0","0","low","math-text","structured","probability-statistics-laws-large-numbers-central-limit-theorem-the-central-limit-theorem-describes-standardized-fluctuations","false","probability-statistics-laws-large-numbers-central-limit-theorem"
"probability-statistics-laws-large-numbers-central-limit-theorem","probability-statistics-laws-large-numbers-central-limit-theorem-the-central-limit-theorem-describes-standardized-fluctuations","compute","probability-statistics-laws-large-numbers-central-limit-theorem-the-central-limit-theorem-describes-standardized-fluctuations-compute-production","1","1","1","1","0","0","0","0","1","0","1","2","0","low","math-text","structured","probability-statistics-laws-large-numbers-central-limit-theorem-the-central-limit-theorem-describes-standardized-fluctuations","false","probability-statistics-laws-large-numbers-central-limit-theorem"
"probability-statistics-laws-large-numbers-central-limit-theorem","probability-statistics-laws-large-numbers-central-limit-theorem-the-central-limit-theorem-describes-standardized-fluctuations","interpret","","2","2","0","0","2","2","2","2","0","0","0","0","0","low","tap","structured","probability-statistics-laws-large-numbers-central-limit-theorem-the-central-limit-theorem-describes-standardized-fluctuations","false","probability-statistics-laws-large-numbers-central-limit-theorem"
"probability-statistics-laws-large-numbers-central-limit-theorem","probability-statistics-laws-large-numbers-central-limit-theorem-the-central-limit-theorem-describes-standardized-fluctuations","interpret","probability-statistics-laws-large-numbers-central-limit-theorem-the-central-limit-theorem-describes-standardized-fluctuations-interpret-recognition","1","1","1","1","1","1","0","1","0","0","0","0","0","low","tap","structured","probability-statistics-laws-large-numbers-central-limit-theorem-the-central-limit-theorem-describes-standardized-fluctuations","true","probability-statistics-laws-large-numbers-central-limit-theorem"
"probability-statistics-laws-large-numbers-central-limit-theorem","probability-statistics-laws-large-numbers-central-limit-theorem-the-central-limit-theorem-describes-standardized-fluctuations","justify","","2","2","0","0","0","0","2","0","0","2","0","0","0","high","handwriting;math-text;photo","open-reasoning","probability-statistics-laws-large-numbers-central-limit-theorem-the-central-limit-theorem-describes-standardized-fluctuations","false","probability-statistics-laws-large-numbers-central-limit-theorem"
"probability-statistics-laws-large-numbers-central-limit-theorem","probability-statistics-laws-large-numbers-central-limit-theorem-the-law-of-large-numbers-concerns-concentration","compute","","7","7","0","0","0","0","7","0","7","0","0","0","0","low","math-text","structured","probability-statistics-laws-large-numbers-central-limit-theorem-the-law-of-large-numbers-concerns-concentration","false","probability-statistics-laws-large-numbers-central-limit-theorem"
"probability-statistics-laws-large-numbers-central-limit-theorem","probability-statistics-laws-large-numbers-central-limit-theorem-the-law-of-large-numbers-concerns-concentration","compute","probability-statistics-laws-large-numbers-central-limit-theorem-the-law-of-large-numbers-concerns-concentration-compute-production","1","1","1","1","0","0","0","0","1","0","1","2","0","low","math-text","structured","probability-statistics-laws-large-numbers-central-limit-theorem-the-law-of-large-numbers-concerns-concentration","false","probability-statistics-laws-large-numbers-central-limit-theorem"
"probability-statistics-laws-large-numbers-central-limit-theorem","probability-statistics-laws-large-numbers-central-limit-theorem-the-law-of-large-numbers-concerns-concentration","interpret","","1","1","0","0","1","1","1","1","0","0","0","0","0","low","tap","structured","probability-statistics-laws-large-numbers-central-limit-theorem-the-law-of-large-numbers-concerns-concentration","true","probability-statistics-laws-large-numbers-central-limit-theorem"
"probability-statistics-laws-large-numbers-central-limit-theorem","probability-statistics-laws-large-numbers-central-limit-theorem-the-law-of-large-numbers-concerns-concentration","interpret","probability-statistics-laws-large-numbers-central-limit-theorem-the-law-of-large-numbers-concerns-concentration-interpret-recognition","1","1","1","1","1","1","0","1","0","0","0","0","0","low","tap","structured","probability-statistics-laws-large-numbers-central-limit-theorem-the-law-of-large-numbers-concerns-concentration","true","probability-statistics-laws-large-numbers-central-limit-theorem"
"probability-statistics-laws-large-numbers-central-limit-theorem","probability-statistics-laws-large-numbers-central-limit-theorem-the-law-of-large-numbers-concerns-concentration","justify","","1","1","0","0","0","0","1","0","0","1","0","0","0","high","handwriting;math-text;photo","open-reasoning","probability-statistics-laws-large-numbers-central-limit-theorem-the-law-of-large-numbers-concerns-concentration","true","probability-statistics-laws-large-numbers-central-limit-theorem"
"probability-statistics-laws-large-numbers-central-limit-theorem","probability-statistics-laws-large-numbers-central-limit-theorem-the-law-of-large-numbers-concerns-concentration","prove","","1","1","0","0","0","0","1","0","0","1","0","0","0","high","handwriting;math-text;photo","open-reasoning","probability-statistics-laws-large-numbers-central-limit-theorem-the-law-of-large-numbers-concerns-concentration","true","probability-statistics-laws-large-numbers-central-limit-theorem"
"probability-statistics-laws-large-numbers-central-limit-theorem","probability-statistics-laws-large-numbers-central-limit-theorem-the-law-of-large-numbers-concerns-concentration","recognize","","1","1","0","0","1","1","1","1","0","0","0","0","0","low","tap","choice","probability-statistics-laws-large-numbers-central-limit-theorem-the-law-of-large-numbers-concerns-concentration","true","probability-statistics-laws-large-numbers-central-limit-theorem"
"probability-statistics-normal-distributions-transformations","probability-statistics-normal-distributions-transformations-account-for-branches-and-point-masses","compute","","8","8","0","0","0","0","8","0","8","0","0","0","0","low","math-text","structured","probability-statistics-normal-distributions-transformations-account-for-branches-and-point-masses","false","probability-statistics-normal-distributions-transformations"
"probability-statistics-normal-distributions-transformations","probability-statistics-normal-distributions-transformations-account-for-branches-and-point-masses","compute","probability-statistics-normal-distributions-transformations-account-for-branches-and-point-masses-compute-production","1","1","1","1","0","0","0","0","1","0","1","3","0","low","math-text","structured","probability-statistics-normal-distributions-transformations-account-for-branches-and-point-masses","false","probability-statistics-normal-distributions-transformations"
"probability-statistics-normal-distributions-transformations","probability-statistics-normal-distributions-transformations-account-for-branches-and-point-masses","interpret","","1","1","0","0","1","1","1","1","0","0","0","0","0","low","tap","structured","probability-statistics-normal-distributions-transformations-account-for-branches-and-point-masses","true","probability-statistics-normal-distributions-transformations"
"probability-statistics-normal-distributions-transformations","probability-statistics-normal-distributions-transformations-account-for-branches-and-point-masses","justify","","1","1","0","0","0","0","1","0","0","1","0","0","0","high","handwriting;math-text;photo","open-reasoning","probability-statistics-normal-distributions-transformations-account-for-branches-and-point-masses","true","probability-statistics-normal-distributions-transformations"
"probability-statistics-normal-distributions-transformations","probability-statistics-normal-distributions-transformations-account-for-branches-and-point-masses","recognize","","1","1","0","0","1","1","1","1","0","0","0","0","0","low","tap","choice","probability-statistics-normal-distributions-transformations-account-for-branches-and-point-masses","true","probability-statistics-normal-distributions-transformations"
"probability-statistics-normal-distributions-transformations","probability-statistics-normal-distributions-transformations-normal-models-have-a-location-and-a-scale","compute","","7","7","0","0","0","0","7","0","7","0","0","0","0","low","math-text","structured","probability-statistics-normal-distributions-transformations-normal-models-have-a-location-and-a-scale","false","probability-statistics-normal-distributions-transformations"
"probability-statistics-normal-distributions-transformations","probability-statistics-normal-distributions-transformations-normal-models-have-a-location-and-a-scale","compute","probability-statistics-normal-distributions-transformations-normal-models-have-a-location-and-a-scale-compute-production","1","1","1","1","0","0","0","0","1","0","1","3","0","low","math-text","structured","probability-statistics-normal-distributions-transformations-normal-models-have-a-location-and-a-scale","false","probability-statistics-normal-distributions-transformations"
"probability-statistics-normal-distributions-transformations","probability-statistics-normal-distributions-transformations-normal-models-have-a-location-and-a-scale","interpret","","1","1","0","0","1","1","1","1","0","0","0","0","0","low","tap","structured","probability-statistics-normal-distributions-transformations-normal-models-have-a-location-and-a-scale","true","probability-statistics-normal-distributions-transformations"
"probability-statistics-normal-distributions-transformations","probability-statistics-normal-distributions-transformations-normal-models-have-a-location-and-a-scale","justify","","2","2","0","0","0","0","2","0","0","2","0","0","0","high","handwriting;math-text;photo","open-reasoning","probability-statistics-normal-distributions-transformations-normal-models-have-a-location-and-a-scale","false","probability-statistics-normal-distributions-transformations"
"probability-statistics-normal-distributions-transformations","probability-statistics-normal-distributions-transformations-quantiles-and-affine-changes-of-units","compute","","8","8","0","0","0","0","8","0","8","0","0","0","0","low","math-text","structured","probability-statistics-normal-distributions-transformations-quantiles-and-affine-changes-of-units","false","probability-statistics-normal-distributions-transformations"
"probability-statistics-normal-distributions-transformations","probability-statistics-normal-distributions-transformations-quantiles-and-affine-changes-of-units","compute","probability-statistics-normal-distributions-transformations-quantiles-and-affine-changes-of-units-compute-production","1","1","1","1","0","0","0","0","1","0","1","3","0","low","math-text","structured","probability-statistics-normal-distributions-transformations-quantiles-and-affine-changes-of-units","false","probability-statistics-normal-distributions-transformations"
"probability-statistics-normal-distributions-transformations","probability-statistics-normal-distributions-transformations-quantiles-and-affine-changes-of-units","interpret","","1","1","0","0","1","1","1","1","0","0","0","0","0","low","tap","structured","probability-statistics-normal-distributions-transformations-quantiles-and-affine-changes-of-units","true","probability-statistics-normal-distributions-transformations"
"probability-statistics-normal-distributions-transformations","probability-statistics-normal-distributions-transformations-quantiles-and-affine-changes-of-units","justify","","1","1","0","0","0","0","1","0","0","1","0","0","0","high","handwriting;math-text;photo","open-reasoning","probability-statistics-normal-distributions-transformations-quantiles-and-affine-changes-of-units","true","probability-statistics-normal-distributions-transformations"
"probability-statistics-normal-distributions-transformations","probability-statistics-normal-distributions-transformations-transform-a-distribution-through-its-cdf","compute","","8","8","0","0","0","0","8","0","8","0","0","0","0","low","math-text","structured","probability-statistics-normal-distributions-transformations-transform-a-distribution-through-its-cdf","false","probability-statistics-normal-distributions-transformations"
"probability-statistics-normal-distributions-transformations","probability-statistics-normal-distributions-transformations-transform-a-distribution-through-its-cdf","compute","probability-statistics-normal-distributions-transformations-transform-a-distribution-through-its-cdf-compute-production","1","1","1","1","0","0","0","0","1","0","1","3","0","low","math-text","structured","probability-statistics-normal-distributions-transformations-transform-a-distribution-through-its-cdf","false","probability-statistics-normal-distributions-transformations"
"probability-statistics-normal-distributions-transformations","probability-statistics-normal-distributions-transformations-transform-a-distribution-through-its-cdf","justify","","2","2","0","0","0","0","2","0","0","2","0","0","0","high","handwriting;math-text;photo","open-reasoning","probability-statistics-normal-distributions-transformations-transform-a-distribution-through-its-cdf","false","probability-statistics-normal-distributions-transformations"
"probability-statistics-normal-distributions-transformations","probability-statistics-normal-distributions-transformations-use-the-normal-cdf-without-confusing-tails","compute","","8","8","0","0","0","0","8","0","8","0","0","0","0","low","math-text","structured","probability-statistics-normal-distributions-transformations-use-the-normal-cdf-without-confusing-tails","false","probability-statistics-normal-distributions-transformations"
"probability-statistics-normal-distributions-transformations","probability-statistics-normal-distributions-transformations-use-the-normal-cdf-without-confusing-tails","compute","probability-statistics-normal-distributions-transformations-use-the-normal-cdf-without-confusing-tails-compute-production","1","1","1","1","0","0","0","0","1","0","1","3","0","low","math-text","structured","probability-statistics-normal-distributions-transformations-use-the-normal-cdf-without-confusing-tails","false","probability-statistics-normal-distributions-transformations"
"probability-statistics-normal-distributions-transformations","probability-statistics-normal-distributions-transformations-use-the-normal-cdf-without-confusing-tails","interpret","","1","1","0","0","1","1","1","1","0","0","0","0","0","low","tap","structured","probability-statistics-normal-distributions-transformations-use-the-normal-cdf-without-confusing-tails","true","probability-statistics-normal-distributions-transformations"
"probability-statistics-normal-distributions-transformations","probability-statistics-normal-distributions-transformations-use-the-normal-cdf-without-confusing-tails","justify","","1","1","0","0","0","0","1","0","0","1","0","0","0","high","handwriting;math-text;photo","open-reasoning","probability-statistics-normal-distributions-transformations-use-the-normal-cdf-without-confusing-tails","true","probability-statistics-normal-distributions-transformations"
"probability-statistics-normal-distributions-transformations","probability-statistics-normal-distributions-transformations-use-the-normal-cdf-without-confusing-tails","recognize","","1","1","0","0","1","1","1","1","0","0","0","0","0","low","tap","choice","probability-statistics-normal-distributions-transformations-use-the-normal-cdf-without-confusing-tails","true","probability-statistics-normal-distributions-transformations"
"probability-statistics-probability-models-events","probability-statistics-probability-models-events-build-and-audit-a-complete-event-model","compute","","7","7","0","0","0","0","7","0","7","0","0","0","0","low","math-text","structured","probability-statistics-probability-models-events-build-and-audit-a-complete-event-model","false","probability-statistics-probability-models-events"
"probability-statistics-probability-models-events","probability-statistics-probability-models-events-build-and-audit-a-complete-event-model","compute","probability-statistics-probability-models-events-build-and-audit-a-complete-event-model-compute-production","1","1","1","1","0","0","0","0","1","0","1","2","0","low","math-text","structured","probability-statistics-probability-models-events-build-and-audit-a-complete-event-model","false","probability-statistics-probability-models-events"
"probability-statistics-probability-models-events","probability-statistics-probability-models-events-build-and-audit-a-complete-event-model","interpret","","1","1","0","0","1","1","1","1","0","0","0","0","0","low","tap","structured","probability-statistics-probability-models-events-build-and-audit-a-complete-event-model","true","probability-statistics-probability-models-events"
"probability-statistics-probability-models-events","probability-statistics-probability-models-events-build-and-audit-a-complete-event-model","justify","","2","2","0","0","0","0","2","0","0","2","0","0","0","high","handwriting;math-text;photo","open-reasoning","probability-statistics-probability-models-events-build-and-audit-a-complete-event-model","false","probability-statistics-probability-models-events"
"probability-statistics-probability-models-events","probability-statistics-probability-models-events-build-and-audit-a-complete-event-model","justify","probability-statistics-probability-models-events-build-and-audit-a-complete-event-model-justify-reasoning","1","1","1","1","0","0","0","0","0","1","0","0","0","medium","handwriting;math-text;photo","open-reasoning","probability-statistics-probability-models-events-build-and-audit-a-complete-event-model","true","probability-statistics-probability-models-events"
"probability-statistics-probability-models-events","probability-statistics-probability-models-events-complements-overlap-and-bounds","compute","","8","8","0","0","0","0","8","0","8","0","0","0","0","low","math-text","structured","probability-statistics-probability-models-events-complements-overlap-and-bounds","false","probability-statistics-probability-models-events"
"probability-statistics-probability-models-events","probability-statistics-probability-models-events-complements-overlap-and-bounds","compute","probability-statistics-probability-models-events-complements-overlap-and-bounds-compute-production","1","1","1","1","0","0","0","0","1","0","1","3","0","low","math-text","structured","probability-statistics-probability-models-events-complements-overlap-and-bounds","false","probability-statistics-probability-models-events"
"probability-statistics-probability-models-events","probability-statistics-probability-models-events-complements-overlap-and-bounds","interpret","","1","1","0","0","1","1","1","1","0","0","0","0","0","low","tap","structured","probability-statistics-probability-models-events-complements-overlap-and-bounds","true","probability-statistics-probability-models-events"
"probability-statistics-probability-models-events","probability-statistics-probability-models-events-complements-overlap-and-bounds","prove","","1","1","0","0","0","0","1","0","0","1","0","0","0","high","handwriting;math-text;photo","open-reasoning","probability-statistics-probability-models-events-complements-overlap-and-bounds","true","probability-statistics-probability-models-events"
"probability-statistics-probability-models-events","probability-statistics-probability-models-events-complements-overlap-and-bounds","recognize","","1","1","0","0","1","1","1","1","0","0","0","0","0","low","tap","choice","probability-statistics-probability-models-events-complements-overlap-and-bounds","true","probability-statistics-probability-models-events"
"probability-statistics-probability-models-events","probability-statistics-probability-models-events-probability-weights-and-the-axioms","compute","","6","6","0","0","0","0","6","0","6","0","0","0","0","low","math-text","structured","probability-statistics-probability-models-events-probability-weights-and-the-axioms","false","probability-statistics-probability-models-events"
"probability-statistics-probability-models-events","probability-statistics-probability-models-events-probability-weights-and-the-axioms","compute","probability-statistics-probability-models-events-probability-weights-and-the-axioms-compute-production","1","1","1","1","0","0","0","0","1","0","1","2","0","low","math-text","structured","probability-statistics-probability-models-events-probability-weights-and-the-axioms","false","probability-statistics-probability-models-events"
"probability-statistics-probability-models-events","probability-statistics-probability-models-events-probability-weights-and-the-axioms","interpret","","2","2","0","0","2","2","2","2","0","0","0","0","0","low","tap","structured","probability-statistics-probability-models-events-probability-weights-and-the-axioms","false","probability-statistics-probability-models-events"
"probability-statistics-probability-models-events","probability-statistics-probability-models-events-probability-weights-and-the-axioms","interpret","probability-statistics-probability-models-events-probability-weights-and-the-axioms-interpret-recognition","1","1","1","1","1","1","0","1","0","0","0","0","0","low","tap","structured","probability-statistics-probability-models-events-probability-weights-and-the-axioms","true","probability-statistics-probability-models-events"
"probability-statistics-probability-models-events","probability-statistics-probability-models-events-probability-weights-and-the-axioms","justify","","1","1","0","0","0","0","1","0","0","1","0","0","0","high","handwriting;math-text;photo","open-reasoning","probability-statistics-probability-models-events-probability-weights-and-the-axioms","true","probability-statistics-probability-models-events"
"probability-statistics-probability-models-events","probability-statistics-probability-models-events-probability-weights-and-the-axioms","prove","","1","1","0","0","0","0","1","0","0","1","0","0","0","high","handwriting;math-text;photo","open-reasoning","probability-statistics-probability-models-events-probability-weights-and-the-axioms","true","probability-statistics-probability-models-events"
"probability-statistics-probability-models-events","probability-statistics-probability-models-events-specify-the-experiment-before-calculating","compute","","7","7","0","0","0","0","7","0","7","0","0","0","0","low","math-text","structured","probability-statistics-probability-models-events-specify-the-experiment-before-calculating","false","probability-statistics-probability-models-events"
"probability-statistics-probability-models-events","probability-statistics-probability-models-events-specify-the-experiment-before-calculating","compute","probability-statistics-probability-models-events-specify-the-experiment-before-calculating-compute-production","1","1","1","1","0","0","0","0","1","0","1","2","0","low","math-text","structured","probability-statistics-probability-models-events-specify-the-experiment-before-calculating","false","probability-statistics-probability-models-events"
"probability-statistics-probability-models-events","probability-statistics-probability-models-events-specify-the-experiment-before-calculating","interpret","","1","1","0","0","1","1","1","1","0","0","0","0","0","low","tap","structured","probability-statistics-probability-models-events-specify-the-experiment-before-calculating","true","probability-statistics-probability-models-events"
"probability-statistics-probability-models-events","probability-statistics-probability-models-events-specify-the-experiment-before-calculating","justify","","2","2","0","0","0","0","2","0","0","2","0","0","0","high","handwriting;math-text;photo","open-reasoning","probability-statistics-probability-models-events-specify-the-experiment-before-calculating","false","probability-statistics-probability-models-events"
"probability-statistics-probability-models-events","probability-statistics-probability-models-events-specify-the-experiment-before-calculating","justify","probability-statistics-probability-models-events-specify-the-experiment-before-calculating-justify-reasoning","1","1","1","1","0","0","0","0","0","1","0","0","0","medium","handwriting;math-text;photo","open-reasoning","probability-statistics-probability-models-events-specify-the-experiment-before-calculating","true","probability-statistics-probability-models-events"
"probability-statistics-probability-models-events","probability-statistics-probability-models-events-specify-the-experiment-before-calculating","recognize","","1","1","0","0","1","1","1","1","0","0","0","0","0","low","tap","choice","probability-statistics-probability-models-events-specify-the-experiment-before-calculating","true","probability-statistics-probability-models-events"
"probability-statistics-probability-models-events","probability-statistics-probability-models-events-translate-event-language-into-sets","compute","","5","5","0","0","0","0","5","0","5","0","0","0","0","low","math-text","structured","probability-statistics-probability-models-events-translate-event-language-into-sets","false","probability-statistics-probability-models-events"
"probability-statistics-probability-models-events","probability-statistics-probability-models-events-translate-event-language-into-sets","compute","probability-statistics-probability-models-events-translate-event-language-into-sets-compute-production","1","1","1","1","0","0","0","0","1","0","0","0","0","low","math-text","structured","probability-statistics-probability-models-events-translate-event-language-into-sets","true","probability-statistics-probability-models-events"
"probability-statistics-probability-models-events","probability-statistics-probability-models-events-translate-event-language-into-sets","interpret","","2","2","0","0","2","2","2","2","0","0","0","0","0","low","tap","structured","probability-statistics-probability-models-events-translate-event-language-into-sets","false","probability-statistics-probability-models-events"
"probability-statistics-probability-models-events","probability-statistics-probability-models-events-translate-event-language-into-sets","interpret","probability-statistics-probability-models-events-translate-event-language-into-sets-interpret-recognition","1","1","1","1","1","1","0","1","0","0","0","0","0","low","tap","structured","probability-statistics-probability-models-events-translate-event-language-into-sets","true","probability-statistics-probability-models-events"
"probability-statistics-probability-models-events","probability-statistics-probability-models-events-translate-event-language-into-sets","justify","","3","3","0","0","0","0","3","0","0","3","0","0","0","high","handwriting;math-text;photo","open-reasoning","probability-statistics-probability-models-events-translate-event-language-into-sets","false","probability-statistics-probability-models-events"
"probability-statistics-probability-models-events","probability-statistics-probability-models-events-translate-event-language-into-sets","justify","probability-statistics-probability-models-events-translate-event-language-into-sets-justify-reasoning","1","1","1","1","0","0","0","0","0","1","0","0","0","medium","handwriting;math-text;photo","open-reasoning","probability-statistics-probability-models-events-translate-event-language-into-sets","true","probability-statistics-probability-models-events"
"probability-statistics-regression-interpretation","probability-statistics-regression-interpretation-a-fitted-line-and-a-population-model","compute","","8","8","0","0","0","0","8","0","8","0","0","0","0","low","math-text","structured","probability-statistics-regression-interpretation-a-fitted-line-and-a-population-model","false","probability-statistics-regression-interpretation"
"probability-statistics-regression-interpretation","probability-statistics-regression-interpretation-a-fitted-line-and-a-population-model","compute","probability-statistics-regression-interpretation-a-fitted-line-and-a-population-model-compute-production","1","1","1","1","0","0","0","0","1","0","1","2","0","low","math-text","structured","probability-statistics-regression-interpretation-a-fitted-line-and-a-population-model","false","probability-statistics-regression-interpretation"
"probability-statistics-regression-interpretation","probability-statistics-regression-interpretation-a-fitted-line-and-a-population-model","compute","probability-statistics-regression-interpretation-a-fitted-line-and-a-population-model-compute-recognition","1","1","1","1","1","1","0","1","0","0","0","0","0","low","tap","structured","probability-statistics-regression-interpretation-a-fitted-line-and-a-population-model","true","probability-statistics-regression-interpretation"
"probability-statistics-regression-interpretation","probability-statistics-regression-interpretation-a-fitted-line-and-a-population-model","justify","","2","2","0","0","0","0","2","0","0","2","0","0","0","high","handwriting;math-text;photo","open-reasoning","probability-statistics-regression-interpretation-a-fitted-line-and-a-population-model","false","probability-statistics-regression-interpretation"
"probability-statistics-regression-interpretation","probability-statistics-regression-interpretation-assumptions-diagnostics-and-the-limits-of-a-slope","compute","","5","5","0","0","0","0","5","0","5","0","0","0","0","low","math-text","structured","probability-statistics-regression-interpretation-assumptions-diagnostics-and-the-limits-of-a-slope","false","probability-statistics-regression-interpretation"
"probability-statistics-regression-interpretation","probability-statistics-regression-interpretation-assumptions-diagnostics-and-the-limits-of-a-slope","compute","probability-statistics-regression-interpretation-assumptions-diagnostics-and-the-limits-of-a-slope-compute-production","1","1","1","1","0","0","0","0","1","0","0","0","0","low","math-text","structured","probability-statistics-regression-interpretation-assumptions-diagnostics-and-the-limits-of-a-slope","true","probability-statistics-regression-interpretation"
"probability-statistics-regression-interpretation","probability-statistics-regression-interpretation-assumptions-diagnostics-and-the-limits-of-a-slope","compute","probability-statistics-regression-interpretation-assumptions-diagnostics-and-the-limits-of-a-slope-compute-recognition","1","1","1","1","1","1","0","1","0","0","0","0","0","low","tap","structured","probability-statistics-regression-interpretation-assumptions-diagnostics-and-the-limits-of-a-slope","true","probability-statistics-regression-interpretation"
"probability-statistics-regression-interpretation","probability-statistics-regression-interpretation-assumptions-diagnostics-and-the-limits-of-a-slope","justify","","4","4","0","0","0","0","4","0","0","4","0","0","0","high","handwriting;math-text;photo","open-reasoning","probability-statistics-regression-interpretation-assumptions-diagnostics-and-the-limits-of-a-slope","false","probability-statistics-regression-interpretation"
"probability-statistics-regression-interpretation","probability-statistics-regression-interpretation-assumptions-diagnostics-and-the-limits-of-a-slope","justify","probability-statistics-regression-interpretation-assumptions-diagnostics-and-the-limits-of-a-slope-justify-reasoning","1","1","1","1","0","0","0","0","0","1","0","0","0","medium","handwriting;math-text;photo","open-reasoning","probability-statistics-regression-interpretation-assumptions-diagnostics-and-the-limits-of-a-slope","true","probability-statistics-regression-interpretation"
"probability-statistics-regression-interpretation","probability-statistics-regression-interpretation-predicting-a-mean-and-predicting-one-new-observation","compute","","9","9","0","0","0","0","9","0","9","0","0","0","0","low","math-text","structured","probability-statistics-regression-interpretation-predicting-a-mean-and-predicting-one-new-observation","false","probability-statistics-regression-interpretation"
"probability-statistics-regression-interpretation","probability-statistics-regression-interpretation-predicting-a-mean-and-predicting-one-new-observation","compute","probability-statistics-regression-interpretation-predicting-a-mean-and-predicting-one-new-observation-compute-production","1","1","1","1","0","0","0","0","1","0","1","2","0","low","math-text","structured","probability-statistics-regression-interpretation-predicting-a-mean-and-predicting-one-new-observation","false","probability-statistics-regression-interpretation"
"probability-statistics-regression-interpretation","probability-statistics-regression-interpretation-predicting-a-mean-and-predicting-one-new-observation","justify","","1","1","0","0","0","0","1","0","0","1","0","0","0","high","handwriting;math-text;photo","open-reasoning","probability-statistics-regression-interpretation-predicting-a-mean-and-predicting-one-new-observation","true","probability-statistics-regression-interpretation"
"probability-statistics-regression-interpretation","probability-statistics-regression-interpretation-predicting-a-mean-and-predicting-one-new-observation","justify","probability-statistics-regression-interpretation-predicting-a-mean-and-predicting-one-new-observation-justify-reasoning","1","1","1","1","0","0","0","0","0","1","0","0","0","medium","handwriting;math-text;photo","open-reasoning","probability-statistics-regression-interpretation-predicting-a-mean-and-predicting-one-new-observation","true","probability-statistics-regression-interpretation"
"probability-statistics-regression-interpretation","probability-statistics-regression-interpretation-predicting-a-mean-and-predicting-one-new-observation","recognize","","1","1","0","0","1","1","1","1","0","0","0","0","0","low","tap","choice","probability-statistics-regression-interpretation-predicting-a-mean-and-predicting-one-new-observation","true","probability-statistics-regression-interpretation"
"probability-statistics-regression-interpretation","probability-statistics-regression-interpretation-uncertainty-in-a-coefficient","compute","","9","9","0","0","0","0","9","0","9","0","0","0","0","low","math-text","structured","probability-statistics-regression-interpretation-uncertainty-in-a-coefficient","false","probability-statistics-regression-interpretation"
"probability-statistics-regression-interpretation","probability-statistics-regression-interpretation-uncertainty-in-a-coefficient","compute","probability-statistics-regression-interpretation-uncertainty-in-a-coefficient-compute-production","1","1","1","1","0","0","0","0","1","0","1","3","0","low","math-text","structured","probability-statistics-regression-interpretation-uncertainty-in-a-coefficient","false","probability-statistics-regression-interpretation"
"probability-statistics-regression-interpretation","probability-statistics-regression-interpretation-uncertainty-in-a-coefficient","justify","","1","1","0","0","0","0","1","0","0","1","0","0","0","high","handwriting;math-text;photo","open-reasoning","probability-statistics-regression-interpretation-uncertainty-in-a-coefficient","true","probability-statistics-regression-interpretation"
"probability-statistics-regression-interpretation","probability-statistics-regression-interpretation-why-gaussian-likelihood-gives-least-squares","compute","","8","8","0","0","0","0","8","0","8","0","0","0","0","low","math-text","structured","probability-statistics-regression-interpretation-why-gaussian-likelihood-gives-least-squares","false","probability-statistics-regression-interpretation"
"probability-statistics-regression-interpretation","probability-statistics-regression-interpretation-why-gaussian-likelihood-gives-least-squares","compute","probability-statistics-regression-interpretation-why-gaussian-likelihood-gives-least-squares-compute-production","1","1","1","1","0","0","0","0","1","0","1","2","0","low","math-text","structured","probability-statistics-regression-interpretation-why-gaussian-likelihood-gives-least-squares","false","probability-statistics-regression-interpretation"
"probability-statistics-regression-interpretation","probability-statistics-regression-interpretation-why-gaussian-likelihood-gives-least-squares","compute","probability-statistics-regression-interpretation-why-gaussian-likelihood-gives-least-squares-compute-recognition","1","1","1","1","1","1","0","1","0","0","0","0","0","low","tap","structured","probability-statistics-regression-interpretation-why-gaussian-likelihood-gives-least-squares","true","probability-statistics-regression-interpretation"
"probability-statistics-regression-interpretation","probability-statistics-regression-interpretation-why-gaussian-likelihood-gives-least-squares","justify","","1","1","0","0","0","0","1","0","0","1","0","0","0","high","handwriting;math-text;photo","open-reasoning","probability-statistics-regression-interpretation-why-gaussian-likelihood-gives-least-squares","true","probability-statistics-regression-interpretation"
"probability-statistics-regression-interpretation","probability-statistics-regression-interpretation-why-gaussian-likelihood-gives-least-squares","recognize","","1","1","0","0","1","1","1","1","0","0","0","0","0","low","tap","choice","probability-statistics-regression-interpretation-why-gaussian-likelihood-gives-least-squares","true","probability-statistics-regression-interpretation"
"probability-statistics-resampling-model-assessment","probability-statistics-resampling-model-assessment-bootstrap-uncertainty-versus-more-simulation","compute","","8","8","0","0","0","0","8","0","8","0","0","0","0","low","math-text","structured","probability-statistics-resampling-model-assessment-bootstrap-uncertainty-versus-more-simulation","false","probability-statistics-resampling-model-assessment"
"probability-statistics-resampling-model-assessment","probability-statistics-resampling-model-assessment-bootstrap-uncertainty-versus-more-simulation","compute","probability-statistics-resampling-model-assessment-bootstrap-uncertainty-versus-more-simulation-compute-production","1","1","1","1","0","0","0","0","1","0","1","2","0","low","math-text","structured","probability-statistics-resampling-model-assessment-bootstrap-uncertainty-versus-more-simulation","false","probability-statistics-resampling-model-assessment"
"probability-statistics-resampling-model-assessment","probability-statistics-resampling-model-assessment-bootstrap-uncertainty-versus-more-simulation","justify","","1","1","0","0","0","0","1","0","0","1","0","0","0","high","handwriting;math-text;photo","open-reasoning","probability-statistics-resampling-model-assessment-bootstrap-uncertainty-versus-more-simulation","true","probability-statistics-resampling-model-assessment"
"probability-statistics-resampling-model-assessment","probability-statistics-resampling-model-assessment-bootstrap-uncertainty-versus-more-simulation","justify","probability-statistics-resampling-model-assessment-bootstrap-uncertainty-versus-more-simulation-justify-reasoning","1","1","1","1","0","0","0","0","0","1","0","0","0","medium","handwriting;math-text;photo","open-reasoning","probability-statistics-resampling-model-assessment-bootstrap-uncertainty-versus-more-simulation","true","probability-statistics-resampling-model-assessment"
"probability-statistics-resampling-model-assessment","probability-statistics-resampling-model-assessment-bootstrap-uncertainty-versus-more-simulation","recognize","","1","1","0","0","1","1","1","1","0","0","0","0","0","low","tap","choice","probability-statistics-resampling-model-assessment-bootstrap-uncertainty-versus-more-simulation","true","probability-statistics-resampling-model-assessment"
"probability-statistics-resampling-model-assessment","probability-statistics-resampling-model-assessment-matching-assessment-to-the-decision","compute","","9","9","0","0","0","0","9","0","9","0","0","0","0","low","math-text","structured","probability-statistics-resampling-model-assessment-matching-assessment-to-the-decision","false","probability-statistics-resampling-model-assessment"
"probability-statistics-resampling-model-assessment","probability-statistics-resampling-model-assessment-matching-assessment-to-the-decision","compute","probability-statistics-resampling-model-assessment-matching-assessment-to-the-decision-compute-production","1","1","1","1","0","0","0","0","1","0","1","2","0","low","math-text","structured","probability-statistics-resampling-model-assessment-matching-assessment-to-the-decision","false","probability-statistics-resampling-model-assessment"
"probability-statistics-resampling-model-assessment","probability-statistics-resampling-model-assessment-matching-assessment-to-the-decision","justify","","1","1","0","0","0","0","1","0","0","1","0","0","0","high","handwriting;math-text;photo","open-reasoning","probability-statistics-resampling-model-assessment-matching-assessment-to-the-decision","true","probability-statistics-resampling-model-assessment"
"probability-statistics-resampling-model-assessment","probability-statistics-resampling-model-assessment-matching-assessment-to-the-decision","justify","probability-statistics-resampling-model-assessment-matching-assessment-to-the-decision-justify-reasoning","1","1","1","1","0","0","0","0","0","1","0","0","0","medium","handwriting;math-text;photo","open-reasoning","probability-statistics-resampling-model-assessment-matching-assessment-to-the-decision","true","probability-statistics-resampling-model-assessment"
"probability-statistics-resampling-model-assessment","probability-statistics-resampling-model-assessment-reading-a-confusion-matrix","compute","","9","9","0","0","0","0","9","0","9","0","0","0","0","low","math-text","structured","probability-statistics-resampling-model-assessment-reading-a-confusion-matrix","false","probability-statistics-resampling-model-assessment"
"probability-statistics-resampling-model-assessment","probability-statistics-resampling-model-assessment-reading-a-confusion-matrix","compute","probability-statistics-resampling-model-assessment-reading-a-confusion-matrix-compute-production","1","1","1","1","0","0","0","0","1","0","1","3","0","low","math-text","structured","probability-statistics-resampling-model-assessment-reading-a-confusion-matrix","false","probability-statistics-resampling-model-assessment"
"probability-statistics-resampling-model-assessment","probability-statistics-resampling-model-assessment-reading-a-confusion-matrix","justify","","1","1","0","0","0","0","1","0","0","1","0","0","0","high","handwriting;math-text;photo","open-reasoning","probability-statistics-resampling-model-assessment-reading-a-confusion-matrix","true","probability-statistics-resampling-model-assessment"
"probability-statistics-resampling-model-assessment","probability-statistics-resampling-model-assessment-reading-a-confusion-matrix","recognize","","1","1","0","0","1","1","1","1","0","0","0","0","0","low","tap","choice","probability-statistics-resampling-model-assessment-reading-a-confusion-matrix","true","probability-statistics-resampling-model-assessment"
"probability-statistics-resampling-model-assessment","probability-statistics-resampling-model-assessment-the-empirical-distribution-and-resampling-units","compute","","8","8","0","0","0","0","8","0","8","0","0","0","0","low","math-text","structured","probability-statistics-resampling-model-assessment-the-empirical-distribution-and-resampling-units","false","probability-statistics-resampling-model-assessment"
"probability-statistics-resampling-model-assessment","probability-statistics-resampling-model-assessment-the-empirical-distribution-and-resampling-units","compute","probability-statistics-resampling-model-assessment-the-empirical-distribution-and-resampling-units-compute-production","1","1","1","1","0","0","0","0","1","0","1","2","0","low","math-text","structured","probability-statistics-resampling-model-assessment-the-empirical-distribution-and-resampling-units","false","probability-statistics-resampling-model-assessment"
"probability-statistics-resampling-model-assessment","probability-statistics-resampling-model-assessment-the-empirical-distribution-and-resampling-units","compute","probability-statistics-resampling-model-assessment-the-empirical-distribution-and-resampling-units-compute-recognition","1","1","1","1","1","1","0","1","0","0","0","0","0","low","tap","structured","probability-statistics-resampling-model-assessment-the-empirical-distribution-and-resampling-units","true","probability-statistics-resampling-model-assessment"
"probability-statistics-resampling-model-assessment","probability-statistics-resampling-model-assessment-the-empirical-distribution-and-resampling-units","justify","","2","2","0","0","0","0","2","0","0","2","0","0","0","high","handwriting;math-text;photo","open-reasoning","probability-statistics-resampling-model-assessment-the-empirical-distribution-and-resampling-units","false","probability-statistics-resampling-model-assessment"
"probability-statistics-resampling-model-assessment","probability-statistics-resampling-model-assessment-training-validation-and-a-final-test","compute","","7","7","0","0","0","0","7","0","7","0","0","0","0","low","math-text","structured","probability-statistics-resampling-model-assessment-training-validation-and-a-final-test","false","probability-statistics-resampling-model-assessment"
"probability-statistics-resampling-model-assessment","probability-statistics-resampling-model-assessment-training-validation-and-a-final-test","compute","probability-statistics-resampling-model-assessment-training-validation-and-a-final-test-compute-production","1","1","1","1","0","0","0","0","1","0","1","2","0","low","math-text","structured","probability-statistics-resampling-model-assessment-training-validation-and-a-final-test","false","probability-statistics-resampling-model-assessment"
"probability-statistics-resampling-model-assessment","probability-statistics-resampling-model-assessment-training-validation-and-a-final-test","justify","","2","2","0","0","0","0","2","0","0","2","0","0","0","high","handwriting;math-text;photo","open-reasoning","probability-statistics-resampling-model-assessment-training-validation-and-a-final-test","false","probability-statistics-resampling-model-assessment"
"probability-statistics-resampling-model-assessment","probability-statistics-resampling-model-assessment-training-validation-and-a-final-test","justify","probability-statistics-resampling-model-assessment-training-validation-and-a-final-test-justify-reasoning","1","1","1","1","0","0","0","0","0","1","0","0","0","medium","handwriting;math-text;photo","open-reasoning","probability-statistics-resampling-model-assessment-training-validation-and-a-final-test","true","probability-statistics-resampling-model-assessment"
"probability-statistics-total-probability-bayes","probability-statistics-total-probability-bayes-base-rates-and-screening-tables","compute","","8","8","0","0","0","0","8","0","8","0","0","0","0","low","math-text","structured","probability-statistics-total-probability-bayes-base-rates-and-screening-tables","false","probability-statistics-total-probability-bayes"
"probability-statistics-total-probability-bayes","probability-statistics-total-probability-bayes-base-rates-and-screening-tables","compute","probability-statistics-total-probability-bayes-base-rates-and-screening-tables-compute-production","1","1","1","1","0","0","0","0","1","0","1","2","0","low","math-text","structured","probability-statistics-total-probability-bayes-base-rates-and-screening-tables","false","probability-statistics-total-probability-bayes"
"probability-statistics-total-probability-bayes","probability-statistics-total-probability-bayes-base-rates-and-screening-tables","interpret","","1","1","0","0","1","1","1","1","0","0","0","0","0","low","tap","structured","probability-statistics-total-probability-bayes-base-rates-and-screening-tables","true","probability-statistics-total-probability-bayes"
"probability-statistics-total-probability-bayes","probability-statistics-total-probability-bayes-base-rates-and-screening-tables","justify","","1","1","0","0","0","0","1","0","0","1","0","0","0","high","handwriting;math-text;photo","open-reasoning","probability-statistics-total-probability-bayes-base-rates-and-screening-tables","true","probability-statistics-total-probability-bayes"
"probability-statistics-total-probability-bayes","probability-statistics-total-probability-bayes-base-rates-and-screening-tables","justify","probability-statistics-total-probability-bayes-base-rates-and-screening-tables-justify-reasoning","1","1","1","1","0","0","0","0","0","1","0","0","0","medium","handwriting;math-text;photo","open-reasoning","probability-statistics-total-probability-bayes-base-rates-and-screening-tables","true","probability-statistics-total-probability-bayes"
"probability-statistics-total-probability-bayes","probability-statistics-total-probability-bayes-base-rates-and-screening-tables","recognize","","1","1","0","0","1","1","1","1","0","0","0","0","0","low","tap","choice","probability-statistics-total-probability-bayes-base-rates-and-screening-tables","true","probability-statistics-total-probability-bayes"
"probability-statistics-total-probability-bayes","probability-statistics-total-probability-bayes-compare-mechanisms-and-audit-an-update","compute","","8","8","0","0","0","0","8","0","8","0","0","0","0","low","math-text","structured","probability-statistics-total-probability-bayes-compare-mechanisms-and-audit-an-update","false","probability-statistics-total-probability-bayes"
"probability-statistics-total-probability-bayes","probability-statistics-total-probability-bayes-compare-mechanisms-and-audit-an-update","compute","probability-statistics-total-probability-bayes-compare-mechanisms-and-audit-an-update-compute-production","1","1","1","1","0","0","0","0","1","0","1","2","0","low","math-text","structured","probability-statistics-total-probability-bayes-compare-mechanisms-and-audit-an-update","false","probability-statistics-total-probability-bayes"
"probability-statistics-total-probability-bayes","probability-statistics-total-probability-bayes-compare-mechanisms-and-audit-an-update","interpret","","1","1","0","0","1","1","1","1","0","0","0","0","0","low","tap","structured","probability-statistics-total-probability-bayes-compare-mechanisms-and-audit-an-update","true","probability-statistics-total-probability-bayes"
"probability-statistics-total-probability-bayes","probability-statistics-total-probability-bayes-compare-mechanisms-and-audit-an-update","justify","","1","1","0","0","0","0","1","0","0","1","0","0","0","high","handwriting;math-text;photo","open-reasoning","probability-statistics-total-probability-bayes-compare-mechanisms-and-audit-an-update","true","probability-statistics-total-probability-bayes"
"probability-statistics-total-probability-bayes","probability-statistics-total-probability-bayes-compare-mechanisms-and-audit-an-update","justify","probability-statistics-total-probability-bayes-compare-mechanisms-and-audit-an-update-justify-reasoning","1","1","1","1","0","0","0","0","0","1","0","0","0","medium","handwriting;math-text;photo","open-reasoning","probability-statistics-total-probability-bayes-compare-mechanisms-and-audit-an-update","true","probability-statistics-total-probability-bayes"
"probability-statistics-total-probability-bayes","probability-statistics-total-probability-bayes-odds-and-sequential-evidence","compute","","8","8","0","0","0","0","8","0","8","0","0","0","0","low","math-text","structured","probability-statistics-total-probability-bayes-odds-and-sequential-evidence","false","probability-statistics-total-probability-bayes"
"probability-statistics-total-probability-bayes","probability-statistics-total-probability-bayes-odds-and-sequential-evidence","compute","probability-statistics-total-probability-bayes-odds-and-sequential-evidence-compute-production","1","1","1","1","0","0","0","0","1","0","1","2","0","low","math-text","structured","probability-statistics-total-probability-bayes-odds-and-sequential-evidence","false","probability-statistics-total-probability-bayes"
"probability-statistics-total-probability-bayes","probability-statistics-total-probability-bayes-odds-and-sequential-evidence","interpret","","1","1","0","0","1","1","1","1","0","0","0","0","0","low","tap","structured","probability-statistics-total-probability-bayes-odds-and-sequential-evidence","true","probability-statistics-total-probability-bayes"
"probability-statistics-total-probability-bayes","probability-statistics-total-probability-bayes-odds-and-sequential-evidence","justify","","1","1","0","0","0","0","1","0","0","1","0","0","0","high","handwriting;math-text;photo","open-reasoning","probability-statistics-total-probability-bayes-odds-and-sequential-evidence","true","probability-statistics-total-probability-bayes"
"probability-statistics-total-probability-bayes","probability-statistics-total-probability-bayes-odds-and-sequential-evidence","justify","probability-statistics-total-probability-bayes-odds-and-sequential-evidence-justify-reasoning","1","1","1","1","0","0","0","0","0","1","0","0","0","medium","handwriting;math-text;photo","open-reasoning","probability-statistics-total-probability-bayes-odds-and-sequential-evidence","true","probability-statistics-total-probability-bayes"
"probability-statistics-total-probability-bayes","probability-statistics-total-probability-bayes-reverse-the-question-with-bayes-rule","compute","","7","7","0","0","0","0","7","0","7","0","0","0","0","low","math-text","structured","probability-statistics-total-probability-bayes-reverse-the-question-with-bayes-rule","false","probability-statistics-total-probability-bayes"
"probability-statistics-total-probability-bayes","probability-statistics-total-probability-bayes-reverse-the-question-with-bayes-rule","compute","probability-statistics-total-probability-bayes-reverse-the-question-with-bayes-rule-compute-production","1","1","1","1","0","0","0","0","1","0","1","2","0","low","math-text","structured","probability-statistics-total-probability-bayes-reverse-the-question-with-bayes-rule","false","probability-statistics-total-probability-bayes"
"probability-statistics-total-probability-bayes","probability-statistics-total-probability-bayes-reverse-the-question-with-bayes-rule","interpret","","1","1","0","0","1","1","1","1","0","0","0","0","0","low","tap","structured","probability-statistics-total-probability-bayes-reverse-the-question-with-bayes-rule","true","probability-statistics-total-probability-bayes"
"probability-statistics-total-probability-bayes","probability-statistics-total-probability-bayes-reverse-the-question-with-bayes-rule","justify","","2","2","0","0","0","0","2","0","0","2","0","0","0","high","handwriting;math-text;photo","open-reasoning","probability-statistics-total-probability-bayes-reverse-the-question-with-bayes-rule","false","probability-statistics-total-probability-bayes"
"probability-statistics-total-probability-bayes","probability-statistics-total-probability-bayes-reverse-the-question-with-bayes-rule","justify","probability-statistics-total-probability-bayes-reverse-the-question-with-bayes-rule-justify-reasoning","1","1","1","1","0","0","0","0","0","1","0","0","0","medium","handwriting;math-text;photo","open-reasoning","probability-statistics-total-probability-bayes-reverse-the-question-with-bayes-rule","true","probability-statistics-total-probability-bayes"
"probability-statistics-total-probability-bayes","probability-statistics-total-probability-bayes-total-probability-is-a-weighted-average","compute","","7","7","0","0","0","0","7","0","7","0","0","0","0","low","math-text","structured","probability-statistics-total-probability-bayes-total-probability-is-a-weighted-average","false","probability-statistics-total-probability-bayes"
"probability-statistics-total-probability-bayes","probability-statistics-total-probability-bayes-total-probability-is-a-weighted-average","compute","probability-statistics-total-probability-bayes-total-probability-is-a-weighted-average-compute-production","1","1","1","1","0","0","0","0","1","0","1","2","0","low","math-text","structured","probability-statistics-total-probability-bayes-total-probability-is-a-weighted-average","false","probability-statistics-total-probability-bayes"
"probability-statistics-total-probability-bayes","probability-statistics-total-probability-bayes-total-probability-is-a-weighted-average","interpret","","1","1","0","0","1","1","1","1","0","0","0","0","0","low","tap","structured","probability-statistics-total-probability-bayes-total-probability-is-a-weighted-average","true","probability-statistics-total-probability-bayes"
"probability-statistics-total-probability-bayes","probability-statistics-total-probability-bayes-total-probability-is-a-weighted-average","justify","","1","1","0","0","0","0","1","0","0","1","0","0","0","high","handwriting;math-text;photo","open-reasoning","probability-statistics-total-probability-bayes-total-probability-is-a-weighted-average","true","probability-statistics-total-probability-bayes"
"probability-statistics-total-probability-bayes","probability-statistics-total-probability-bayes-total-probability-is-a-weighted-average","justify","probability-statistics-total-probability-bayes-total-probability-is-a-weighted-average-justify-reasoning","1","1","1","1","0","0","0","0","0","1","0","0","0","medium","handwriting;math-text;photo","open-reasoning","probability-statistics-total-probability-bayes-total-probability-is-a-weighted-average","true","probability-statistics-total-probability-bayes"
"probability-statistics-total-probability-bayes","probability-statistics-total-probability-bayes-total-probability-is-a-weighted-average","prove","","1","1","0","0","0","0","1","0","0","1","0","0","0","high","handwriting;math-text;photo","open-reasoning","probability-statistics-total-probability-bayes-total-probability-is-a-weighted-average","true","probability-statistics-total-probability-bayes"
"probability-statistics-total-probability-bayes","probability-statistics-total-probability-bayes-total-probability-is-a-weighted-average","recognize","","1","1","0","0","1","1","1","1","0","0","0","0","0","low","tap","choice","probability-statistics-total-probability-bayes-total-probability-is-a-weighted-average","true","probability-statistics-total-probability-bayes"
"proof-by-contradiction","contradiction-proof","interpret","","1","1","0","0","1","1","1","1","0","0","0","0","0","low","tap","structured","contradiction-proof","true","proof-by-contradiction"
"proof-by-contradiction","contradiction-proof","interpret","whole-target-negation-recognition","0","1","0","1","0","1","0","1","0","0","1","3","0","low","tap","choice","contradiction-proof","false",""
"proof-by-contradiction","contradiction-proof","prove","","12","12","0","0","0","0","12","0","0","12","0","0","0","high","handwriting;math-text;photo","open-reasoning","contradiction-proof","false","proof-by-contradiction"
"proof-by-contradiction","contradiction-proof","recall","contradiction-proof-term","0","1","0","1","0","1","0","0","1","0","0","0","0","low","short-text","structured","contradiction-proof","true",""
"proof-by-contradiction","contradiction-proof","recognize","","1","1","0","0","1","1","1","1","0","0","0","0","0","low","tap","choice","contradiction-proof","true","proof-by-contradiction"
"proof-by-contradiction","divisibility","prove","","2","2","0","0","0","0","2","0","0","2","0","0","0","high","handwriting;math-text;photo","open-reasoning","divisibility","false","proof-by-contradiction"
"proof-by-contradiction","infinite-primes","analyze","","1","1","0","0","0","0","1","0","1","0","0","0","0","low","math-text;tap","structured","infinite-primes","true","proof-by-contradiction"
"proof-by-contradiction","infinite-primes","counterexample","","1","1","0","0","0","0","1","0","1","0","0","0","0","low","math-text;tap","structured","infinite-primes","true","proof-by-contradiction"
"proof-by-contradiction","infinite-primes","prove","","3","3","0","0","0","0","3","0","0","3","0","0","0","high","handwriting;math-text;photo","open-reasoning","infinite-primes","false","proof-by-contradiction"
"proof-by-contradiction","injectivity","prove","","3","3","0","0","0","0","3","0","0","3","0","0","0","high","handwriting;math-text;photo","open-reasoning","injectivity","false","proof-by-contradiction"
"proof-by-contradiction","lowest-terms","interpret","","2","2","0","0","2","2","2","2","0","0","0","0","0","low","tap","structured","lowest-terms","false","proof-by-contradiction"
"proof-by-contradiction","lowest-terms","recognize","","1","1","0","0","1","1","1","1","0","0","0","0","0","low","tap","choice","lowest-terms","true","proof-by-contradiction"
"proof-by-contradiction","prime-factorization","prove","","1","1","0","0","0","0","1","0","0","1","0","0","0","high","handwriting;math-text;photo","open-reasoning","prime-factorization","true","proof-by-contradiction"
"proof-by-contradiction","proof-diagnosis","analyze","","2","2","0","0","0","0","2","0","2","0","0","0","0","high;low","handwriting;math-text;photo","open-reasoning;structured","proof-diagnosis","false","proof-by-contradiction"
"proof-by-contradiction","proof-diagnosis","transform","","2","2","0","0","0","0","2","0","2","0","0","0","0","high;low","handwriting;math-text;photo","open-reasoning;structured","proof-diagnosis","false","proof-by-contradiction"
"proof-by-contradiction","quantifier-negation","transform","","8","8","0","0","0","0","8","0","8","0","0","0","0","low","math-text","structured","quantifier-negation","false","proof-by-contradiction"
"proof-by-contradiction","rationality","counterexample","","2","2","0","0","0","0","2","0","2","0","0","0","0","high;low","handwriting;math-text;photo","open-reasoning;structured","rationality","false","proof-by-contradiction"
"proof-by-contradiction","rationality","justify","","1","1","0","0","0","0","1","0","0","1","0","0","0","high","handwriting;math-text;photo","open-reasoning","rationality","true","proof-by-contradiction"
"proof-by-contradiction","rationality","prove","","15","15","0","0","0","0","15","0","0","15","0","0","0","high","handwriting;math-text;photo","open-reasoning","rationality","false","proof-by-contradiction"
"proof-by-contradiction","set-proofs","prove","","4","4","0","0","0","0","4","0","0","4","0","0","0","high","handwriting;math-text;photo","open-reasoning","set-proofs","false","proof-by-contradiction"
"proof-by-contradiction","surjectivity","prove","","1","1","0","0","0","0","1","0","0","1","0","0","0","high","handwriting;math-text;photo","open-reasoning","surjectivity","true","proof-by-contradiction"
"proof-by-contradiction","uniqueness","counterexample","","1","1","0","0","0","0","1","0","1","0","0","0","0","high","handwriting;math-text;photo","open-reasoning","uniqueness","true","proof-by-contradiction"
"proof-by-contradiction","uniqueness","justify","","1","1","0","0","0","0","1","0","0","1","0","0","0","high","handwriting;math-text;photo","open-reasoning","uniqueness","true","proof-by-contradiction"
"proof-by-contradiction","uniqueness","prove","","4","4","0","0","0","0","4","0","0","4","0","0","0","high","handwriting;math-text;photo","open-reasoning","uniqueness","false","proof-by-contradiction"
"proof-by-contrapositive","biconditional-proof","prove","","8","8","0","0","0","0","8","0","0","8","0","0","0","high","handwriting;math-text;photo","open-reasoning","biconditional-proof","false","proof-by-contrapositive"
"proof-by-contrapositive","contrapositive","construct","","1","1","0","0","0","0","1","0","1","0","0","0","0","high","handwriting;math-text;photo","open-reasoning","contrapositive","true","proof-by-contrapositive"
"proof-by-contrapositive","contrapositive","interpret","","2","2","0","0","0","0","2","0","2","0","0","0","0","low","math-text;tap","structured","contrapositive","false","proof-by-contrapositive"
"proof-by-contrapositive","contrapositive","justify","","1","1","0","0","0","0","1","0","0","1","0","0","0","high","handwriting;math-text;photo","open-reasoning","contrapositive","true","proof-by-contrapositive"
"proof-by-contrapositive","contrapositive","recognize","","3","3","0","0","3","3","3","3","0","0","0","0","0","low","tap","choice","contrapositive","false","proof-by-contrapositive"
"proof-by-contrapositive","contrapositive","transform","","11","11","0","0","0","0","11","0","11","0","0","0","0","low","math-text;tap","structured","contrapositive","false","proof-by-contrapositive"
"proof-by-contrapositive","contrapositive-proof","prove","","34","34","0","0","0","0","34","0","0","34","0","0","0","high","handwriting;math-text;photo","open-reasoning","contrapositive-proof","false","proof-by-contrapositive"
"proof-by-contrapositive","contrapositive-proof","recall","contrapositive-proof-term","0","1","0","1","0","1","0","0","1","0","0","0","0","low","short-text","structured","contrapositive-proof","true",""
"proof-by-contrapositive","contrapositive-proof","recognize","","2","2","0","0","2","2","2","2","0","0","0","0","0","low","tap","choice","contrapositive-proof","false","proof-by-contrapositive"
"proof-by-contrapositive","counterexample","counterexample","","6","6","0","0","0","0","6","0","6","0","0","0","0","low","math-text;short-text;tap","structured","counterexample","false","proof-by-contrapositive"
"proof-by-contrapositive","proof-diagnosis","analyze","","4","4","0","0","0","0","4","0","4","0","0","0","0","low","math-text;tap","structured","proof-diagnosis","false","proof-by-contrapositive"
"proof-by-contrapositive","proof-diagnosis","recognize","","1","1","0","0","1","1","1","1","0","0","0","0","0","low","tap","choice","proof-diagnosis","true","proof-by-contrapositive"
"proof-by-contrapositive","proof-diagnosis","transform","","4","4","0","0","0","0","4","0","4","0","0","0","0","low","math-text;tap","structured","proof-diagnosis","false","proof-by-contrapositive"
"propositional-logic","argument-validity","analyze","","1","1","0","0","1","1","1","0","1","0","0","0","0","low","tap","structured","argument-validity","true","propositional-logic"
"propositional-logic","argument-validity","counterexample","","1","1","0","0","1","1","1","0","1","0","0","0","0","low","tap","structured","argument-validity","true","propositional-logic"
"propositional-logic","argument-validity","interpret","","1","1","0","0","1","1","1","1","0","0","0","0","0","low","tap","structured","argument-validity","true","propositional-logic"
"propositional-logic","argument-validity","recall","argument-parts-definition","1","1","1","1","1","1","0","1","0","0","1","3","0","low","tap","choice","argument-validity","false","propositional-logic"
"propositional-logic","argument-validity","recall","validity-definition","1","1","1","1","1","1","0","1","0","0","1","2","0","low","tap","choice","argument-validity","false","propositional-logic"
"propositional-logic","argument-validity","recognize","","1","1","0","0","1","1","1","1","0","0","0","0","0","low","tap","structured","argument-validity","true","propositional-logic"
"propositional-logic","argument-validity","translate","","1","1","0","0","0","0","1","0","1","0","0","0","0","low","math-text;tap","structured","argument-validity","true","propositional-logic"
"propositional-logic","biconditional","compute","","1","1","0","0","0","0","1","0","1","0","0","0","0","medium","tap","structured","biconditional","true","propositional-logic"
"propositional-logic","biconditional","prove","","1","1","0","0","0","0","1","0","0","1","0","0","0","high","handwriting;math-text;photo","open-reasoning","biconditional","true","propositional-logic"
"propositional-logic","biconditional","recall","biconditional-definition","1","1","1","1","1","1","0","1","0","0","1","3","0","low","tap","choice","biconditional","false","propositional-logic"
"propositional-logic","biconditional","represent","","1","1","0","0","0","0","1","0","1","0","0","0","0","medium","tap","structured","biconditional","true","propositional-logic"
"propositional-logic","biconditional","transform","","1","1","0","0","0","0","1","0","1","0","0","0","0","low","math-text","structured","biconditional","true","propositional-logic"
"propositional-logic","conditional-forms","compare","","1","1","0","0","0","0","1","0","1","0","0","0","0","medium","tap","structured","conditional-forms","true","propositional-logic"
"propositional-logic","conditional-forms","compute","","1","1","0","0","0","0","1","0","1","0","0","0","0","medium","tap","structured","conditional-forms","true","propositional-logic"
"propositional-logic","conditional-forms","construct","","8","8","0","0","0","0","8","0","8","0","0","0","0","high;low","handwriting;math-text;photo;tap","open-reasoning;structured","conditional-forms","false","propositional-logic"
"propositional-logic","conditional-forms","counterexample","","6","6","0","0","1","1","6","0","6","0","0","0","0","high;low","handwriting;math-text;photo;tap","open-reasoning;structured","conditional-forms","false","propositional-logic"
"propositional-logic","conditional-forms","evaluate","","5","5","0","0","0","0","5","0","0","5","0","0","0","high","handwriting;math-text;photo","open-reasoning","conditional-forms","false","propositional-logic"
"propositional-logic","conditional-forms","prove","","1","1","0","0","0","0","1","0","0","1","0","0","0","high","handwriting;math-text;photo","open-reasoning","conditional-forms","true","propositional-logic"
"propositional-logic","conditional-forms","recall","converse-definition","1","1","1","1","1","1","0","1","0","0","1","2","0","low","tap","choice","conditional-forms","false","propositional-logic"
"propositional-logic","conditional-forms","recall","inverse-definition","1","1","1","1","1","1","0","1","0","0","1","2","0","low","tap","choice","conditional-forms","false","propositional-logic"
"propositional-logic","conditional-forms","recognize","","2","2","1","1","2","2","1","2","0","0","1","4","0","low","tap","choice","conditional-forms","false","propositional-logic"
"propositional-logic","conditional-forms","transform","","1","1","0","0","0","0","1","0","1","0","0","0","0","high","handwriting;math-text;photo","open-reasoning","conditional-forms","true","propositional-logic"
"propositional-logic","connectives","construct","","1","1","0","0","1","1","1","0","1","0","0","0","0","low","tap","structured","connectives","true","propositional-logic"
"propositional-logic","connectives","interpret","","1","1","0","0","1","1","1","0","1","0","0","0","0","low","tap","structured","connectives","true","propositional-logic"
"propositional-logic","connectives","interpret","connective-truth-value","1","1","1","1","1","1","0","1","0","0","0","0","1","low","tap","choice","biconditional;connectives;implication","false","propositional-logic"
"propositional-logic","connectives","recall","conjunction-definition","1","1","1","1","1","1","0","1","0","0","1","2","0","low","tap","choice","connectives","false","propositional-logic"
"propositional-logic","connectives","recall","disjunction-definition","1","1","1","1","1","1","0","1","0","0","1","2","0","low","tap","choice","connectives","false","propositional-logic"
"propositional-logic","connectives","recall","exclusive-or-definition","1","1","1","1","1","1","0","1","0","0","1","2","0","low","tap","choice","connectives","false","propositional-logic"
"propositional-logic","contrapositive","compare","","1","1","0","0","0","0","1","0","1","0","0","0","0","medium","tap","structured","contrapositive","true","propositional-logic"
"propositional-logic","contrapositive","compute","","1","1","0","0","0","0","1","0","1","0","0","0","0","medium","tap","structured","contrapositive","true","propositional-logic"
"propositional-logic","contrapositive","construct","","7","7","0","0","0","0","7","0","7","0","0","0","0","high;low","handwriting;math-text;photo","open-reasoning;structured","contrapositive","false","propositional-logic"
"propositional-logic","contrapositive","counterexample","","5","5","0","0","0","0","5","0","5","0","0","0","0","high","handwriting;math-text;photo","open-reasoning","contrapositive","false","propositional-logic"
"propositional-logic","contrapositive","evaluate","","5","5","0","0","0","0","5","0","0","5","0","0","0","high","handwriting;math-text;photo","open-reasoning","contrapositive","false","propositional-logic"
"propositional-logic","contrapositive","prove","","2","2","0","0","0","0","2","0","0","2","0","0","0","high","handwriting;math-text;photo","open-reasoning","contrapositive","false","propositional-logic"
"propositional-logic","contrapositive","recall","contrapositive-definition","1","1","1","1","1","1","0","1","0","0","1","3","0","low","tap","choice","contrapositive","false","propositional-logic"
"propositional-logic","contrapositive","recognize","","2","2","1","1","2","2","1","2","0","0","1","3","0","low","tap","choice","contrapositive","false","propositional-logic"
"propositional-logic","contrapositive","transform","","1","1","0","0","0","0","1","0","1","0","0","0","0","high","handwriting;math-text;photo","open-reasoning","contrapositive","true","propositional-logic"
"propositional-logic","counterexample","analyze","","2","2","0","0","2","2","2","0","2","0","0","0","0","low","tap","structured","counterexample","false","propositional-logic"
"propositional-logic","counterexample","compare","","1","1","0","0","1","1","1","0","1","0","0","0","0","low","tap","structured","counterexample","true","propositional-logic"
"propositional-logic","counterexample","construct","","3","3","1","1","3","3","2","0","3","0","1","3","0","low","tap","structured","counterexample","false","propositional-logic"
"propositional-logic","counterexample","counterexample","","6","6","0","0","5","5","6","0","6","0","0","0","0","low","math-text;tap","structured","counterexample","false","propositional-logic"
"propositional-logic","counterexample","interpret","conditional-counterexample-selection","1","1","1","1","1","1","0","1","0","0","0","0","1","low","tap","choice","counterexample;implication","false","propositional-logic"
"propositional-logic","counterexample","recall","counterexample-definition","1","1","1","1","1","1","0","1","0","0","1","2","0","low","tap","choice","counterexample","false","propositional-logic"
"propositional-logic","de-morgan","justify","","1","1","0","0","0","0","1","0","0","1","0","0","0","high","handwriting;math-text;photo","open-reasoning","de-morgan","true","propositional-logic"
"propositional-logic","de-morgan","recall","de-morgan-laws","1","1","1","1","1","1","0","1","0","0","1","3","0","low","tap","choice","de-morgan","false","propositional-logic"
"propositional-logic","de-morgan","transform","","8","8","1","1","0","0","7","0","8","0","1","3","0","high;low","handwriting;math-text;photo","open-reasoning;structured","de-morgan","false","propositional-logic"
"propositional-logic","distribution","justify","","2","2","0","0","0","0","2","0","0","2","0","0","0","high","handwriting;math-text;photo","open-reasoning","distribution","false","propositional-logic"
"propositional-logic","distribution","prove","","1","1","0","0","0","0","1","0","0","1","0","0","0","high","handwriting;math-text;photo","open-reasoning","distribution","true","propositional-logic"
"propositional-logic","distribution","recognize","","3","3","0","0","3","3","3","3","0","0","0","0","0","low","tap","choice","distribution","false","propositional-logic"
"propositional-logic","distribution","transform","","3","3","0","0","0","0","3","0","3","0","0","0","0","high","handwriting;math-text;photo","open-reasoning","distribution","false","propositional-logic"
"propositional-logic","equivalence-laws","recognize","","8","8","0","0","8","8","8","8","0","0","0","0","0","low","tap","choice","equivalence-laws","false","propositional-logic"
"propositional-logic","equivalence-laws","transform","","2","2","0","0","0","0","2","0","2","0","0","0","0","low","math-text","structured","equivalence-laws","false","propositional-logic"
"propositional-logic","implication","compute","","2","2","0","0","0","0","2","0","2","0","0","0","0","medium","tap","structured","implication","false","propositional-logic"
"propositional-logic","implication","interpret","","1","1","0","0","1","1","1","1","0","0","0","0","0","low","tap","structured","implication","true","propositional-logic"
"propositional-logic","implication","interpret","equivalent-implication-forms","1","1","1","1","1","1","0","1","0","0","1","3","0","low","tap","choice","implication","false","propositional-logic"
"propositional-logic","implication","interpret","negated-implication-form","1","1","1","1","1","1","0","1","0","0","1","3","0","low","tap","choice","implication","false","propositional-logic"
"propositional-logic","implication","justify","","4","4","0","0","0","0","4","0","0","4","0","0","0","high","handwriting;math-text;photo","open-reasoning","implication","false","propositional-logic"
"propositional-logic","implication","recall","","1","1","0","0","1","1","1","0","1","0","0","0","0","low","tap","structured","implication","true","propositional-logic"
"propositional-logic","implication","recall","antecedent-consequent-roles","1","1","1","1","1","1","0","1","0","0","1","3","0","low","tap","choice","implication","false","propositional-logic"
"propositional-logic","implication","recall","implication-definition","1","1","1","1","1","1","0","1","0","0","1","3","0","low","tap","choice","implication","false","propositional-logic"
"propositional-logic","implication","represent","","2","2","0","0","0","0","2","0","2","0","0","0","0","medium","tap","structured","implication","false","propositional-logic"
"propositional-logic","implication","transform","","7","7","1","1","0","0","6","0","7","0","1","3","0","high;low","handwriting;math-text;photo","open-reasoning;structured","implication","false","propositional-logic"
"propositional-logic","inference-rules","recognize","","4","4","0","0","4","4","4","4","0","0","0","0","0","low","tap","choice","inference-rules","false","propositional-logic"
"propositional-logic","inference-rules","translate","","1","1","0","0","0","0","1","0","1","0","0","0","0","low","math-text;tap","structured","inference-rules","true","propositional-logic"
"propositional-logic","invalid-inference","analyze","","1","1","0","0","1","1","1","0","1","0","0","0","0","low","tap","structured","invalid-inference","true","propositional-logic"
"propositional-logic","invalid-inference","counterexample","","1","1","0","0","1","1","1","0","1","0","0","0","0","low","tap","structured","invalid-inference","true","propositional-logic"
"propositional-logic","invalid-inference","recognize","","3","3","0","0","3","3","3","3","0","0","0","0","0","low","tap","choice","invalid-inference","false","propositional-logic"
"propositional-logic","logical-equivalence","compare","","1","1","0","0","1","1","1","0","1","0","0","0","0","low","tap","structured","logical-equivalence","true","propositional-logic"
"propositional-logic","logical-equivalence","prove","","2","2","0","0","0","0","2","0","0","2","0","0","0","high","handwriting;math-text;photo","open-reasoning","logical-equivalence","false","propositional-logic"
"propositional-logic","logical-equivalence","recall","logical-equivalence-definition","1","1","1","1","1","1","0","1","0","0","1","2","0","low","tap","choice","logical-equivalence","false","propositional-logic"
"propositional-logic","logical-equivalence","recall","truth-table-definition","1","1","1","1","1","1","0","1","0","0","1","2","0","low","tap","choice","logical-equivalence","false","propositional-logic"
"propositional-logic","logical-equivalence","recognize","","1","1","1","1","1","1","0","1","0","0","1","4","0","low","tap","choice","logical-equivalence","false","propositional-logic"
"propositional-logic","logical-equivalence","transform","","1","1","0","0","0","0","1","0","1","0","0","0","0","high","handwriting;math-text;photo","open-reasoning","logical-equivalence","true","propositional-logic"
"propositional-logic","necessary-sufficient","interpret","conditional-language-direction","1","1","1","1","1","1","0","1","0","0","1","4","0","low","tap","choice","necessary-sufficient","false","propositional-logic"
"propositional-logic","necessary-sufficient","recall","necessary-sufficient-definitions","1","1","1","1","1","1","0","1","0","0","1","3","0","low","tap","choice","necessary-sufficient","false","propositional-logic"
"propositional-logic","necessary-sufficient","recognize","","3","3","0","0","3","3","3","3","0","0","0","0","0","low","tap","choice","necessary-sufficient","false","propositional-logic"
"propositional-logic","negation","compute","","1","1","0","0","0","0","1","0","1","0","0","0","0","medium","tap","structured","negation","true","propositional-logic"
"propositional-logic","negation","construct","","2","2","0","0","0","0","2","0","2","0","0","0","0","low","math-text;tap","structured","negation","false","propositional-logic"
"propositional-logic","negation","justify","","2","2","0","0","0","0","2","0","0","2","0","0","0","high","handwriting;math-text;photo","open-reasoning","negation","false","propositional-logic"
"propositional-logic","negation","recall","negation-definition","1","1","1","1","1","1","0","1","0","0","1","2","0","low","tap","choice","negation","false","propositional-logic"
"propositional-logic","negation","recognize","","2","2","1","1","2","2","1","2","0","0","1","4","0","low","tap","choice","negation","false","propositional-logic"
"propositional-logic","negation","represent","","1","1","0","0","0","0","1","0","1","0","0","0","0","medium","tap","structured","negation","true","propositional-logic"
"propositional-logic","negation","transform","","3","3","0","0","0","0","3","0","3","0","0","0","0","high;low","handwriting;math-text;photo","open-reasoning;structured","negation","false","propositional-logic"
"propositional-logic","propositions","recall","proposition-definition","1","1","1","1","1","1","0","1","0","0","1","2","0","low","tap","choice","propositions","false","propositional-logic"
"propositional-logic","propositions","recall","truth-assignment-definition","1","1","1","1","1","1","0","1","0","0","1","2","0","low","tap","choice","propositions","false","propositional-logic"
"propositional-logic","propositions","recall","truth-value-definition","1","1","1","1","1","1","0","1","0","0","1","2","0","low","tap","choice","propositions","false","propositional-logic"
"propositional-logic","propositions","recognize","","9","9","1","1","9","9","8","9","0","0","1","3","0","low","tap","choice;structured","propositions","false","propositional-logic"
"propositional-logic","satisfiability","analyze","","1","1","0","0","0","0","1","0","1","0","0","0","0","low","math-text","structured","satisfiability","true","propositional-logic"
"propositional-logic","satisfiability","construct","","5","5","0","0","4","4","5","0","5","0","0","0","0","low","math-text;tap","structured","satisfiability","false","propositional-logic"
"propositional-logic","satisfiability","counterexample","","1","1","0","0","0","0","1","0","1","0","0","0","0","low","math-text;tap","structured","satisfiability","true","propositional-logic"
"propositional-logic","satisfiability","interpret","","1","1","0","0","1","1","1","0","1","0","0","0","0","low","tap","structured","satisfiability","true","propositional-logic"
"propositional-logic","satisfiability","recall","satisfiability-model-definitions","1","1","1","1","1","1","0","1","0","0","1","3","0","low","tap","choice","satisfiability","false","propositional-logic"
"propositional-logic","truth-classification","counterexample","","1","1","0","0","0","0","1","0","1","0","0","0","0","low","math-text;tap","structured","truth-classification","true","propositional-logic"
"propositional-logic","truth-classification","recall","contingency-definition","1","1","1","1","1","1","0","1","0","0","1","2","0","low","tap","choice","truth-classification","false","propositional-logic"
"propositional-logic","truth-classification","recall","contradiction-definition","1","1","1","1","1","1","0","1","0","0","1","2","0","low","tap","choice","truth-classification","false","propositional-logic"
"propositional-logic","truth-classification","recall","tautology-definition","1","1","1","1","1","1","0","1","0","0","1","2","0","low","tap","choice","truth-classification","false","propositional-logic"
"propositional-logic","truth-classification","recognize","","1","1","0","0","1","1","1","1","0","0","0","0","0","low","tap","choice","truth-classification","true","propositional-logic"
"recurrence-relations","affine-recurrence","analyze","","1","1","0","0","0","0","1","0","1","0","0","0","0","low","math-text","structured","affine-recurrence","true","recurrence-relations"
"recurrence-relations","affine-recurrence","compute","","8","8","0","0","0","0","8","0","8","0","0","0","0","low","math-text","structured","affine-recurrence","false","recurrence-relations"
"recurrence-relations","affine-recurrence","recall","linear-recurrence-language","0","1","0","1","0","1","0","1","0","0","1","2","0","low","tap","choice","affine-recurrence","false",""
"recurrence-relations","affine-recurrence","transform","","1","1","0","0","0","0","1","0","1","0","0","0","0","low","math-text","structured","affine-recurrence","true","recurrence-relations"
"recurrence-relations","characteristic-roots","compute","","4","4","0","0","0","0","4","0","4","0","0","0","0","low","math-text;tap","structured","characteristic-roots","false","recurrence-relations"
"recurrence-relations","characteristic-roots","recall","characteristic-equation-term","0","1","0","1","0","1","0","0","1","0","0","0","0","low","short-text","structured","characteristic-roots","true",""
"recurrence-relations","characteristic-roots","represent","","1","2","0","1","0","0","1","0","2","0","1","2","0","low;medium","math-text","structured","characteristic-roots","false","recurrence-relations"
"recurrence-relations","counting-recurrence","compute","","2","2","0","0","0","0","2","0","2","0","0","0","0","low","math-text;tap","structured","counting-recurrence","false","recurrence-relations"
"recurrence-relations","counting-recurrence","construct","","3","3","0","0","0","0","3","0","3","0","0","0","0","high;low","handwriting;math-text;photo","open-reasoning;structured","counting-recurrence","false","recurrence-relations"
"recurrence-relations","counting-recurrence","justify","","1","1","0","0","0","0","1","0","0","1","0","0","0","high","handwriting;math-text;photo","open-reasoning","counting-recurrence","true","recurrence-relations"
"recurrence-relations","divide-conquer-recurrence","compute","","6","6","0","0","0","0","6","0","6","0","0","0","0","low","math-text","structured","divide-conquer-recurrence","false","recurrence-relations"
"recurrence-relations","divide-conquer-recurrence","justify","","1","1","0","0","0","0","1","0","0","1","0","0","0","high","handwriting;math-text;photo","open-reasoning","divide-conquer-recurrence","true","recurrence-relations"
"recurrence-relations","divide-conquer-recurrence","prove","","1","1","0","0","0","0","1","0","0","1","0","0","0","high","handwriting;math-text;photo","open-reasoning","divide-conquer-recurrence","true","recurrence-relations"
"recurrence-relations","divide-conquer-recurrence","recognize","","1","1","0","0","1","1","1","1","0","0","0","0","0","low","tap","choice","divide-conquer-recurrence","true","recurrence-relations"
"recurrence-relations","divide-conquer-recurrence","represent","","1","1","0","0","0","0","1","0","1","0","0","0","0","high","handwriting;math-text;photo","open-reasoning","divide-conquer-recurrence","true","recurrence-relations"
"recurrence-relations","forced-recurrence","compute","","6","6","0","0","0","0","6","0","6","0","0","0","0","high;low","handwriting;math-text;photo","open-reasoning;structured","forced-recurrence","false","recurrence-relations"
"recurrence-relations","forced-recurrence","transform","","6","6","0","0","0","0","6","0","6","0","0","0","0","high;low","handwriting;math-text;photo","open-reasoning;structured","forced-recurrence","false","recurrence-relations"
"recurrence-relations","recurrence-bounds","analyze","","1","1","0","0","0","0","1","0","1","0","0","0","0","high","handwriting;math-text;photo","open-reasoning","recurrence-bounds","true","recurrence-relations"
"recurrence-relations","recurrence-bounds","counterexample","","1","1","0","0","0","0","1","0","1","0","0","0","0","low","math-text","structured","recurrence-bounds","true","recurrence-relations"
"recurrence-relations","recurrence-bounds","justify","","1","1","0","0","0","0","1","0","0","1","0","0","0","high","handwriting;math-text;photo","open-reasoning","recurrence-bounds","true","recurrence-relations"
"recurrence-relations","recurrence-bounds","prove","","1","1","0","0","0","0","1","0","0","1","0","0","0","high","handwriting;math-text;photo","open-reasoning","recurrence-bounds","true","recurrence-relations"
"recurrence-relations","recurrence-unfolding","compute","","8","8","0","0","0","0","8","0","8","0","0","0","0","high;low","handwriting;math-text;photo","open-reasoning;structured","recurrence-unfolding","false","recurrence-relations"
"recurrence-relations","recurrence-unfolding","transform","","8","8","0","0","0","0","8","0","8","0","0","0","0","high;low","handwriting;math-text;photo","open-reasoning;structured","recurrence-unfolding","false","recurrence-relations"
"recurrence-relations","recurrence-verification","interpret","","1","1","0","0","0","0","1","1","0","0","0","0","0","high","handwriting;math-text;photo","open-reasoning","recurrence-verification","true","recurrence-relations"
"recurrence-relations","recurrence-verification","prove","","2","2","0","0","0","0","2","0","0","2","0","0","0","high","handwriting;math-text;photo","open-reasoning","recurrence-verification","false","recurrence-relations"
"recurrence-relations","recurrence-verification","transform","","1","1","0","0","0","0","1","0","1","0","0","0","0","low","math-text","structured","recurrence-verification","true","recurrence-relations"
"recurrence-relations","recursive-definition","analyze","","2","2","0","0","0","0","2","0","2","0","0","0","0","high;low","handwriting;math-text;photo","open-reasoning;structured","recursive-definition","false","recurrence-relations"
"recurrence-relations","recursive-definition","compute","","4","5","0","1","0","1","4","0","5","0","1","3","0","low","math-text;short-text","structured","recursive-definition","false","recurrence-relations"
"recurrence-relations","recursive-definition","construct","","2","2","0","0","0","0","2","0","2","0","0","0","0","low","math-text","structured","recursive-definition","false","recurrence-relations"
"recurrence-relations","recursive-definition","justify","","1","1","0","0","0","0","1","0","0","1","0","0","0","high","handwriting;math-text;photo","open-reasoning","recursive-definition","true","recurrence-relations"
"recurrence-relations","recursive-definition","prove","","1","1","0","0","0","0","1","0","0","1","0","0","0","high","handwriting;math-text;photo","open-reasoning","recursive-definition","true","recurrence-relations"
"recurrence-relations","recursive-definition","recognize","","1","1","0","0","1","1","1","1","0","0","0","0","0","low","tap","choice","recursive-definition","true","recurrence-relations"
"recurrence-relations","repeated-roots","compute","","4","4","0","0","0","0","4","0","4","0","0","0","0","low","math-text;tap","structured","repeated-roots","false","recurrence-relations"
"recurrence-relations","repeated-roots","justify","","1","1","0","0","0","0","1","0","0","1","0","0","0","high","handwriting;math-text;photo","open-reasoning","repeated-roots","true","recurrence-relations"
"recurrence-relations","repeated-roots","represent","","1","1","0","0","0","0","1","0","1","0","0","0","0","low","math-text","structured","repeated-roots","true","recurrence-relations"
"relations","congruence","recognize","","1","1","0","0","1","1","1","1","0","0","0","0","0","low","tap","choice","congruence","true","relations"
"relations","equivalence-classes","construct","","4","4","0","0","0","0","4","0","4","0","0","0","0","low","math-text","structured","equivalence-classes","false","relations"
"relations","equivalence-classes","prove","","3","3","0","0","0","0","3","0","0","3","0","0","0","high","handwriting;math-text;photo","open-reasoning","equivalence-classes","false","relations"
"relations","equivalence-classes","recall","equivalence-class-term","0","1","0","1","0","1","0","0","1","0","0","0","0","low","short-text","structured","equivalence-classes","true",""
"relations","equivalence-relation","counterexample","","1","1","0","0","0","0","1","0","1","0","0","0","0","low","math-text;tap","structured","equivalence-relation","true","relations"
"relations","equivalence-relation","prove","","3","3","0","0","0","0","3","0","0","3","0","0","0","high","handwriting;math-text;photo","open-reasoning","equivalence-relation","false","relations"
"relations","equivalence-relation","recall","equivalence-relation-term","0","1","0","1","0","1","0","0","1","0","0","0","0","low","short-text","structured","equivalence-relation","true",""
"relations","hasse-diagram","interpret","","2","2","0","0","0","0","2","0","2","0","0","0","0","low","math-text","structured","hasse-diagram","false","relations"
"relations","hasse-diagram","represent","","2","2","0","0","0","0","2","0","2","0","0","0","0","low","math-text","structured","hasse-diagram","false","relations"
"relations","order-extrema","prove","","1","1","0","0","0","0","1","0","0","1","0","0","0","high","handwriting;math-text;photo","open-reasoning","order-extrema","true","relations"
"relations","order-extrema","recognize","","2","2","0","0","2","2","2","2","0","0","0","0","0","low","tap","choice","order-extrema","false","relations"
"relations","partial-order","recall","partial-order-term","0","1","0","1","0","1","0","0","1","0","0","0","0","low","short-text","structured","partial-order","true",""
"relations","partial-order","recognize","","2","2","0","0","2","2","2","2","0","0","0","0","0","low","tap","choice","partial-order","false","relations"
"relations","relation-closure","construct","","7","7","0","0","0","0","7","0","7","0","0","0","0","low","math-text","structured","relation-closure","false","relations"
"relations","relation-closure","recognize","","2","2","0","0","2","2","2","2","0","0","0","0","0","low","tap","choice","relation-closure","false","relations"
"relations","relation-composition","compute","","6","6","0","0","0","0","6","0","6","0","0","0","0","low","math-text","structured","relation-composition","false","relations"
"relations","relation-composition","counterexample","","1","1","0","0","0","0","1","0","1","0","0","0","0","low","math-text","structured","relation-composition","true","relations"
"relations","relation-composition","prove","","3","3","0","0","0","0","3","0","0","3","0","0","0","high","handwriting;math-text;photo","open-reasoning","relation-composition","false","relations"
"relations","relation-properties","counterexample","","5","5","0","0","0","0","5","0","5","0","0","0","0","low","math-text;tap","structured","relation-properties","false","relations"
"relations","relation-properties","prove","","5","5","0","0","0","0","5","0","0","5","0","0","0","high","handwriting;math-text;photo","open-reasoning","relation-properties","false","relations"
"relations","relation-properties","recall","antisymmetric-term","0","1","0","1","0","1","0","0","1","0","0","0","0","low","short-text","structured","relation-properties","true",""
"relations","relation-properties","recall","reflexive-term","0","1","0","1","0","1","0","0","1","0","0","0","0","low","short-text","structured","relation-properties","true",""
"relations","relation-properties","recall","symmetric-term","0","1","0","1","0","1","0","0","1","0","0","0","0","low","short-text","structured","relation-properties","true",""
"relations","relation-properties","recall","transitive-term","0","1","0","1","0","1","0","0","1","0","0","0","0","low","short-text","structured","relation-properties","true",""
"relations","relation-properties","recognize","","5","5","0","0","5","5","5","5","0","0","0","0","0","low","tap","choice","relation-properties","false","relations"
"relations","relation-properties","recognize","symmetry-antisymmetry-distinction","0","1","0","1","0","1","0","1","0","0","1","3","0","low","tap","choice","relation-properties","false",""
"relations","relation-representation","compute","","3","3","0","0","0","0","3","0","3","0","0","0","0","low","math-text;tap","structured","relation-representation","false","relations"
"relations","relation-representation","recall","relation-term","0","1","0","1","0","1","0","0","1","0","0","0","0","low","short-text","structured","relation-representation","true",""
"relations","relation-representation","recognize","","1","1","0","0","1","1","1","1","0","0","0","0","0","low","tap","choice","relation-representation","true","relations"
"relations","relation-representation","represent","","4","4","0","0","0","0","4","0","4","0","0","0","0","low","math-text","structured","relation-representation","false","relations"
"sequences-and-summations","arithmetic-sequence","compute","","3","3","0","0","0","0","3","0","3","0","0","0","0","low","math-text","structured","arithmetic-sequence","false","sequences-and-summations"
"sequences-and-summations","arithmetic-sequence","recall","arithmetic-sequence-term","0","1","0","1","0","1","0","0","1","0","0","0","0","low","short-text","structured","arithmetic-sequence","true",""
"sequences-and-summations","arithmetic-sum","analyze","","1","1","0","0","0","0","1","0","1","0","0","0","0","low","math-text;tap","structured","arithmetic-sum","true","sequences-and-summations"
"sequences-and-summations","arithmetic-sum","compute","","5","5","0","0","0","0","5","0","5","0","0","0","0","low","math-text","structured","arithmetic-sum","false","sequences-and-summations"
"sequences-and-summations","arithmetic-sum","prove","","2","2","0","0","0","0","2","0","0","2","0","0","0","high","handwriting;math-text;photo","open-reasoning","arithmetic-sum","false","sequences-and-summations"
"sequences-and-summations","geometric-sequence","compute","","3","3","0","0","0","0","3","0","3","0","0","0","0","low","math-text","structured","geometric-sequence","false","sequences-and-summations"
"sequences-and-summations","geometric-sequence","recall","geometric-sequence-term","0","1","0","1","0","1","0","0","1","0","0","0","0","low","short-text","structured","geometric-sequence","true",""
"sequences-and-summations","geometric-sequence","recognize","","1","1","0","0","1","1","1","1","0","0","0","0","0","low","tap","choice","geometric-sequence","true","sequences-and-summations"
"sequences-and-summations","geometric-sequence","represent","","1","1","0","0","0","0","1","0","1","0","0","0","0","low","math-text","structured","geometric-sequence","true","sequences-and-summations"
"sequences-and-summations","geometric-sum","compute","","8","8","0","0","0","0","8","0","8","0","0","0","0","high;low","handwriting;math-text;photo;tap","open-reasoning;structured","geometric-sum","false","sequences-and-summations"
"sequences-and-summations","geometric-sum","counterexample","","1","1","0","0","0","0","1","0","1","0","0","0","0","low","math-text","structured","geometric-sum","true","sequences-and-summations"
"sequences-and-summations","geometric-sum","prove","","1","1","0","0","0","0","1","0","0","1","0","0","0","high","handwriting;math-text;photo","open-reasoning","geometric-sum","true","sequences-and-summations"
"sequences-and-summations","geometric-sum","transform","","1","1","0","0","0","0","1","0","1","0","0","0","0","low","math-text","structured","geometric-sum","true","sequences-and-summations"
"sequences-and-summations","nested-sums","compute","","6","6","0","0","0","0","6","0","6","0","0","0","0","low","math-text","structured","nested-sums","false","sequences-and-summations"
"sequences-and-summations","nested-sums","prove","","1","1","0","0","0","0","1","0","0","1","0","0","0","high","handwriting;math-text;photo","open-reasoning","nested-sums","true","sequences-and-summations"
"sequences-and-summations","nested-sums","transform","","2","2","0","0","0","0","2","0","2","0","0","0","0","low","math-text","structured","nested-sums","false","sequences-and-summations"
"sequences-and-summations","products-factorials","compute","","6","6","0","0","0","0","6","0","6","0","0","0","0","low","math-text;tap","structured","products-factorials","false","sequences-and-summations"
"sequences-and-summations","products-factorials","counterexample","","1","1","0","0","0","0","1","0","1","0","0","0","0","low","math-text","structured","products-factorials","true","sequences-and-summations"
"sequences-and-summations","products-factorials","interpret","","1","1","0","0","0","0","1","0","1","0","0","0","0","low","math-text","structured","products-factorials","true","sequences-and-summations"
"sequences-and-summations","products-factorials","prove","","1","1","0","0","0","0","1","0","0","1","0","0","0","high","handwriting;math-text;photo","open-reasoning","products-factorials","true","sequences-and-summations"
"sequences-and-summations","recursive-definition","analyze","","1","1","0","0","0","0","1","0","1","0","0","0","0","low","math-text;tap","structured","recursive-definition","true","sequences-and-summations"
"sequences-and-summations","recursive-definition","compute","","3","3","0","0","0","0","3","0","3","0","0","0","0","low","math-text","structured","recursive-definition","false","sequences-and-summations"
"sequences-and-summations","recursive-definition","justify","","1","1","0","0","0","0","1","0","0","1","0","0","0","high","handwriting;math-text;photo","open-reasoning","recursive-definition","true","sequences-and-summations"
"sequences-and-summations","recursive-definition","recall","initial-condition-term","0","1","0","1","0","1","0","0","1","0","0","0","0","low","short-text","structured","recursive-definition","true",""
"sequences-and-summations","recursive-definition","recall","recurrence-term","0","1","0","1","0","1","0","0","1","0","0","0","0","low","short-text","structured","recursive-definition","true",""
"sequences-and-summations","recursive-definition","recall","recursive-definition-term","0","1","0","1","0","1","0","0","1","0","0","0","0","low","short-text","structured","recursive-definition","true",""
"sequences-and-summations","reindexing","analyze","","1","1","0","0","0","0","1","0","1","0","0","0","0","low","math-text","structured","reindexing","true","sequences-and-summations"
"sequences-and-summations","reindexing","transform","","4","4","0","0","0","0","4","0","4","0","0","0","0","low","math-text","structured","reindexing","false","sequences-and-summations"
"sequences-and-summations","sequence-index","compute","","3","3","0","0","0","0","3","0","3","0","0","0","0","low","math-text;tap","structured","sequence-index","false","sequences-and-summations"
"sequences-and-summations","sequence-index","construct","","1","1","0","0","0","0","1","0","1","0","0","0","0","low","math-text","structured","sequence-index","true","sequences-and-summations"
"sequences-and-summations","sum-bounds","apply","","2","2","0","0","0","0","2","0","2","0","0","0","0","low","math-text","structured","sum-bounds","false","sequences-and-summations"
"sequences-and-summations","sum-bounds","counterexample","","1","1","0","0","0","0","1","0","1","0","0","0","0","low","math-text;tap","structured","sum-bounds","true","sequences-and-summations"
"sequences-and-summations","sum-bounds","prove","","2","2","0","0","0","0","2","0","0","2","0","0","0","high","handwriting;math-text;photo","open-reasoning","sum-bounds","false","sequences-and-summations"
"sequences-and-summations","sum-linearity","transform","","1","1","0","0","0","0","1","0","1","0","0","0","0","low","math-text","structured","sum-linearity","true","sequences-and-summations"
"sequences-and-summations","sum-notation","compute","","3","3","0","0","0","0","3","0","3","0","0","0","0","low","math-text;tap","structured","sum-notation","false","sequences-and-summations"
"sequences-and-summations","sum-notation","compute","summation-term-count","0","1","0","1","0","1","0","0","1","0","1","3","0","low","short-text","structured","sum-notation","false",""
"sequences-and-summations","sum-notation","recognize","","1","1","0","0","1","1","1","1","0","0","0","0","0","low","tap","choice","sum-notation","true","sequences-and-summations"
"sequences-and-summations","sum-notation","represent","","1","1","0","0","0","0","1","0","1","0","0","0","0","low","math-text","structured","sum-notation","true","sequences-and-summations"
"sequences-and-summations","telescoping","compare","","1","1","0","0","0","0","1","0","1","0","0","0","0","high","handwriting;math-text;photo","open-reasoning","telescoping","true","sequences-and-summations"
"sequences-and-summations","telescoping","compute","","4","4","0","0","0","0","4","0","4","0","0","0","0","high;low","handwriting;math-text;photo","open-reasoning;structured","telescoping","false","sequences-and-summations"
"sequences-and-summations","telescoping","recognize","","1","1","0","0","1","1","1","1","0","0","0","0","0","low","tap","choice","telescoping","true","sequences-and-summations"
"sequences-and-summations","telescoping","transform","","2","2","0","0","0","0","2","0","2","0","0","0","0","high;low","handwriting;math-text;photo","open-reasoning;structured","telescoping","false","sequences-and-summations"
"sets-and-set-operations","cartesian-product","compute","","2","2","0","0","0","0","2","0","2","0","0","0","0","low","math-text","structured","cartesian-product","false","sets-and-set-operations"
"sets-and-set-operations","cartesian-product","counterexample","","1","1","0","0","0","0","1","0","1","0","0","0","0","low","math-text","structured","cartesian-product","true","sets-and-set-operations"
"sets-and-set-operations","cartesian-product","prove","","1","1","0","0","0","0","1","0","0","1","0","0","0","high","handwriting;math-text;photo","open-reasoning","cartesian-product","true","sets-and-set-operations"
"sets-and-set-operations","cartesian-product","recall","cartesian-product-term","0","1","0","1","0","1","0","0","1","0","0","0","0","low","short-text","structured","cartesian-product","true",""
"sets-and-set-operations","inclusion-exclusion","compute","","7","7","0","0","0","0","7","0","7","0","0","0","0","low","math-text","structured","inclusion-exclusion","false","sets-and-set-operations"
"sets-and-set-operations","indexed-sets","compute","","2","2","0","0","0","0","2","0","2","0","0","0","0","low","math-text","structured","indexed-sets","false","sets-and-set-operations"
"sets-and-set-operations","indexed-sets","counterexample","","1","1","0","0","0","0","1","0","1","0","0","0","0","low","math-text","structured","indexed-sets","true","sets-and-set-operations"
"sets-and-set-operations","indexed-sets","interpret","","1","1","0","0","1","1","1","1","0","0","0","0","0","low","tap","structured","indexed-sets","true","sets-and-set-operations"
"sets-and-set-operations","membership-subset","recall","element-term","0","1","0","1","0","1","0","0","1","0","0","0","0","low","short-text","structured","membership-subset","true",""
"sets-and-set-operations","membership-subset","recall","proper-subset-term","0","1","0","1","0","1","0","0","1","0","0","0","0","low","short-text","structured","membership-subset","true",""
"sets-and-set-operations","membership-subset","recall","subset-term","0","1","0","1","0","1","0","0","1","0","0","0","0","low","short-text","structured","membership-subset","true",""
"sets-and-set-operations","membership-subset","recognize","","4","4","0","0","4","4","4","4","0","0","0","0","0","low","tap","choice","membership-subset","false","sets-and-set-operations"
"sets-and-set-operations","membership-subset","transform","","1","1","0","0","0","0","1","0","1","0","0","0","0","low","math-text","structured","membership-subset","true","sets-and-set-operations"
"sets-and-set-operations","partitions","compute","","1","1","0","0","0","0","1","0","1","0","0","0","0","low","math-text;tap","structured","partitions","true","sets-and-set-operations"
"sets-and-set-operations","partitions","construct","","1","1","0","0","0","0","1","0","1","0","0","0","0","high","handwriting;math-text;photo","open-reasoning","partitions","true","sets-and-set-operations"
"sets-and-set-operations","partitions","justify","","1","1","0","0","0","0","1","0","0","1","0","0","0","high","handwriting;math-text;photo","open-reasoning","partitions","true","sets-and-set-operations"
"sets-and-set-operations","partitions","prove","","1","1","0","0","0","0","1","0","0","1","0","0","0","high","handwriting;math-text;photo","open-reasoning","partitions","true","sets-and-set-operations"
"sets-and-set-operations","partitions","recall","partition-term","0","1","0","1","0","1","0","0","1","0","0","0","0","low","short-text","structured","partitions","true",""
"sets-and-set-operations","partitions","recognize","","2","2","0","0","2","2","2","2","0","0","0","0","0","low","tap","choice","partitions","false","sets-and-set-operations"
"sets-and-set-operations","power-set","compute","","5","5","0","0","0","0","5","0","5","0","0","0","0","low","math-text;tap","structured","power-set","false","sets-and-set-operations"
"sets-and-set-operations","power-set","counterexample","","1","1","0","0","0","0","1","0","1","0","0","0","0","low","math-text","structured","power-set","true","sets-and-set-operations"
"sets-and-set-operations","power-set","prove","","2","2","0","0","0","0","2","0","0","2","0","0","0","high","handwriting;math-text;photo","open-reasoning","power-set","false","sets-and-set-operations"
"sets-and-set-operations","power-set","recall","power-set-term","0","1","0","1","0","1","0","0","1","0","0","0","0","low","short-text","structured","power-set","true",""
"sets-and-set-operations","power-set","recognize","","2","2","0","0","2","2","2","2","0","0","0","0","0","low","tap","choice","power-set","false","sets-and-set-operations"
"sets-and-set-operations","set-description","compute","","3","3","0","0","0","0","3","0","3","0","0","0","0","low","math-text","structured","set-description","false","sets-and-set-operations"
"sets-and-set-operations","set-description","counterexample","","1","1","0","0","0","0","1","0","1","0","0","0","0","low","math-text;tap","structured","set-description","true","sets-and-set-operations"
"sets-and-set-operations","set-description","recall","cardinality-term","0","1","0","1","0","1","0","0","1","0","0","0","0","low","short-text","structured","set-description","true",""
"sets-and-set-operations","set-description","recall","empty-set-term","0","1","0","1","0","1","0","0","1","0","0","0","0","low","short-text","structured","set-description","true",""
"sets-and-set-operations","set-description","recognize","","1","1","0","0","1","1","1","1","0","0","0","0","0","low","tap","choice","set-description","true","sets-and-set-operations"
"sets-and-set-operations","set-description","represent","","1","1","0","0","0","0","1","0","1","0","0","0","0","low","math-text","structured","set-description","true","sets-and-set-operations"
"sets-and-set-operations","set-identities","counterexample","","2","2","0","0","0","0","2","0","2","0","0","0","0","low","math-text","structured","set-identities","false","sets-and-set-operations"
"sets-and-set-operations","set-identities","justify","","1","1","0","0","0","0","1","0","0","1","0","0","0","high","handwriting;math-text;photo","open-reasoning","set-identities","true","sets-and-set-operations"
"sets-and-set-operations","set-identities","transform","","2","2","0","0","0","0","2","0","2","0","0","0","0","high;low","handwriting;math-text;photo;tap","open-reasoning;structured","set-identities","false","sets-and-set-operations"
"sets-and-set-operations","set-operations","compute","","10","10","0","0","0","0","10","0","10","0","0","0","0","low","math-text","structured","set-operations","false","sets-and-set-operations"
"sets-and-set-operations","set-operations","counterexample","","1","1","0","0","0","0","1","0","1","0","0","0","0","low","math-text","structured","set-operations","true","sets-and-set-operations"
"sets-and-set-operations","set-operations","interpret","finite-set-operation-recognition","0","1","0","1","0","1","0","1","0","0","1","4","0","low","tap","choice","set-operations","false",""
"sets-and-set-operations","set-operations","recall","complement-term","0","1","0","1","0","1","0","0","1","0","0","0","0","low","short-text","structured","set-operations","true",""
"sets-and-set-operations","set-operations","recall","difference-term","0","1","0","1","0","1","0","0","1","0","0","0","0","low","short-text","structured","set-operations","true",""
"sets-and-set-operations","set-operations","recall","disjoint-term","0","1","0","1","0","1","0","0","1","0","0","0","0","low","short-text","structured","set-operations","true",""
"sets-and-set-operations","set-operations","recall","intersection-term","0","1","0","1","0","1","0","0","1","0","0","0","0","low","short-text","structured","set-operations","true",""
"sets-and-set-operations","set-operations","recall","union-term","0","1","0","1","0","1","0","0","1","0","0","0","0","low","short-text","structured","set-operations","true",""
"sets-and-set-operations","set-operations","recall","universe-term","0","1","0","1","0","1","0","0","1","0","0","0","0","low","short-text","structured","set-operations","true",""
"sets-and-set-operations","set-operations","translate","","3","3","0","0","0","0","3","0","3","0","0","0","0","low","math-text","structured","set-operations","false","sets-and-set-operations"
"sets-and-set-operations","set-proofs","prove","","13","13","0","0","0","0","13","0","0","13","0","0","0","high","handwriting;math-text;photo","open-reasoning","set-proofs","false","sets-and-set-operations"
"strong-induction","induction-inequalities","prove","","8","8","0","0","0","0","8","0","0","8","0","0","0","high","handwriting;math-text;photo","open-reasoning","induction-inequalities","false","strong-induction"
"strong-induction","prime-factorization","construct","","1","1","0","0","0","0","1","0","1","0","0","0","0","high","handwriting;math-text;photo","open-reasoning","prime-factorization","true","strong-induction"
"strong-induction","prime-factorization","prove","","1","1","0","0","0","0","1","0","0","1","0","0","0","high","handwriting;math-text;photo","open-reasoning","prime-factorization","true","strong-induction"
"strong-induction","proof-diagnosis","analyze","","1","1","0","0","0","0","1","0","1","0","0","0","0","low","math-text","structured","proof-diagnosis","true","strong-induction"
"strong-induction","proof-diagnosis","transform","","1","1","0","0","0","0","1","0","1","0","0","0","0","low","math-text","structured","proof-diagnosis","true","strong-induction"
"strong-induction","proof-obligations","analyze","","1","1","0","0","0","0","1","0","1","0","0","0","0","high","handwriting;math-text;photo","open-reasoning","proof-obligations","true","strong-induction"
"strong-induction","proof-obligations","justify","","1","1","0","0","0","0","1","0","0","1","0","0","0","high","handwriting;math-text;photo","open-reasoning","proof-obligations","true","strong-induction"
"strong-induction","recursive-correctness","prove","","9","9","0","0","0","0","9","0","0","9","0","0","0","high","handwriting;math-text;photo","open-reasoning","recursive-correctness","false","strong-induction"
"strong-induction","recursive-correctness","recall","well-ordering-domain","0","1","0","1","0","1","0","1","0","0","1","2","0","low","tap","choice","recursive-correctness","false",""
"strong-induction","recursive-definition","compute","","1","1","0","0","0","0","1","0","1","0","0","0","0","low","math-text;tap","structured","recursive-definition","true","strong-induction"
"strong-induction","recursive-definition","construct","","1","1","0","0","0","0","1","0","1","0","0","0","0","high","handwriting;math-text;photo","open-reasoning","recursive-definition","true","strong-induction"
"strong-induction","recursive-definition","prove","","1","1","0","0","0","0","1","0","0","1","0","0","0","high","handwriting;math-text;photo","open-reasoning","recursive-definition","true","strong-induction"
"strong-induction","strong-induction","analyze","","1","1","0","0","0","0","1","0","1","0","0","0","0","low","math-text","structured","strong-induction","true","strong-induction"
"strong-induction","strong-induction","construct","","3","3","0","0","0","0","3","0","3","0","0","0","0","high;low","handwriting;math-text;photo","open-reasoning;structured","strong-induction","false","strong-induction"
"strong-induction","strong-induction","interpret","","7","7","0","0","7","7","7","7","0","0","0","0","0","low","tap","structured","strong-induction","false","strong-induction"
"strong-induction","strong-induction","prove","","11","11","0","0","0","0","11","0","0","11","0","0","0","high","handwriting;math-text;photo","open-reasoning","strong-induction","false","strong-induction"
"strong-induction","strong-induction","recall","strong-induction-term","0","1","0","1","0","1","0","0","1","0","0","0","0","low","short-text","structured","strong-induction","true",""
"strong-induction","strong-induction","recognize","","2","2","0","0","2","2","2","2","0","0","0","0","0","low","tap","choice","strong-induction","false","strong-induction"
"strong-induction","structural-induction","counterexample","","1","1","0","0","0","0","1","0","1","0","0","0","0","low","math-text;short-text","structured","structural-induction","true","strong-induction"
"strong-induction","structural-induction","prove","","4","4","0","0","0","0","4","0","0","4","0","0","0","high","handwriting;math-text;photo","open-reasoning","structural-induction","false","strong-induction"
"strong-induction","uniqueness","interpret","","1","1","0","0","1","1","1","1","0","0","0","0","0","low","tap","structured","uniqueness","true","strong-induction"
"strong-induction","uniqueness","prove","","1","1","0","0","0","0","1","0","0","1","0","0","0","high","handwriting;math-text;photo","open-reasoning","uniqueness","true","strong-induction"
"strong-induction","well-ordering","interpret","","2","2","0","0","1","1","2","2","0","0","0","0","0","high;low","handwriting;math-text;photo;tap","open-reasoning;structured","well-ordering","false","strong-induction"
"strong-induction","well-ordering","justify","","1","1","0","0","0","0","1","0","0","1","0","0","0","high","handwriting;math-text;photo","open-reasoning","well-ordering","true","strong-induction"
"strong-induction","well-ordering","prove","","4","4","0","0","0","0","4","0","0","4","0","0","0","high","handwriting;math-text;photo","open-reasoning","well-ordering","false","strong-induction"
"strong-induction","well-ordering","recognize","","1","1","0","0","1","1","1","1","0","0","0","0","0","low","tap","choice","well-ordering","true","strong-induction"
